CRITICAL - 2026-06-28 03:32:41 --> ParseError: syntax error, unexpected token "return"
[Method: GET, Route: keluarga]
in APPPATH\Controllers\Keluarga.php on line 29.
 1 SYSTEMPATH\Autoloader\Autoloader.php(295): CodeIgniter\Autoloader\Autoloader->includeFile('C:\\laragon\\www\\program_bltd\\app\\Controllers\\Keluarga.php')
 2 SYSTEMPATH\Autoloader\Autoloader.php(271): CodeIgniter\Autoloader\Autoloader->loadInNamespace('App\\Controllers\\Keluarga')
 3 [internal function]: CodeIgniter\Autoloader\Autoloader->loadClass('App\\Controllers\\Keluarga')
 4 SYSTEMPATH\Router\Router.php(792): class_exists('\\App\\Controllers\\Keluarga')
 5 SYSTEMPATH\Router\Router.php(230): CodeIgniter\Router\Router->processRouteAttributes()
 6 SYSTEMPATH\CodeIgniter.php(829): CodeIgniter\Router\Router->handle('keluarga')
 7 SYSTEMPATH\CodeIgniter.php(441): CodeIgniter\CodeIgniter->tryToRouteIt(Object(CodeIgniter\Router\RouteCollection))
 8 SYSTEMPATH\CodeIgniter.php(340): CodeIgniter\CodeIgniter->handleRequest(null, Object(Config\Cache), false)
 9 SYSTEMPATH\Boot.php(417): CodeIgniter\CodeIgniter->run()
10 SYSTEMPATH\Boot.php(68): CodeIgniter\Boot::runCodeIgniter(Object(CodeIgniter\CodeIgniter))
11 FCPATH\index.php(59): CodeIgniter\Boot::bootWeb(Object(Config\Paths))
CRITICAL - 2026-06-28 03:36:08 --> Error: Call to undefined method CodeIgniter\Database\MySQLi\Builder::first()
[Method: GET, Route: keluarga/tambahanggota]
in APPPATH\Models\KeluargaModel.php on line 62.
 1 APPPATH\Controllers\Keluarga.php(28): App\Models\KeluargaModel->cekKKbyId('no_kk')
 2 SYSTEMPATH\CodeIgniter.php(951): App\Controllers\Keluarga->tambahanggota()
 3 SYSTEMPATH\CodeIgniter.php(497): CodeIgniter\CodeIgniter->runController(Object(App\Controllers\Keluarga))
 4 SYSTEMPATH\CodeIgniter.php(340): CodeIgniter\CodeIgniter->handleRequest(null, Object(Config\Cache), false)
 5 SYSTEMPATH\Boot.php(417): CodeIgniter\CodeIgniter->run()
 6 SYSTEMPATH\Boot.php(68): CodeIgniter\Boot::runCodeIgniter(Object(CodeIgniter\CodeIgniter))
 7 FCPATH\index.php(59): CodeIgniter\Boot::bootWeb(Object(Config\Paths))
CRITICAL - 2026-06-28 03:38:09 --> CodeIgniter\View\Exceptions\ViewException: Invalid file: "keluarga/tambahanggota.php"
[Method: GET, Route: keluarga/tambahanggota]
in SYSTEMPATH\Exceptions\FrameworkException.php on line 39.
 1 SYSTEMPATH\View\View.php(228): CodeIgniter\Exceptions\FrameworkException::forInvalidFile('keluarga/tambahanggota.php')
 2 SYSTEMPATH\Common.php(1250): CodeIgniter\View\View->render('keluarga/tambahanggota', [], true)
 3 APPPATH\Controllers\Keluarga.php(29): view('keluarga/tambahanggota', [...])
 4 SYSTEMPATH\CodeIgniter.php(951): App\Controllers\Keluarga->tambahanggota()
 5 SYSTEMPATH\CodeIgniter.php(497): CodeIgniter\CodeIgniter->runController(Object(App\Controllers\Keluarga))
 6 SYSTEMPATH\CodeIgniter.php(340): CodeIgniter\CodeIgniter->handleRequest(null, Object(Config\Cache), false)
 7 SYSTEMPATH\Boot.php(417): CodeIgniter\CodeIgniter->run()
 8 SYSTEMPATH\Boot.php(68): CodeIgniter\Boot::runCodeIgniter(Object(CodeIgniter\CodeIgniter))
 9 FCPATH\index.php(59): CodeIgniter\Boot::bootWeb(Object(Config\Paths))
CRITICAL - 2026-06-28 03:44:45 --> ErrorException: Trying to access array offset on null
[Method: GET, Route: keluarga/tambahanggota]
in APPPATH\Views\penduduk\tambahAnggota.php on line 26.
 1 APPPATH\Views\penduduk\tambahAnggota.php(26): CodeIgniter\Debug\Exceptions->errorHandler(2, 'Trying to access array offset on null', 'C:\\laragon\\www\\program_bltd\\app\\Views\\penduduk\\tambahAnggota.php', 26)
 2 SYSTEMPATH\View\View.php(240): include('C:\\laragon\\www\\program_bltd\\app\\Views\\penduduk\\tambahAnggota.php')
 3 SYSTEMPATH\View\View.php(243): CodeIgniter\View\View->CodeIgniter\View\{closure}()
 4 SYSTEMPATH\Common.php(1250): CodeIgniter\View\View->render('penduduk/tambahanggota', [], true)
 5 APPPATH\Controllers\Keluarga.php(29): view('penduduk/tambahanggota', [...])
 6 SYSTEMPATH\CodeIgniter.php(951): App\Controllers\Keluarga->tambahanggota()
 7 SYSTEMPATH\CodeIgniter.php(497): CodeIgniter\CodeIgniter->runController(Object(App\Controllers\Keluarga))
 8 SYSTEMPATH\CodeIgniter.php(340): CodeIgniter\CodeIgniter->handleRequest(null, Object(Config\Cache), false)
 9 SYSTEMPATH\Boot.php(417): CodeIgniter\CodeIgniter->run()
10 SYSTEMPATH\Boot.php(68): CodeIgniter\Boot::runCodeIgniter(Object(CodeIgniter\CodeIgniter))
11 FCPATH\index.php(59): CodeIgniter\Boot::bootWeb(Object(Config\Paths))
CRITICAL - 2026-06-28 03:45:18 --> CodeIgniter\View\Exceptions\ViewException: Invalid file: "../dashboard/header_view.php"
[Method: GET, Route: keluarga/tambahanggota]
in SYSTEMPATH\Exceptions\FrameworkException.php on line 39.
 1 SYSTEMPATH\View\View.php(228): CodeIgniter\Exceptions\FrameworkException::forInvalidFile('../dashboard/header_view.php')
 2 SYSTEMPATH\Common.php(1250): CodeIgniter\View\View->render('../dashboard/header_view', [], true)
 3 APPPATH\Views\penduduk\tambahAnggota.php(1): view('../dashboard/header_view')
 4 SYSTEMPATH\View\View.php(240): include('C:\\laragon\\www\\program_bltd\\app\\Views\\penduduk\\tambahAnggota.php')
 5 SYSTEMPATH\View\View.php(243): CodeIgniter\View\View->CodeIgniter\View\{closure}()
 6 SYSTEMPATH\Common.php(1250): CodeIgniter\View\View->render('penduduk/tambahanggota', [], true)
 7 APPPATH\Controllers\Keluarga.php(29): view('penduduk/tambahanggota', [...])
 8 SYSTEMPATH\CodeIgniter.php(951): App\Controllers\Keluarga->tambahanggota()
 9 SYSTEMPATH\CodeIgniter.php(497): CodeIgniter\CodeIgniter->runController(Object(App\Controllers\Keluarga))
10 SYSTEMPATH\CodeIgniter.php(340): CodeIgniter\CodeIgniter->handleRequest(null, Object(Config\Cache), false)
11 SYSTEMPATH\Boot.php(417): CodeIgniter\CodeIgniter->run()
12 SYSTEMPATH\Boot.php(68): CodeIgniter\Boot::runCodeIgniter(Object(CodeIgniter\CodeIgniter))
13 FCPATH\index.php(59): CodeIgniter\Boot::bootWeb(Object(Config\Paths))
CRITICAL - 2026-06-28 04:49:38 --> ErrorException: Undefined array key "kepala_keluarga"
[Method: GET, Route: tambahanggota]
in APPPATH\Views\penduduk\tambahAnggota.php on line 74.
 1 APPPATH\Views\penduduk\tambahAnggota.php(74): CodeIgniter\Debug\Exceptions->errorHandler(2, 'Undefined array key "kepala_keluarga"', 'C:\\laragon\\www\\program_bltd\\app\\Views\\penduduk\\tambahAnggota.php', 74)
 2 SYSTEMPATH\View\View.php(240): include('C:\\laragon\\www\\program_bltd\\app\\Views\\penduduk\\tambahAnggota.php')
 3 SYSTEMPATH\View\View.php(243): CodeIgniter\View\View->CodeIgniter\View\{closure}()
 4 SYSTEMPATH\Common.php(1250): CodeIgniter\View\View->render('penduduk/tambahanggota', [], true)
 5 APPPATH\Controllers\Keluarga.php(29): view('penduduk/tambahanggota', [...])
 6 SYSTEMPATH\CodeIgniter.php(951): App\Controllers\Keluarga->tambahanggota()
 7 SYSTEMPATH\CodeIgniter.php(497): CodeIgniter\CodeIgniter->runController(Object(App\Controllers\Keluarga))
 8 SYSTEMPATH\CodeIgniter.php(340): CodeIgniter\CodeIgniter->handleRequest(null, Object(Config\Cache), false)
 9 SYSTEMPATH\Boot.php(417): CodeIgniter\CodeIgniter->run()
10 SYSTEMPATH\Boot.php(68): CodeIgniter\Boot::runCodeIgniter(Object(CodeIgniter\CodeIgniter))
11 FCPATH\index.php(59): CodeIgniter\Boot::bootWeb(Object(Config\Paths))
CRITICAL - 2026-06-28 04:50:23 --> ErrorException: Undefined array key "kepala_keluarga"
[Method: GET, Route: tambahanggota]
in APPPATH\Views\penduduk\tambahAnggota.php on line 74.
 1 APPPATH\Views\penduduk\tambahAnggota.php(74): CodeIgniter\Debug\Exceptions->errorHandler(2, 'Undefined array key "kepala_keluarga"', 'C:\\laragon\\www\\program_bltd\\app\\Views\\penduduk\\tambahAnggota.php', 74)
 2 SYSTEMPATH\View\View.php(240): include('C:\\laragon\\www\\program_bltd\\app\\Views\\penduduk\\tambahAnggota.php')
 3 SYSTEMPATH\View\View.php(243): CodeIgniter\View\View->CodeIgniter\View\{closure}()
 4 SYSTEMPATH\Common.php(1250): CodeIgniter\View\View->render('penduduk/tambahanggota', [], true)
 5 APPPATH\Controllers\Keluarga.php(29): view('penduduk/tambahanggota', [...])
 6 SYSTEMPATH\CodeIgniter.php(951): App\Controllers\Keluarga->tambahanggota()
 7 SYSTEMPATH\CodeIgniter.php(497): CodeIgniter\CodeIgniter->runController(Object(App\Controllers\Keluarga))
 8 SYSTEMPATH\CodeIgniter.php(340): CodeIgniter\CodeIgniter->handleRequest(null, Object(Config\Cache), false)
 9 SYSTEMPATH\Boot.php(417): CodeIgniter\CodeIgniter->run()
10 SYSTEMPATH\Boot.php(68): CodeIgniter\Boot::runCodeIgniter(Object(CodeIgniter\CodeIgniter))
11 FCPATH\index.php(59): CodeIgniter\Boot::bootWeb(Object(Config\Paths))
CRITICAL - 2026-06-28 06:04:39 --> Error: Class "App\Controllers\PekerjaanModel" not found
[Method: GET, Route: tambahanggota]
in APPPATH\Controllers\Keluarga.php on line 18.
 1 SYSTEMPATH\CodeIgniter.php(921): App\Controllers\Keluarga->__construct()
 2 SYSTEMPATH\CodeIgniter.php(488): CodeIgniter\CodeIgniter->createController()
 3 SYSTEMPATH\CodeIgniter.php(340): CodeIgniter\CodeIgniter->handleRequest(null, Object(Config\Cache), false)
 4 SYSTEMPATH\Boot.php(417): CodeIgniter\CodeIgniter->run()
 5 SYSTEMPATH\Boot.php(68): CodeIgniter\Boot::runCodeIgniter(Object(CodeIgniter\CodeIgniter))
 6 FCPATH\index.php(59): CodeIgniter\Boot::bootWeb(Object(Config\Paths))
CRITICAL - 2026-06-28 06:05:26 --> Error: Class "App\Controllers\PekerjaanModel" not found
[Method: GET, Route: tambahanggota]
in APPPATH\Controllers\Keluarga.php on line 18.
 1 SYSTEMPATH\CodeIgniter.php(921): App\Controllers\Keluarga->__construct()
 2 SYSTEMPATH\CodeIgniter.php(488): CodeIgniter\CodeIgniter->createController()
 3 SYSTEMPATH\CodeIgniter.php(340): CodeIgniter\CodeIgniter->handleRequest(null, Object(Config\Cache), false)
 4 SYSTEMPATH\Boot.php(417): CodeIgniter\CodeIgniter->run()
 5 SYSTEMPATH\Boot.php(68): CodeIgniter\Boot::runCodeIgniter(Object(CodeIgniter\CodeIgniter))
 6 FCPATH\index.php(59): CodeIgniter\Boot::bootWeb(Object(Config\Paths))
CRITICAL - 2026-06-28 06:05:52 --> Error: Class "App\Controllers\PekerjaanModel" not found
[Method: GET, Route: tambahanggota]
in APPPATH\Controllers\Keluarga.php on line 18.
 1 SYSTEMPATH\CodeIgniter.php(921): App\Controllers\Keluarga->__construct()
 2 SYSTEMPATH\CodeIgniter.php(488): CodeIgniter\CodeIgniter->createController()
 3 SYSTEMPATH\CodeIgniter.php(340): CodeIgniter\CodeIgniter->handleRequest(null, Object(Config\Cache), false)
 4 SYSTEMPATH\Boot.php(417): CodeIgniter\CodeIgniter->run()
 5 SYSTEMPATH\Boot.php(68): CodeIgniter\Boot::runCodeIgniter(Object(CodeIgniter\CodeIgniter))
 6 FCPATH\index.php(59): CodeIgniter\Boot::bootWeb(Object(Config\Paths))
CRITICAL - 2026-06-28 06:11:16 --> ErrorException: Undefined array key "no_kk"
[Method: GET, Route: tambahanggota]
in APPPATH\Views\penduduk\tambahAnggota.php on line 34.
 1 APPPATH\Views\penduduk\tambahAnggota.php(34): CodeIgniter\Debug\Exceptions->errorHandler(2, 'Undefined array key "no_kk"', 'C:\\laragon\\www\\program_bltd\\app\\Views\\penduduk\\tambahAnggota.php', 34)
 2 SYSTEMPATH\View\View.php(240): include('C:\\laragon\\www\\program_bltd\\app\\Views\\penduduk\\tambahAnggota.php')
 3 SYSTEMPATH\View\View.php(243): CodeIgniter\View\View->CodeIgniter\View\{closure}()
 4 SYSTEMPATH\Common.php(1250): CodeIgniter\View\View->render('penduduk/tambahanggota', [], true)
 5 APPPATH\Controllers\Keluarga.php(37): view('penduduk/tambahanggota', [...])
 6 SYSTEMPATH\CodeIgniter.php(951): App\Controllers\Keluarga->tambahanggota()
 7 SYSTEMPATH\CodeIgniter.php(497): CodeIgniter\CodeIgniter->runController(Object(App\Controllers\Keluarga))
 8 SYSTEMPATH\CodeIgniter.php(340): CodeIgniter\CodeIgniter->handleRequest(null, Object(Config\Cache), false)
 9 SYSTEMPATH\Boot.php(417): CodeIgniter\CodeIgniter->run()
10 SYSTEMPATH\Boot.php(68): CodeIgniter\Boot::runCodeIgniter(Object(CodeIgniter\CodeIgniter))
11 FCPATH\index.php(59): CodeIgniter\Boot::bootWeb(Object(Config\Paths))
CRITICAL - 2026-06-28 06:11:54 --> ParseError: syntax error, unexpected token ";", expecting "]"
[Method: GET, Route: tambahanggota]
in APPPATH\Controllers\Keluarga.php on line 34.
 1 SYSTEMPATH\Autoloader\Autoloader.php(295): CodeIgniter\Autoloader\Autoloader->includeFile('C:\\laragon\\www\\program_bltd\\app\\Controllers\\Keluarga.php')
 2 SYSTEMPATH\Autoloader\Autoloader.php(271): CodeIgniter\Autoloader\Autoloader->loadInNamespace('App\\Controllers\\Keluarga')
 3 [internal function]: CodeIgniter\Autoloader\Autoloader->loadClass('App\\Controllers\\Keluarga')
 4 SYSTEMPATH\Router\Router.php(792): class_exists('\\App\\Controllers\\Keluarga')
 5 SYSTEMPATH\Router\Router.php(230): CodeIgniter\Router\Router->processRouteAttributes()
 6 SYSTEMPATH\CodeIgniter.php(829): CodeIgniter\Router\Router->handle('tambahanggota')
 7 SYSTEMPATH\CodeIgniter.php(441): CodeIgniter\CodeIgniter->tryToRouteIt(Object(CodeIgniter\Router\RouteCollection))
 8 SYSTEMPATH\CodeIgniter.php(340): CodeIgniter\CodeIgniter->handleRequest(null, Object(Config\Cache), false)
 9 SYSTEMPATH\Boot.php(417): CodeIgniter\CodeIgniter->run()
10 SYSTEMPATH\Boot.php(68): CodeIgniter\Boot::runCodeIgniter(Object(CodeIgniter\CodeIgniter))
11 FCPATH\index.php(59): CodeIgniter\Boot::bootWeb(Object(Config\Paths))
CRITICAL - 2026-06-28 06:12:08 --> Error: Class "App\Controllers\PekerjaanModel" not found
[Method: GET, Route: tambahanggota]
in APPPATH\Controllers\Keluarga.php on line 18.
 1 SYSTEMPATH\CodeIgniter.php(921): App\Controllers\Keluarga->__construct()
 2 SYSTEMPATH\CodeIgniter.php(488): CodeIgniter\CodeIgniter->createController()
 3 SYSTEMPATH\CodeIgniter.php(340): CodeIgniter\CodeIgniter->handleRequest(null, Object(Config\Cache), false)
 4 SYSTEMPATH\Boot.php(417): CodeIgniter\CodeIgniter->run()
 5 SYSTEMPATH\Boot.php(68): CodeIgniter\Boot::runCodeIgniter(Object(CodeIgniter\CodeIgniter))
 6 FCPATH\index.php(59): CodeIgniter\Boot::bootWeb(Object(Config\Paths))
CRITICAL - 2026-06-28 06:13:25 --> CodeIgniter\Exceptions\BadMethodCallException: Call to undefined method App\Models\PekerjaanModel::ambilDataPekerjaan
[Method: GET, Route: tambahanggota]
in SYSTEMPATH\Model.php on line 761.
 1 APPPATH\Controllers\Keluarga.php(35): CodeIgniter\Model->__call('ambilDataPekerjaan', [])
 2 SYSTEMPATH\CodeIgniter.php(951): App\Controllers\Keluarga->tambahanggota()
 3 SYSTEMPATH\CodeIgniter.php(497): CodeIgniter\CodeIgniter->runController(Object(App\Controllers\Keluarga))
 4 SYSTEMPATH\CodeIgniter.php(340): CodeIgniter\CodeIgniter->handleRequest(null, Object(Config\Cache), false)
 5 SYSTEMPATH\Boot.php(417): CodeIgniter\CodeIgniter->run()
 6 SYSTEMPATH\Boot.php(68): CodeIgniter\Boot::runCodeIgniter(Object(CodeIgniter\CodeIgniter))
 7 FCPATH\index.php(59): CodeIgniter\Boot::bootWeb(Object(Config\Paths))
CRITICAL - 2026-06-28 06:13:52 --> Error: Class "App\Controllers\PekerjaanModel" not found
[Method: GET, Route: tambahanggota]
in APPPATH\Controllers\Keluarga.php on line 18.
 1 SYSTEMPATH\CodeIgniter.php(921): App\Controllers\Keluarga->__construct()
 2 SYSTEMPATH\CodeIgniter.php(488): CodeIgniter\CodeIgniter->createController()
 3 SYSTEMPATH\CodeIgniter.php(340): CodeIgniter\CodeIgniter->handleRequest(null, Object(Config\Cache), false)
 4 SYSTEMPATH\Boot.php(417): CodeIgniter\CodeIgniter->run()
 5 SYSTEMPATH\Boot.php(68): CodeIgniter\Boot::runCodeIgniter(Object(CodeIgniter\CodeIgniter))
 6 FCPATH\index.php(59): CodeIgniter\Boot::bootWeb(Object(Config\Paths))
CRITICAL - 2026-06-28 06:14:20 --> Error: Call to a member function ambilDataPekerjaan() on null
[Method: GET, Route: tambahanggota]
in APPPATH\Controllers\Keluarga.php on line 35.
 1 SYSTEMPATH\CodeIgniter.php(951): App\Controllers\Keluarga->tambahanggota()
 2 SYSTEMPATH\CodeIgniter.php(497): CodeIgniter\CodeIgniter->runController(Object(App\Controllers\Keluarga))
 3 SYSTEMPATH\CodeIgniter.php(340): CodeIgniter\CodeIgniter->handleRequest(null, Object(Config\Cache), false)
 4 SYSTEMPATH\Boot.php(417): CodeIgniter\CodeIgniter->run()
 5 SYSTEMPATH\Boot.php(68): CodeIgniter\Boot::runCodeIgniter(Object(CodeIgniter\CodeIgniter))
 6 FCPATH\index.php(59): CodeIgniter\Boot::bootWeb(Object(Config\Paths))
CRITICAL - 2026-06-28 06:16:10 --> Error: Class "App\Controllers\PekerjaanModel" not found
[Method: GET, Route: tambahanggota]
in APPPATH\Controllers\Keluarga.php on line 18.
 1 SYSTEMPATH\CodeIgniter.php(921): App\Controllers\Keluarga->__construct()
 2 SYSTEMPATH\CodeIgniter.php(488): CodeIgniter\CodeIgniter->createController()
 3 SYSTEMPATH\CodeIgniter.php(340): CodeIgniter\CodeIgniter->handleRequest(null, Object(Config\Cache), false)
 4 SYSTEMPATH\Boot.php(417): CodeIgniter\CodeIgniter->run()
 5 SYSTEMPATH\Boot.php(68): CodeIgniter\Boot::runCodeIgniter(Object(CodeIgniter\CodeIgniter))
 6 FCPATH\index.php(59): CodeIgniter\Boot::bootWeb(Object(Config\Paths))
CRITICAL - 2026-06-28 06:16:46 --> Error: Class "App\Controllers\PekerjaanModel" not found
[Method: GET, Route: tambahanggota]
in APPPATH\Controllers\Keluarga.php on line 18.
 1 SYSTEMPATH\CodeIgniter.php(921): App\Controllers\Keluarga->__construct()
 2 SYSTEMPATH\CodeIgniter.php(488): CodeIgniter\CodeIgniter->createController()
 3 SYSTEMPATH\CodeIgniter.php(340): CodeIgniter\CodeIgniter->handleRequest(null, Object(Config\Cache), false)
 4 SYSTEMPATH\Boot.php(417): CodeIgniter\CodeIgniter->run()
 5 SYSTEMPATH\Boot.php(68): CodeIgniter\Boot::runCodeIgniter(Object(CodeIgniter\CodeIgniter))
 6 FCPATH\index.php(59): CodeIgniter\Boot::bootWeb(Object(Config\Paths))
CRITICAL - 2026-06-28 06:18:43 --> ErrorException: Undefined array key "no_kk"
[Method: GET, Route: tambahanggota]
in APPPATH\Views\penduduk\tambahAnggota.php on line 34.
 1 APPPATH\Views\penduduk\tambahAnggota.php(34): CodeIgniter\Debug\Exceptions->errorHandler(2, 'Undefined array key "no_kk"', 'C:\\laragon\\www\\program_bltd\\app\\Views\\penduduk\\tambahAnggota.php', 34)
 2 SYSTEMPATH\View\View.php(240): include('C:\\laragon\\www\\program_bltd\\app\\Views\\penduduk\\tambahAnggota.php')
 3 SYSTEMPATH\View\View.php(243): CodeIgniter\View\View->CodeIgniter\View\{closure}()
 4 SYSTEMPATH\Common.php(1250): CodeIgniter\View\View->render('penduduk/tambahanggota', [], true)
 5 APPPATH\Controllers\Keluarga.php(35): view('penduduk/tambahanggota', [...])
 6 SYSTEMPATH\CodeIgniter.php(951): App\Controllers\Keluarga->tambahanggota()
 7 SYSTEMPATH\CodeIgniter.php(497): CodeIgniter\CodeIgniter->runController(Object(App\Controllers\Keluarga))
 8 SYSTEMPATH\CodeIgniter.php(340): CodeIgniter\CodeIgniter->handleRequest(null, Object(Config\Cache), false)
 9 SYSTEMPATH\Boot.php(417): CodeIgniter\CodeIgniter->run()
10 SYSTEMPATH\Boot.php(68): CodeIgniter\Boot::runCodeIgniter(Object(CodeIgniter\CodeIgniter))
11 FCPATH\index.php(59): CodeIgniter\Boot::bootWeb(Object(Config\Paths))
CRITICAL - 2026-06-28 06:19:48 --> Error: Class "App\Controllers\PekerjaanModel" not found
[Method: GET, Route: tambahanggota]
in APPPATH\Controllers\Keluarga.php on line 18.
 1 SYSTEMPATH\CodeIgniter.php(921): App\Controllers\Keluarga->__construct()
 2 SYSTEMPATH\CodeIgniter.php(488): CodeIgniter\CodeIgniter->createController()
 3 SYSTEMPATH\CodeIgniter.php(340): CodeIgniter\CodeIgniter->handleRequest(null, Object(Config\Cache), false)
 4 SYSTEMPATH\Boot.php(417): CodeIgniter\CodeIgniter->run()
 5 SYSTEMPATH\Boot.php(68): CodeIgniter\Boot::runCodeIgniter(Object(CodeIgniter\CodeIgniter))
 6 FCPATH\index.php(59): CodeIgniter\Boot::bootWeb(Object(Config\Paths))
CRITICAL - 2026-06-28 06:34:54 --> Error: Class "App\Controllers\PekerjaanModel" not found
[Method: GET, Route: tambahanggota]
in APPPATH\Controllers\Keluarga.php on line 18.
 1 SYSTEMPATH\CodeIgniter.php(921): App\Controllers\Keluarga->__construct()
 2 SYSTEMPATH\CodeIgniter.php(488): CodeIgniter\CodeIgniter->createController()
 3 SYSTEMPATH\CodeIgniter.php(340): CodeIgniter\CodeIgniter->handleRequest(null, Object(Config\Cache), false)
 4 SYSTEMPATH\Boot.php(417): CodeIgniter\CodeIgniter->run()
 5 SYSTEMPATH\Boot.php(68): CodeIgniter\Boot::runCodeIgniter(Object(CodeIgniter\CodeIgniter))
 6 FCPATH\index.php(59): CodeIgniter\Boot::bootWeb(Object(Config\Paths))
CRITICAL - 2026-06-28 06:36:54 --> Error: Class "App\Controllers\PekerjaanModel" not found
[Method: GET, Route: tambahanggota]
in APPPATH\Controllers\Keluarga.php on line 18.
 1 SYSTEMPATH\CodeIgniter.php(921): App\Controllers\Keluarga->__construct()
 2 SYSTEMPATH\CodeIgniter.php(488): CodeIgniter\CodeIgniter->createController()
 3 SYSTEMPATH\CodeIgniter.php(340): CodeIgniter\CodeIgniter->handleRequest(null, Object(Config\Cache), false)
 4 SYSTEMPATH\Boot.php(417): CodeIgniter\CodeIgniter->run()
 5 SYSTEMPATH\Boot.php(68): CodeIgniter\Boot::runCodeIgniter(Object(CodeIgniter\CodeIgniter))
 6 FCPATH\index.php(59): CodeIgniter\Boot::bootWeb(Object(Config\Paths))
CRITICAL - 2026-06-28 06:48:48 --> ParseError: syntax error, unexpected token "=", expecting "]"
[Method: GET, Route: tambahanggota]
in APPPATH\Controllers\Keluarga.php on line 34.
 1 SYSTEMPATH\Autoloader\Autoloader.php(295): CodeIgniter\Autoloader\Autoloader->includeFile('C:\\laragon\\www\\program_bltd\\app\\Controllers\\Keluarga.php')
 2 SYSTEMPATH\Autoloader\Autoloader.php(271): CodeIgniter\Autoloader\Autoloader->loadInNamespace('App\\Controllers\\Keluarga')
 3 [internal function]: CodeIgniter\Autoloader\Autoloader->loadClass('App\\Controllers\\Keluarga')
 4 SYSTEMPATH\Router\Router.php(792): class_exists('\\App\\Controllers\\Keluarga')
 5 SYSTEMPATH\Router\Router.php(230): CodeIgniter\Router\Router->processRouteAttributes()
 6 SYSTEMPATH\CodeIgniter.php(829): CodeIgniter\Router\Router->handle('tambahanggota')
 7 SYSTEMPATH\CodeIgniter.php(441): CodeIgniter\CodeIgniter->tryToRouteIt(Object(CodeIgniter\Router\RouteCollection))
 8 SYSTEMPATH\CodeIgniter.php(340): CodeIgniter\CodeIgniter->handleRequest(null, Object(Config\Cache), false)
 9 SYSTEMPATH\Boot.php(417): CodeIgniter\CodeIgniter->run()
10 SYSTEMPATH\Boot.php(68): CodeIgniter\Boot::runCodeIgniter(Object(CodeIgniter\CodeIgniter))
11 FCPATH\index.php(59): CodeIgniter\Boot::bootWeb(Object(Config\Paths))
CRITICAL - 2026-06-28 06:49:04 --> ParseError: syntax error, unexpected token "=", expecting "]"
[Method: GET, Route: tambahanggota]
in APPPATH\Controllers\Keluarga.php on line 34.
 1 SYSTEMPATH\Autoloader\Autoloader.php(295): CodeIgniter\Autoloader\Autoloader->includeFile('C:\\laragon\\www\\program_bltd\\app\\Controllers\\Keluarga.php')
 2 SYSTEMPATH\Autoloader\Autoloader.php(271): CodeIgniter\Autoloader\Autoloader->loadInNamespace('App\\Controllers\\Keluarga')
 3 [internal function]: CodeIgniter\Autoloader\Autoloader->loadClass('App\\Controllers\\Keluarga')
 4 SYSTEMPATH\Router\Router.php(792): class_exists('\\App\\Controllers\\Keluarga')
 5 SYSTEMPATH\Router\Router.php(230): CodeIgniter\Router\Router->processRouteAttributes()
 6 SYSTEMPATH\CodeIgniter.php(829): CodeIgniter\Router\Router->handle('tambahanggota')
 7 SYSTEMPATH\CodeIgniter.php(441): CodeIgniter\CodeIgniter->tryToRouteIt(Object(CodeIgniter\Router\RouteCollection))
 8 SYSTEMPATH\CodeIgniter.php(340): CodeIgniter\CodeIgniter->handleRequest(null, Object(Config\Cache), false)
 9 SYSTEMPATH\Boot.php(417): CodeIgniter\CodeIgniter->run()
10 SYSTEMPATH\Boot.php(68): CodeIgniter\Boot::runCodeIgniter(Object(CodeIgniter\CodeIgniter))
11 FCPATH\index.php(59): CodeIgniter\Boot::bootWeb(Object(Config\Paths))
CRITICAL - 2026-06-28 07:12:34 --> ParseError: syntax error, unexpected token ";", expecting "]"
[Method: GET, Route: tambahanggota]
in APPPATH\Controllers\Keluarga.php on line 35.
 1 SYSTEMPATH\Autoloader\Autoloader.php(295): CodeIgniter\Autoloader\Autoloader->includeFile('C:\\laragon\\www\\program_bltd\\app\\Controllers\\Keluarga.php')
 2 SYSTEMPATH\Autoloader\Autoloader.php(271): CodeIgniter\Autoloader\Autoloader->loadInNamespace('App\\Controllers\\Keluarga')
 3 [internal function]: CodeIgniter\Autoloader\Autoloader->loadClass('App\\Controllers\\Keluarga')
 4 SYSTEMPATH\Router\Router.php(792): class_exists('\\App\\Controllers\\Keluarga')
 5 SYSTEMPATH\Router\Router.php(230): CodeIgniter\Router\Router->processRouteAttributes()
 6 SYSTEMPATH\CodeIgniter.php(829): CodeIgniter\Router\Router->handle('tambahanggota')
 7 SYSTEMPATH\CodeIgniter.php(441): CodeIgniter\CodeIgniter->tryToRouteIt(Object(CodeIgniter\Router\RouteCollection))
 8 SYSTEMPATH\CodeIgniter.php(340): CodeIgniter\CodeIgniter->handleRequest(null, Object(Config\Cache), false)
 9 SYSTEMPATH\Boot.php(417): CodeIgniter\CodeIgniter->run()
10 SYSTEMPATH\Boot.php(68): CodeIgniter\Boot::runCodeIgniter(Object(CodeIgniter\CodeIgniter))
11 FCPATH\index.php(59): CodeIgniter\Boot::bootWeb(Object(Config\Paths))
ERROR - 2026-06-28 07:12:51 --> Table 'program_bltd.anggota' doesn't exist
in SYSTEMPATH\Database\MySQLi\Connection.php on line 300.
 1 SYSTEMPATH\Database\MySQLi\Connection.php(300): mysqli->query('SELECT `detail_anggota`.*, `pekerjaan`.`nama_pekerjaan`
FROM `detail_anggota`
LEFT JOIN `pekerjaan` ON `pekerjaan`.`id_pekerjaan`=`detail_anggota`.`id_pekerjaan`
JOIN `anggota` ON `detail_anggota`.`id_kk`=`anggota`.`id_kk`
WHERE `anggota`.`no_kk` = \'1111111111110002\'
AND `hubungan_keluarga` = \'Kepala Keluarga\'
 LIMIT 1', 0)
 2 SYSTEMPATH\Database\BaseConnection.php(910): CodeIgniter\Database\MySQLi\Connection->execute('SELECT `detail_anggota`.*, `pekerjaan`.`nama_pekerjaan`
FROM `detail_anggota`
LEFT JOIN `pekerjaan` ON `pekerjaan`.`id_pekerjaan`=`detail_anggota`.`id_pekerjaan`
JOIN `anggota` ON `detail_anggota`.`id_kk`=`anggota`.`id_kk`
WHERE `anggota`.`no_kk` = \'1111111111110002\'
AND `hubungan_keluarga` = \'Kepala Keluarga\'
 LIMIT 1')
 3 SYSTEMPATH\Database\BaseConnection.php(827): CodeIgniter\Database\BaseConnection->simpleQuery('SELECT `detail_anggota`.*, `pekerjaan`.`nama_pekerjaan`
FROM `detail_anggota`
LEFT JOIN `pekerjaan` ON `pekerjaan`.`id_pekerjaan`=`detail_anggota`.`id_pekerjaan`
JOIN `anggota` ON `detail_anggota`.`id_kk`=`anggota`.`id_kk`
WHERE `anggota`.`no_kk` = \'1111111111110002\'
AND `hubungan_keluarga` = \'Kepala Keluarga\'
 LIMIT 1')
 4 SYSTEMPATH\Database\BaseBuilder.php(1649): CodeIgniter\Database\BaseConnection->query('SELECT `detail_anggota`.*, `pekerjaan`.`nama_pekerjaan`
FROM `detail_anggota`
LEFT JOIN `pekerjaan` ON `pekerjaan`.`id_pekerjaan`=`detail_anggota`.`id_pekerjaan`
JOIN `anggota` ON `detail_anggota`.`id_kk`=`anggota`.`id_kk`
WHERE `anggota`.`no_kk` = :anggota.no_kk:
AND `hubungan_keluarga` = :hubungan_keluarga:
 LIMIT 1', [...], false)
 5 SYSTEMPATH\Model.php(295): CodeIgniter\Database\BaseBuilder->get()
 6 SYSTEMPATH\BaseModel.php(714): CodeIgniter\Model->doFirst()
 7 APPPATH\Models\DetailAnggotaModel.php(100): CodeIgniter\BaseModel->first()
 8 APPPATH\Controllers\Keluarga.php(35): App\Models\DetailAnggotaModel->getKepalaKeluargaByNik('1111111111110002')
 9 SYSTEMPATH\CodeIgniter.php(951): App\Controllers\Keluarga->tambahanggota()
10 SYSTEMPATH\CodeIgniter.php(497): CodeIgniter\CodeIgniter->runController(Object(App\Controllers\Keluarga))
11 SYSTEMPATH\CodeIgniter.php(340): CodeIgniter\CodeIgniter->handleRequest(null, Object(Config\Cache), false)
12 SYSTEMPATH\Boot.php(417): CodeIgniter\CodeIgniter->run()
13 SYSTEMPATH\Boot.php(68): CodeIgniter\Boot::runCodeIgniter(Object(CodeIgniter\CodeIgniter))
14 FCPATH\index.php(59): CodeIgniter\Boot::bootWeb(Object(Config\Paths))
CRITICAL - 2026-06-28 07:12:51 --> CodeIgniter\Database\Exceptions\DatabaseException: Table 'program_bltd.anggota' doesn't exist
[Method: GET, Route: tambahanggota]
in SYSTEMPATH\Database\BaseConnection.php on line 865.
 1 SYSTEMPATH\Database\BaseBuilder.php(1649): CodeIgniter\Database\BaseConnection->query('SELECT `detail_anggota`.*, `pekerjaan`.`nama_pekerjaan`
FROM `detail_anggota`
LEFT JOIN `pekerjaan` ON `pekerjaan`.`id_pekerjaan`=`detail_anggota`.`id_pekerjaan`
JOIN `anggota` ON `detail_anggota`.`id_kk`=`anggota`.`id_kk`
WHERE `anggota`.`no_kk` = :anggota.no_kk:
AND `hubungan_keluarga` = :hubungan_keluarga:
 LIMIT 1', [...], false)
 2 SYSTEMPATH\Model.php(295): CodeIgniter\Database\BaseBuilder->get()
 3 SYSTEMPATH\BaseModel.php(714): CodeIgniter\Model->doFirst()
 4 APPPATH\Models\DetailAnggotaModel.php(100): CodeIgniter\BaseModel->first()
 5 APPPATH\Controllers\Keluarga.php(35): App\Models\DetailAnggotaModel->getKepalaKeluargaByNik('1111111111110002')
 6 SYSTEMPATH\CodeIgniter.php(951): App\Controllers\Keluarga->tambahanggota()
 7 SYSTEMPATH\CodeIgniter.php(497): CodeIgniter\CodeIgniter->runController(Object(App\Controllers\Keluarga))
 8 SYSTEMPATH\CodeIgniter.php(340): CodeIgniter\CodeIgniter->handleRequest(null, Object(Config\Cache), false)
 9 SYSTEMPATH\Boot.php(417): CodeIgniter\CodeIgniter->run()
10 SYSTEMPATH\Boot.php(68): CodeIgniter\Boot::runCodeIgniter(Object(CodeIgniter\CodeIgniter))
11 FCPATH\index.php(59): CodeIgniter\Boot::bootWeb(Object(Config\Paths))
CRITICAL - 2026-06-28 07:12:51 --> [Caused by] CodeIgniter\Database\Exceptions\DatabaseException: Table 'program_bltd.anggota' doesn't exist
in SYSTEMPATH\Database\MySQLi\Connection.php on line 310.
 1 SYSTEMPATH\Database\BaseConnection.php(910): CodeIgniter\Database\MySQLi\Connection->execute('SELECT `detail_anggota`.*, `pekerjaan`.`nama_pekerjaan`
FROM `detail_anggota`
LEFT JOIN `pekerjaan` ON `pekerjaan`.`id_pekerjaan`=`detail_anggota`.`id_pekerjaan`
JOIN `anggota` ON `detail_anggota`.`id_kk`=`anggota`.`id_kk`
WHERE `anggota`.`no_kk` = \'1111111111110002\'
AND `hubungan_keluarga` = \'Kepala Keluarga\'
 LIMIT 1')
 2 SYSTEMPATH\Database\BaseConnection.php(827): CodeIgniter\Database\BaseConnection->simpleQuery('SELECT `detail_anggota`.*, `pekerjaan`.`nama_pekerjaan`
FROM `detail_anggota`
LEFT JOIN `pekerjaan` ON `pekerjaan`.`id_pekerjaan`=`detail_anggota`.`id_pekerjaan`
JOIN `anggota` ON `detail_anggota`.`id_kk`=`anggota`.`id_kk`
WHERE `anggota`.`no_kk` = \'1111111111110002\'
AND `hubungan_keluarga` = \'Kepala Keluarga\'
 LIMIT 1')
 3 SYSTEMPATH\Database\BaseBuilder.php(1649): CodeIgniter\Database\BaseConnection->query('SELECT `detail_anggota`.*, `pekerjaan`.`nama_pekerjaan`
FROM `detail_anggota`
LEFT JOIN `pekerjaan` ON `pekerjaan`.`id_pekerjaan`=`detail_anggota`.`id_pekerjaan`
JOIN `anggota` ON `detail_anggota`.`id_kk`=`anggota`.`id_kk`
WHERE `anggota`.`no_kk` = :anggota.no_kk:
AND `hubungan_keluarga` = :hubungan_keluarga:
 LIMIT 1', [...], false)
 4 SYSTEMPATH\Model.php(295): CodeIgniter\Database\BaseBuilder->get()
 5 SYSTEMPATH\BaseModel.php(714): CodeIgniter\Model->doFirst()
 6 APPPATH\Models\DetailAnggotaModel.php(100): CodeIgniter\BaseModel->first()
 7 APPPATH\Controllers\Keluarga.php(35): App\Models\DetailAnggotaModel->getKepalaKeluargaByNik('1111111111110002')
 8 SYSTEMPATH\CodeIgniter.php(951): App\Controllers\Keluarga->tambahanggota()
 9 SYSTEMPATH\CodeIgniter.php(497): CodeIgniter\CodeIgniter->runController(Object(App\Controllers\Keluarga))
10 SYSTEMPATH\CodeIgniter.php(340): CodeIgniter\CodeIgniter->handleRequest(null, Object(Config\Cache), false)
11 SYSTEMPATH\Boot.php(417): CodeIgniter\CodeIgniter->run()
12 SYSTEMPATH\Boot.php(68): CodeIgniter\Boot::runCodeIgniter(Object(CodeIgniter\CodeIgniter))
13 FCPATH\index.php(59): CodeIgniter\Boot::bootWeb(Object(Config\Paths))
CRITICAL - 2026-06-28 07:12:51 --> [Caused by] mysqli_sql_exception: Table 'program_bltd.anggota' doesn't exist
in SYSTEMPATH\Database\MySQLi\Connection.php on line 300.
 1 SYSTEMPATH\Database\MySQLi\Connection.php(300): mysqli->query('SELECT `detail_anggota`.*, `pekerjaan`.`nama_pekerjaan`
FROM `detail_anggota`
LEFT JOIN `pekerjaan` ON `pekerjaan`.`id_pekerjaan`=`detail_anggota`.`id_pekerjaan`
JOIN `anggota` ON `detail_anggota`.`id_kk`=`anggota`.`id_kk`
WHERE `anggota`.`no_kk` = \'1111111111110002\'
AND `hubungan_keluarga` = \'Kepala Keluarga\'
 LIMIT 1', 0)
 2 SYSTEMPATH\Database\BaseConnection.php(910): CodeIgniter\Database\MySQLi\Connection->execute('SELECT `detail_anggota`.*, `pekerjaan`.`nama_pekerjaan`
FROM `detail_anggota`
LEFT JOIN `pekerjaan` ON `pekerjaan`.`id_pekerjaan`=`detail_anggota`.`id_pekerjaan`
JOIN `anggota` ON `detail_anggota`.`id_kk`=`anggota`.`id_kk`
WHERE `anggota`.`no_kk` = \'1111111111110002\'
AND `hubungan_keluarga` = \'Kepala Keluarga\'
 LIMIT 1')
 3 SYSTEMPATH\Database\BaseConnection.php(827): CodeIgniter\Database\BaseConnection->simpleQuery('SELECT `detail_anggota`.*, `pekerjaan`.`nama_pekerjaan`
FROM `detail_anggota`
LEFT JOIN `pekerjaan` ON `pekerjaan`.`id_pekerjaan`=`detail_anggota`.`id_pekerjaan`
JOIN `anggota` ON `detail_anggota`.`id_kk`=`anggota`.`id_kk`
WHERE `anggota`.`no_kk` = \'1111111111110002\'
AND `hubungan_keluarga` = \'Kepala Keluarga\'
 LIMIT 1')
 4 SYSTEMPATH\Database\BaseBuilder.php(1649): CodeIgniter\Database\BaseConnection->query('SELECT `detail_anggota`.*, `pekerjaan`.`nama_pekerjaan`
FROM `detail_anggota`
LEFT JOIN `pekerjaan` ON `pekerjaan`.`id_pekerjaan`=`detail_anggota`.`id_pekerjaan`
JOIN `anggota` ON `detail_anggota`.`id_kk`=`anggota`.`id_kk`
WHERE `anggota`.`no_kk` = :anggota.no_kk:
AND `hubungan_keluarga` = :hubungan_keluarga:
 LIMIT 1', [...], false)
 5 SYSTEMPATH\Model.php(295): CodeIgniter\Database\BaseBuilder->get()
 6 SYSTEMPATH\BaseModel.php(714): CodeIgniter\Model->doFirst()
 7 APPPATH\Models\DetailAnggotaModel.php(100): CodeIgniter\BaseModel->first()
 8 APPPATH\Controllers\Keluarga.php(35): App\Models\DetailAnggotaModel->getKepalaKeluargaByNik('1111111111110002')
 9 SYSTEMPATH\CodeIgniter.php(951): App\Controllers\Keluarga->tambahanggota()
10 SYSTEMPATH\CodeIgniter.php(497): CodeIgniter\CodeIgniter->runController(Object(App\Controllers\Keluarga))
11 SYSTEMPATH\CodeIgniter.php(340): CodeIgniter\CodeIgniter->handleRequest(null, Object(Config\Cache), false)
12 SYSTEMPATH\Boot.php(417): CodeIgniter\CodeIgniter->run()
13 SYSTEMPATH\Boot.php(68): CodeIgniter\Boot::runCodeIgniter(Object(CodeIgniter\CodeIgniter))
14 FCPATH\index.php(59): CodeIgniter\Boot::bootWeb(Object(Config\Paths))
CRITICAL - 2026-06-28 07:16:49 --> ErrorException: Undefined variable $kepala
[Method: GET, Route: tambahanggota]
in APPPATH\Views\penduduk\tambahAnggota.php on line 66.
 1 APPPATH\Views\penduduk\tambahAnggota.php(66): CodeIgniter\Debug\Exceptions->errorHandler(2, 'Undefined variable $kepala', 'C:\\laragon\\www\\program_bltd\\app\\Views\\penduduk\\tambahAnggota.php', 66)
 2 SYSTEMPATH\View\View.php(240): include('C:\\laragon\\www\\program_bltd\\app\\Views\\penduduk\\tambahAnggota.php')
 3 SYSTEMPATH\View\View.php(243): CodeIgniter\View\View->CodeIgniter\View\{closure}()
 4 SYSTEMPATH\Common.php(1250): CodeIgniter\View\View->render('penduduk/tambahanggota', [], true)
 5 APPPATH\Controllers\Keluarga.php(37): view('penduduk/tambahanggota', [...])
 6 SYSTEMPATH\CodeIgniter.php(951): App\Controllers\Keluarga->tambahanggota()
 7 SYSTEMPATH\CodeIgniter.php(497): CodeIgniter\CodeIgniter->runController(Object(App\Controllers\Keluarga))
 8 SYSTEMPATH\CodeIgniter.php(340): CodeIgniter\CodeIgniter->handleRequest(null, Object(Config\Cache), false)
 9 SYSTEMPATH\Boot.php(417): CodeIgniter\CodeIgniter->run()
10 SYSTEMPATH\Boot.php(68): CodeIgniter\Boot::runCodeIgniter(Object(CodeIgniter\CodeIgniter))
11 FCPATH\index.php(59): CodeIgniter\Boot::bootWeb(Object(Config\Paths))
CRITICAL - 2026-06-28 07:24:02 --> ErrorException: Undefined array key "kepala_keluarga"
[Method: GET, Route: tambahanggota]
in APPPATH\Views\penduduk\tambahAnggota.php on line 84.
 1 APPPATH\Views\penduduk\tambahAnggota.php(84): CodeIgniter\Debug\Exceptions->errorHandler(2, 'Undefined array key "kepala_keluarga"', 'C:\\laragon\\www\\program_bltd\\app\\Views\\penduduk\\tambahAnggota.php', 84)
 2 SYSTEMPATH\View\View.php(240): include('C:\\laragon\\www\\program_bltd\\app\\Views\\penduduk\\tambahAnggota.php')
 3 SYSTEMPATH\View\View.php(243): CodeIgniter\View\View->CodeIgniter\View\{closure}()
 4 SYSTEMPATH\Common.php(1250): CodeIgniter\View\View->render('penduduk/tambahanggota', [], true)
 5 APPPATH\Controllers\Keluarga.php(37): view('penduduk/tambahanggota', [...])
 6 SYSTEMPATH\CodeIgniter.php(951): App\Controllers\Keluarga->tambahanggota()
 7 SYSTEMPATH\CodeIgniter.php(497): CodeIgniter\CodeIgniter->runController(Object(App\Controllers\Keluarga))
 8 SYSTEMPATH\CodeIgniter.php(340): CodeIgniter\CodeIgniter->handleRequest(null, Object(Config\Cache), false)
 9 SYSTEMPATH\Boot.php(417): CodeIgniter\CodeIgniter->run()
10 SYSTEMPATH\Boot.php(68): CodeIgniter\Boot::runCodeIgniter(Object(CodeIgniter\CodeIgniter))
11 FCPATH\index.php(59): CodeIgniter\Boot::bootWeb(Object(Config\Paths))
CRITICAL - 2026-06-28 07:30:14 --> TypeError: Cannot access offset of type string on string
[Method: GET, Route: tambahanggota]
in APPPATH\Views\penduduk\tambahAnggota.php on line 142.
 1 SYSTEMPATH\View\View.php(240): include()
 2 SYSTEMPATH\View\View.php(243): CodeIgniter\View\View->CodeIgniter\View\{closure}()
 3 SYSTEMPATH\Common.php(1250): CodeIgniter\View\View->render('penduduk/tambahanggota', [], true)
 4 APPPATH\Controllers\Keluarga.php(37): view('penduduk/tambahanggota', [...])
 5 SYSTEMPATH\CodeIgniter.php(951): App\Controllers\Keluarga->tambahanggota()
 6 SYSTEMPATH\CodeIgniter.php(497): CodeIgniter\CodeIgniter->runController(Object(App\Controllers\Keluarga))
 7 SYSTEMPATH\CodeIgniter.php(340): CodeIgniter\CodeIgniter->handleRequest(null, Object(Config\Cache), false)
 8 SYSTEMPATH\Boot.php(417): CodeIgniter\CodeIgniter->run()
 9 SYSTEMPATH\Boot.php(68): CodeIgniter\Boot::runCodeIgniter(Object(CodeIgniter\CodeIgniter))
10 FCPATH\index.php(59): CodeIgniter\Boot::bootWeb(Object(Config\Paths))
CRITICAL - 2026-06-28 07:33:14 --> ErrorException: Undefined variable $selectedPend
[Method: GET, Route: tambahanggota]
in APPPATH\Views\penduduk\tambahAnggota.php on line 141.
 1 APPPATH\Views\penduduk\tambahAnggota.php(141): CodeIgniter\Debug\Exceptions->errorHandler(2, 'Undefined variable $selectedPend', 'C:\\laragon\\www\\program_bltd\\app\\Views\\penduduk\\tambahAnggota.php', 141)
 2 SYSTEMPATH\View\View.php(240): include('C:\\laragon\\www\\program_bltd\\app\\Views\\penduduk\\tambahAnggota.php')
 3 SYSTEMPATH\View\View.php(243): CodeIgniter\View\View->CodeIgniter\View\{closure}()
 4 SYSTEMPATH\Common.php(1250): CodeIgniter\View\View->render('penduduk/tambahanggota', [], true)
 5 APPPATH\Controllers\Keluarga.php(37): view('penduduk/tambahanggota', [...])
 6 SYSTEMPATH\CodeIgniter.php(951): App\Controllers\Keluarga->tambahanggota()
 7 SYSTEMPATH\CodeIgniter.php(497): CodeIgniter\CodeIgniter->runController(Object(App\Controllers\Keluarga))
 8 SYSTEMPATH\CodeIgniter.php(340): CodeIgniter\CodeIgniter->handleRequest(null, Object(Config\Cache), false)
 9 SYSTEMPATH\Boot.php(417): CodeIgniter\CodeIgniter->run()
10 SYSTEMPATH\Boot.php(68): CodeIgniter\Boot::runCodeIgniter(Object(CodeIgniter\CodeIgniter))
11 FCPATH\index.php(59): CodeIgniter\Boot::bootWeb(Object(Config\Paths))
CRITICAL - 2026-06-28 07:33:34 --> ErrorException: Undefined variable $selectedPend
[Method: GET, Route: tambahanggota]
in APPPATH\Views\penduduk\tambahAnggota.php on line 141.
 1 APPPATH\Views\penduduk\tambahAnggota.php(141): CodeIgniter\Debug\Exceptions->errorHandler(2, 'Undefined variable $selectedPend', 'C:\\laragon\\www\\program_bltd\\app\\Views\\penduduk\\tambahAnggota.php', 141)
 2 SYSTEMPATH\View\View.php(240): include('C:\\laragon\\www\\program_bltd\\app\\Views\\penduduk\\tambahAnggota.php')
 3 SYSTEMPATH\View\View.php(243): CodeIgniter\View\View->CodeIgniter\View\{closure}()
 4 SYSTEMPATH\Common.php(1250): CodeIgniter\View\View->render('penduduk/tambahanggota', [], true)
 5 APPPATH\Controllers\Keluarga.php(37): view('penduduk/tambahanggota', [...])
 6 SYSTEMPATH\CodeIgniter.php(951): App\Controllers\Keluarga->tambahanggota()
 7 SYSTEMPATH\CodeIgniter.php(497): CodeIgniter\CodeIgniter->runController(Object(App\Controllers\Keluarga))
 8 SYSTEMPATH\CodeIgniter.php(340): CodeIgniter\CodeIgniter->handleRequest(null, Object(Config\Cache), false)
 9 SYSTEMPATH\Boot.php(417): CodeIgniter\CodeIgniter->run()
10 SYSTEMPATH\Boot.php(68): CodeIgniter\Boot::runCodeIgniter(Object(CodeIgniter\CodeIgniter))
11 FCPATH\index.php(59): CodeIgniter\Boot::bootWeb(Object(Config\Paths))
CRITICAL - 2026-06-28 07:34:51 --> ErrorException: Undefined variable $selectedPend
[Method: GET, Route: tambahanggota]
in APPPATH\Views\penduduk\tambahAnggota.php on line 141.
 1 APPPATH\Views\penduduk\tambahAnggota.php(141): CodeIgniter\Debug\Exceptions->errorHandler(2, 'Undefined variable $selectedPend', 'C:\\laragon\\www\\program_bltd\\app\\Views\\penduduk\\tambahAnggota.php', 141)
 2 SYSTEMPATH\View\View.php(240): include('C:\\laragon\\www\\program_bltd\\app\\Views\\penduduk\\tambahAnggota.php')
 3 SYSTEMPATH\View\View.php(243): CodeIgniter\View\View->CodeIgniter\View\{closure}()
 4 SYSTEMPATH\Common.php(1250): CodeIgniter\View\View->render('penduduk/tambahanggota', [], true)
 5 APPPATH\Controllers\Keluarga.php(37): view('penduduk/tambahanggota', [...])
 6 SYSTEMPATH\CodeIgniter.php(951): App\Controllers\Keluarga->tambahanggota()
 7 SYSTEMPATH\CodeIgniter.php(497): CodeIgniter\CodeIgniter->runController(Object(App\Controllers\Keluarga))
 8 SYSTEMPATH\CodeIgniter.php(340): CodeIgniter\CodeIgniter->handleRequest(null, Object(Config\Cache), false)
 9 SYSTEMPATH\Boot.php(417): CodeIgniter\CodeIgniter->run()
10 SYSTEMPATH\Boot.php(68): CodeIgniter\Boot::runCodeIgniter(Object(CodeIgniter\CodeIgniter))
11 FCPATH\index.php(59): CodeIgniter\Boot::bootWeb(Object(Config\Paths))
CRITICAL - 2026-06-28 07:35:18 --> ParseError: syntax error, unexpected token "echo"
[Method: GET, Route: tambahanggota]
in APPPATH\Views\penduduk\tambahAnggota.php on line 142.
 1 SYSTEMPATH\View\View.php(243): CodeIgniter\View\View->CodeIgniter\View\{closure}()
 2 SYSTEMPATH\Common.php(1250): CodeIgniter\View\View->render('penduduk/tambahanggota', [], true)
 3 APPPATH\Controllers\Keluarga.php(37): view('penduduk/tambahanggota', [...])
 4 SYSTEMPATH\CodeIgniter.php(951): App\Controllers\Keluarga->tambahanggota()
 5 SYSTEMPATH\CodeIgniter.php(497): CodeIgniter\CodeIgniter->runController(Object(App\Controllers\Keluarga))
 6 SYSTEMPATH\CodeIgniter.php(340): CodeIgniter\CodeIgniter->handleRequest(null, Object(Config\Cache), false)
 7 SYSTEMPATH\Boot.php(417): CodeIgniter\CodeIgniter->run()
 8 SYSTEMPATH\Boot.php(68): CodeIgniter\Boot::runCodeIgniter(Object(CodeIgniter\CodeIgniter))
 9 FCPATH\index.php(59): CodeIgniter\Boot::bootWeb(Object(Config\Paths))
CRITICAL - 2026-06-28 07:37:53 --> ParseError: syntax error, unexpected token "endforeach", expecting end of file
[Method: GET, Route: tambahanggota]
in APPPATH\Views\penduduk\tambahAnggota.php on line 144.
 1 SYSTEMPATH\View\View.php(243): CodeIgniter\View\View->CodeIgniter\View\{closure}()
 2 SYSTEMPATH\Common.php(1250): CodeIgniter\View\View->render('penduduk/tambahanggota', [], true)
 3 APPPATH\Controllers\Keluarga.php(37): view('penduduk/tambahanggota', [...])
 4 SYSTEMPATH\CodeIgniter.php(951): App\Controllers\Keluarga->tambahanggota()
 5 SYSTEMPATH\CodeIgniter.php(497): CodeIgniter\CodeIgniter->runController(Object(App\Controllers\Keluarga))
 6 SYSTEMPATH\CodeIgniter.php(340): CodeIgniter\CodeIgniter->handleRequest(null, Object(Config\Cache), false)
 7 SYSTEMPATH\Boot.php(417): CodeIgniter\CodeIgniter->run()
 8 SYSTEMPATH\Boot.php(68): CodeIgniter\Boot::runCodeIgniter(Object(CodeIgniter\CodeIgniter))
 9 FCPATH\index.php(59): CodeIgniter\Boot::bootWeb(Object(Config\Paths))
CRITICAL - 2026-06-28 10:56:36 --> ErrorException: Undefined property: App\Controllers\DetailAnggota::$modelDetailKK
[Method: POST, Route: detailanggota/simpanKepalaKeluarga]
in APPPATH\Controllers\DetailAnggota.php on line 85.
 1 APPPATH\Controllers\DetailAnggota.php(85): CodeIgniter\Debug\Exceptions->errorHandler(2, 'Undefined property: App\\Controllers\\DetailAnggota::$modelDetailKK', 'C:\\laragon\\www\\program_bltd\\app\\Controllers\\DetailAnggota.php', 85)
 2 SYSTEMPATH\CodeIgniter.php(951): App\Controllers\DetailAnggota->simpanKepalaKeluarga()
 3 SYSTEMPATH\CodeIgniter.php(497): CodeIgniter\CodeIgniter->runController(Object(App\Controllers\DetailAnggota))
 4 SYSTEMPATH\CodeIgniter.php(340): CodeIgniter\CodeIgniter->handleRequest(null, Object(Config\Cache), false)
 5 SYSTEMPATH\Boot.php(417): CodeIgniter\CodeIgniter->run()
 6 SYSTEMPATH\Boot.php(68): CodeIgniter\Boot::runCodeIgniter(Object(CodeIgniter\CodeIgniter))
 7 FCPATH\index.php(59): CodeIgniter\Boot::bootWeb(Object(Config\Paths))
ERROR - 2026-06-28 11:01:27 --> Duplicate entry ' 3201010004' for key 'detail_anggota.nik'
in SYSTEMPATH\Database\MySQLi\Connection.php on line 300.
 1 SYSTEMPATH\Database\MySQLi\Connection.php(300): mysqli->query('INSERT INTO `detail_anggota` (`nik`, `nama`, `jenis_kelamin`, `tanggal_lahir`, `hubungan_keluarga`, `id_pekerjaan`, `penghasilan_pribadi`, `pendidikan`) VALUES (\' 3201010004\', NULL, \'L\', \'1975-01-15\', \'Kepala Keluarga\', \'3\', \'1.500.000\', \'SMP\')', 0)
 2 SYSTEMPATH\Database\BaseConnection.php(910): CodeIgniter\Database\MySQLi\Connection->execute('INSERT INTO `detail_anggota` (`nik`, `nama`, `jenis_kelamin`, `tanggal_lahir`, `hubungan_keluarga`, `id_pekerjaan`, `penghasilan_pribadi`, `pendidikan`) VALUES (\' 3201010004\', NULL, \'L\', \'1975-01-15\', \'Kepala Keluarga\', \'3\', \'1.500.000\', \'SMP\')')
 3 SYSTEMPATH\Database\BaseConnection.php(827): CodeIgniter\Database\BaseConnection->simpleQuery('INSERT INTO `detail_anggota` (`nik`, `nama`, `jenis_kelamin`, `tanggal_lahir`, `hubungan_keluarga`, `id_pekerjaan`, `penghasilan_pribadi`, `pendidikan`) VALUES (\' 3201010004\', NULL, \'L\', \'1975-01-15\', \'Kepala Keluarga\', \'3\', \'1.500.000\', \'SMP\')')
 4 SYSTEMPATH\Database\BaseBuilder.php(2345): CodeIgniter\Database\BaseConnection->query('INSERT INTO `detail_anggota` (`nik`, `nama`, `jenis_kelamin`, `tanggal_lahir`, `hubungan_keluarga`, `id_pekerjaan`, `penghasilan_pribadi`, `pendidikan`) VALUES (:nik:, :nama:, :jenis_kelamin:, :tanggal_lahir:, :hubungan_keluarga:, :id_pekerjaan:, :penghasilan_pribadi:, :pendidikan:)', [...], false)
 5 SYSTEMPATH\Model.php(355): CodeIgniter\Database\BaseBuilder->insert()
 6 SYSTEMPATH\BaseModel.php(899): CodeIgniter\Model->doInsert([...])
 7 SYSTEMPATH\Model.php(668): CodeIgniter\BaseModel->insert([...], true)
 8 APPPATH\Controllers\DetailAnggota.php(100): CodeIgniter\Model->insert([...])
 9 SYSTEMPATH\CodeIgniter.php(951): App\Controllers\DetailAnggota->simpanKepalaKeluarga()
10 SYSTEMPATH\CodeIgniter.php(497): CodeIgniter\CodeIgniter->runController(Object(App\Controllers\DetailAnggota))
11 SYSTEMPATH\CodeIgniter.php(340): CodeIgniter\CodeIgniter->handleRequest(null, Object(Config\Cache), false)
12 SYSTEMPATH\Boot.php(417): CodeIgniter\CodeIgniter->run()
13 SYSTEMPATH\Boot.php(68): CodeIgniter\Boot::runCodeIgniter(Object(CodeIgniter\CodeIgniter))
14 FCPATH\index.php(59): CodeIgniter\Boot::bootWeb(Object(Config\Paths))
CRITICAL - 2026-06-28 11:01:27 --> CodeIgniter\Database\Exceptions\DatabaseException: Duplicate entry ' 3201010004' for key 'detail_anggota.nik'
[Method: POST, Route: detailanggota/simpanKepalaKeluarga]
in SYSTEMPATH\Database\BaseConnection.php on line 865.
 1 SYSTEMPATH\Database\BaseBuilder.php(2345): CodeIgniter\Database\BaseConnection->query('INSERT INTO `detail_anggota` (`nik`, `nama`, `jenis_kelamin`, `tanggal_lahir`, `hubungan_keluarga`, `id_pekerjaan`, `penghasilan_pribadi`, `pendidikan`) VALUES (:nik:, :nama:, :jenis_kelamin:, :tanggal_lahir:, :hubungan_keluarga:, :id_pekerjaan:, :penghasilan_pribadi:, :pendidikan:)', [...], false)
 2 SYSTEMPATH\Model.php(355): CodeIgniter\Database\BaseBuilder->insert()
 3 SYSTEMPATH\BaseModel.php(899): CodeIgniter\Model->doInsert([...])
 4 SYSTEMPATH\Model.php(668): CodeIgniter\BaseModel->insert([...], true)
 5 APPPATH\Controllers\DetailAnggota.php(100): CodeIgniter\Model->insert([...])
 6 SYSTEMPATH\CodeIgniter.php(951): App\Controllers\DetailAnggota->simpanKepalaKeluarga()
 7 SYSTEMPATH\CodeIgniter.php(497): CodeIgniter\CodeIgniter->runController(Object(App\Controllers\DetailAnggota))
 8 SYSTEMPATH\CodeIgniter.php(340): CodeIgniter\CodeIgniter->handleRequest(null, Object(Config\Cache), false)
 9 SYSTEMPATH\Boot.php(417): CodeIgniter\CodeIgniter->run()
10 SYSTEMPATH\Boot.php(68): CodeIgniter\Boot::runCodeIgniter(Object(CodeIgniter\CodeIgniter))
11 FCPATH\index.php(59): CodeIgniter\Boot::bootWeb(Object(Config\Paths))
CRITICAL - 2026-06-28 11:01:27 --> [Caused by] CodeIgniter\Database\Exceptions\DatabaseException: Duplicate entry ' 3201010004' for key 'detail_anggota.nik'
in SYSTEMPATH\Database\MySQLi\Connection.php on line 310.
 1 SYSTEMPATH\Database\BaseConnection.php(910): CodeIgniter\Database\MySQLi\Connection->execute('INSERT INTO `detail_anggota` (`nik`, `nama`, `jenis_kelamin`, `tanggal_lahir`, `hubungan_keluarga`, `id_pekerjaan`, `penghasilan_pribadi`, `pendidikan`) VALUES (\' 3201010004\', NULL, \'L\', \'1975-01-15\', \'Kepala Keluarga\', \'3\', \'1.500.000\', \'SMP\')')
 2 SYSTEMPATH\Database\BaseConnection.php(827): CodeIgniter\Database\BaseConnection->simpleQuery('INSERT INTO `detail_anggota` (`nik`, `nama`, `jenis_kelamin`, `tanggal_lahir`, `hubungan_keluarga`, `id_pekerjaan`, `penghasilan_pribadi`, `pendidikan`) VALUES (\' 3201010004\', NULL, \'L\', \'1975-01-15\', \'Kepala Keluarga\', \'3\', \'1.500.000\', \'SMP\')')
 3 SYSTEMPATH\Database\BaseBuilder.php(2345): CodeIgniter\Database\BaseConnection->query('INSERT INTO `detail_anggota` (`nik`, `nama`, `jenis_kelamin`, `tanggal_lahir`, `hubungan_keluarga`, `id_pekerjaan`, `penghasilan_pribadi`, `pendidikan`) VALUES (:nik:, :nama:, :jenis_kelamin:, :tanggal_lahir:, :hubungan_keluarga:, :id_pekerjaan:, :penghasilan_pribadi:, :pendidikan:)', [...], false)
 4 SYSTEMPATH\Model.php(355): CodeIgniter\Database\BaseBuilder->insert()
 5 SYSTEMPATH\BaseModel.php(899): CodeIgniter\Model->doInsert([...])
 6 SYSTEMPATH\Model.php(668): CodeIgniter\BaseModel->insert([...], true)
 7 APPPATH\Controllers\DetailAnggota.php(100): CodeIgniter\Model->insert([...])
 8 SYSTEMPATH\CodeIgniter.php(951): App\Controllers\DetailAnggota->simpanKepalaKeluarga()
 9 SYSTEMPATH\CodeIgniter.php(497): CodeIgniter\CodeIgniter->runController(Object(App\Controllers\DetailAnggota))
10 SYSTEMPATH\CodeIgniter.php(340): CodeIgniter\CodeIgniter->handleRequest(null, Object(Config\Cache), false)
11 SYSTEMPATH\Boot.php(417): CodeIgniter\CodeIgniter->run()
12 SYSTEMPATH\Boot.php(68): CodeIgniter\Boot::runCodeIgniter(Object(CodeIgniter\CodeIgniter))
13 FCPATH\index.php(59): CodeIgniter\Boot::bootWeb(Object(Config\Paths))
CRITICAL - 2026-06-28 11:01:27 --> [Caused by] mysqli_sql_exception: Duplicate entry ' 3201010004' for key 'detail_anggota.nik'
in SYSTEMPATH\Database\MySQLi\Connection.php on line 300.
 1 SYSTEMPATH\Database\MySQLi\Connection.php(300): mysqli->query('INSERT INTO `detail_anggota` (`nik`, `nama`, `jenis_kelamin`, `tanggal_lahir`, `hubungan_keluarga`, `id_pekerjaan`, `penghasilan_pribadi`, `pendidikan`) VALUES (\' 3201010004\', NULL, \'L\', \'1975-01-15\', \'Kepala Keluarga\', \'3\', \'1.500.000\', \'SMP\')', 0)
 2 SYSTEMPATH\Database\BaseConnection.php(910): CodeIgniter\Database\MySQLi\Connection->execute('INSERT INTO `detail_anggota` (`nik`, `nama`, `jenis_kelamin`, `tanggal_lahir`, `hubungan_keluarga`, `id_pekerjaan`, `penghasilan_pribadi`, `pendidikan`) VALUES (\' 3201010004\', NULL, \'L\', \'1975-01-15\', \'Kepala Keluarga\', \'3\', \'1.500.000\', \'SMP\')')
 3 SYSTEMPATH\Database\BaseConnection.php(827): CodeIgniter\Database\BaseConnection->simpleQuery('INSERT INTO `detail_anggota` (`nik`, `nama`, `jenis_kelamin`, `tanggal_lahir`, `hubungan_keluarga`, `id_pekerjaan`, `penghasilan_pribadi`, `pendidikan`) VALUES (\' 3201010004\', NULL, \'L\', \'1975-01-15\', \'Kepala Keluarga\', \'3\', \'1.500.000\', \'SMP\')')
 4 SYSTEMPATH\Database\BaseBuilder.php(2345): CodeIgniter\Database\BaseConnection->query('INSERT INTO `detail_anggota` (`nik`, `nama`, `jenis_kelamin`, `tanggal_lahir`, `hubungan_keluarga`, `id_pekerjaan`, `penghasilan_pribadi`, `pendidikan`) VALUES (:nik:, :nama:, :jenis_kelamin:, :tanggal_lahir:, :hubungan_keluarga:, :id_pekerjaan:, :penghasilan_pribadi:, :pendidikan:)', [...], false)
 5 SYSTEMPATH\Model.php(355): CodeIgniter\Database\BaseBuilder->insert()
 6 SYSTEMPATH\BaseModel.php(899): CodeIgniter\Model->doInsert([...])
 7 SYSTEMPATH\Model.php(668): CodeIgniter\BaseModel->insert([...], true)
 8 APPPATH\Controllers\DetailAnggota.php(100): CodeIgniter\Model->insert([...])
 9 SYSTEMPATH\CodeIgniter.php(951): App\Controllers\DetailAnggota->simpanKepalaKeluarga()
10 SYSTEMPATH\CodeIgniter.php(497): CodeIgniter\CodeIgniter->runController(Object(App\Controllers\DetailAnggota))
11 SYSTEMPATH\CodeIgniter.php(340): CodeIgniter\CodeIgniter->handleRequest(null, Object(Config\Cache), false)
12 SYSTEMPATH\Boot.php(417): CodeIgniter\CodeIgniter->run()
13 SYSTEMPATH\Boot.php(68): CodeIgniter\Boot::runCodeIgniter(Object(CodeIgniter\CodeIgniter))
14 FCPATH\index.php(59): CodeIgniter\Boot::bootWeb(Object(Config\Paths))
ERROR - 2026-06-28 11:01:31 --> Duplicate entry ' 3201010004' for key 'detail_anggota.nik'
in SYSTEMPATH\Database\MySQLi\Connection.php on line 300.
 1 SYSTEMPATH\Database\MySQLi\Connection.php(300): mysqli->query('INSERT INTO `detail_anggota` (`nik`, `nama`, `jenis_kelamin`, `tanggal_lahir`, `hubungan_keluarga`, `id_pekerjaan`, `penghasilan_pribadi`, `pendidikan`) VALUES (\' 3201010004\', NULL, \'L\', \'1975-01-15\', \'Kepala Keluarga\', \'3\', \'1.500.000\', \'SMP\')', 0)
 2 SYSTEMPATH\Database\BaseConnection.php(910): CodeIgniter\Database\MySQLi\Connection->execute('INSERT INTO `detail_anggota` (`nik`, `nama`, `jenis_kelamin`, `tanggal_lahir`, `hubungan_keluarga`, `id_pekerjaan`, `penghasilan_pribadi`, `pendidikan`) VALUES (\' 3201010004\', NULL, \'L\', \'1975-01-15\', \'Kepala Keluarga\', \'3\', \'1.500.000\', \'SMP\')')
 3 SYSTEMPATH\Database\BaseConnection.php(827): CodeIgniter\Database\BaseConnection->simpleQuery('INSERT INTO `detail_anggota` (`nik`, `nama`, `jenis_kelamin`, `tanggal_lahir`, `hubungan_keluarga`, `id_pekerjaan`, `penghasilan_pribadi`, `pendidikan`) VALUES (\' 3201010004\', NULL, \'L\', \'1975-01-15\', \'Kepala Keluarga\', \'3\', \'1.500.000\', \'SMP\')')
 4 SYSTEMPATH\Database\BaseBuilder.php(2345): CodeIgniter\Database\BaseConnection->query('INSERT INTO `detail_anggota` (`nik`, `nama`, `jenis_kelamin`, `tanggal_lahir`, `hubungan_keluarga`, `id_pekerjaan`, `penghasilan_pribadi`, `pendidikan`) VALUES (:nik:, :nama:, :jenis_kelamin:, :tanggal_lahir:, :hubungan_keluarga:, :id_pekerjaan:, :penghasilan_pribadi:, :pendidikan:)', [...], false)
 5 SYSTEMPATH\Model.php(355): CodeIgniter\Database\BaseBuilder->insert()
 6 SYSTEMPATH\BaseModel.php(899): CodeIgniter\Model->doInsert([...])
 7 SYSTEMPATH\Model.php(668): CodeIgniter\BaseModel->insert([...], true)
 8 APPPATH\Controllers\DetailAnggota.php(100): CodeIgniter\Model->insert([...])
 9 SYSTEMPATH\CodeIgniter.php(951): App\Controllers\DetailAnggota->simpanKepalaKeluarga()
10 SYSTEMPATH\CodeIgniter.php(497): CodeIgniter\CodeIgniter->runController(Object(App\Controllers\DetailAnggota))
11 SYSTEMPATH\CodeIgniter.php(340): CodeIgniter\CodeIgniter->handleRequest(null, Object(Config\Cache), false)
12 SYSTEMPATH\Boot.php(417): CodeIgniter\CodeIgniter->run()
13 SYSTEMPATH\Boot.php(68): CodeIgniter\Boot::runCodeIgniter(Object(CodeIgniter\CodeIgniter))
14 FCPATH\index.php(59): CodeIgniter\Boot::bootWeb(Object(Config\Paths))
CRITICAL - 2026-06-28 11:01:31 --> CodeIgniter\Database\Exceptions\DatabaseException: Duplicate entry ' 3201010004' for key 'detail_anggota.nik'
[Method: POST, Route: detailanggota/simpanKepalaKeluarga]
in SYSTEMPATH\Database\BaseConnection.php on line 865.
 1 SYSTEMPATH\Database\BaseBuilder.php(2345): CodeIgniter\Database\BaseConnection->query('INSERT INTO `detail_anggota` (`nik`, `nama`, `jenis_kelamin`, `tanggal_lahir`, `hubungan_keluarga`, `id_pekerjaan`, `penghasilan_pribadi`, `pendidikan`) VALUES (:nik:, :nama:, :jenis_kelamin:, :tanggal_lahir:, :hubungan_keluarga:, :id_pekerjaan:, :penghasilan_pribadi:, :pendidikan:)', [...], false)
 2 SYSTEMPATH\Model.php(355): CodeIgniter\Database\BaseBuilder->insert()
 3 SYSTEMPATH\BaseModel.php(899): CodeIgniter\Model->doInsert([...])
 4 SYSTEMPATH\Model.php(668): CodeIgniter\BaseModel->insert([...], true)
 5 APPPATH\Controllers\DetailAnggota.php(100): CodeIgniter\Model->insert([...])
 6 SYSTEMPATH\CodeIgniter.php(951): App\Controllers\DetailAnggota->simpanKepalaKeluarga()
 7 SYSTEMPATH\CodeIgniter.php(497): CodeIgniter\CodeIgniter->runController(Object(App\Controllers\DetailAnggota))
 8 SYSTEMPATH\CodeIgniter.php(340): CodeIgniter\CodeIgniter->handleRequest(null, Object(Config\Cache), false)
 9 SYSTEMPATH\Boot.php(417): CodeIgniter\CodeIgniter->run()
10 SYSTEMPATH\Boot.php(68): CodeIgniter\Boot::runCodeIgniter(Object(CodeIgniter\CodeIgniter))
11 FCPATH\index.php(59): CodeIgniter\Boot::bootWeb(Object(Config\Paths))
CRITICAL - 2026-06-28 11:01:31 --> [Caused by] CodeIgniter\Database\Exceptions\DatabaseException: Duplicate entry ' 3201010004' for key 'detail_anggota.nik'
in SYSTEMPATH\Database\MySQLi\Connection.php on line 310.
 1 SYSTEMPATH\Database\BaseConnection.php(910): CodeIgniter\Database\MySQLi\Connection->execute('INSERT INTO `detail_anggota` (`nik`, `nama`, `jenis_kelamin`, `tanggal_lahir`, `hubungan_keluarga`, `id_pekerjaan`, `penghasilan_pribadi`, `pendidikan`) VALUES (\' 3201010004\', NULL, \'L\', \'1975-01-15\', \'Kepala Keluarga\', \'3\', \'1.500.000\', \'SMP\')')
 2 SYSTEMPATH\Database\BaseConnection.php(827): CodeIgniter\Database\BaseConnection->simpleQuery('INSERT INTO `detail_anggota` (`nik`, `nama`, `jenis_kelamin`, `tanggal_lahir`, `hubungan_keluarga`, `id_pekerjaan`, `penghasilan_pribadi`, `pendidikan`) VALUES (\' 3201010004\', NULL, \'L\', \'1975-01-15\', \'Kepala Keluarga\', \'3\', \'1.500.000\', \'SMP\')')
 3 SYSTEMPATH\Database\BaseBuilder.php(2345): CodeIgniter\Database\BaseConnection->query('INSERT INTO `detail_anggota` (`nik`, `nama`, `jenis_kelamin`, `tanggal_lahir`, `hubungan_keluarga`, `id_pekerjaan`, `penghasilan_pribadi`, `pendidikan`) VALUES (:nik:, :nama:, :jenis_kelamin:, :tanggal_lahir:, :hubungan_keluarga:, :id_pekerjaan:, :penghasilan_pribadi:, :pendidikan:)', [...], false)
 4 SYSTEMPATH\Model.php(355): CodeIgniter\Database\BaseBuilder->insert()
 5 SYSTEMPATH\BaseModel.php(899): CodeIgniter\Model->doInsert([...])
 6 SYSTEMPATH\Model.php(668): CodeIgniter\BaseModel->insert([...], true)
 7 APPPATH\Controllers\DetailAnggota.php(100): CodeIgniter\Model->insert([...])
 8 SYSTEMPATH\CodeIgniter.php(951): App\Controllers\DetailAnggota->simpanKepalaKeluarga()
 9 SYSTEMPATH\CodeIgniter.php(497): CodeIgniter\CodeIgniter->runController(Object(App\Controllers\DetailAnggota))
10 SYSTEMPATH\CodeIgniter.php(340): CodeIgniter\CodeIgniter->handleRequest(null, Object(Config\Cache), false)
11 SYSTEMPATH\Boot.php(417): CodeIgniter\CodeIgniter->run()
12 SYSTEMPATH\Boot.php(68): CodeIgniter\Boot::runCodeIgniter(Object(CodeIgniter\CodeIgniter))
13 FCPATH\index.php(59): CodeIgniter\Boot::bootWeb(Object(Config\Paths))
CRITICAL - 2026-06-28 11:01:31 --> [Caused by] mysqli_sql_exception: Duplicate entry ' 3201010004' for key 'detail_anggota.nik'
in SYSTEMPATH\Database\MySQLi\Connection.php on line 300.
 1 SYSTEMPATH\Database\MySQLi\Connection.php(300): mysqli->query('INSERT INTO `detail_anggota` (`nik`, `nama`, `jenis_kelamin`, `tanggal_lahir`, `hubungan_keluarga`, `id_pekerjaan`, `penghasilan_pribadi`, `pendidikan`) VALUES (\' 3201010004\', NULL, \'L\', \'1975-01-15\', \'Kepala Keluarga\', \'3\', \'1.500.000\', \'SMP\')', 0)
 2 SYSTEMPATH\Database\BaseConnection.php(910): CodeIgniter\Database\MySQLi\Connection->execute('INSERT INTO `detail_anggota` (`nik`, `nama`, `jenis_kelamin`, `tanggal_lahir`, `hubungan_keluarga`, `id_pekerjaan`, `penghasilan_pribadi`, `pendidikan`) VALUES (\' 3201010004\', NULL, \'L\', \'1975-01-15\', \'Kepala Keluarga\', \'3\', \'1.500.000\', \'SMP\')')
 3 SYSTEMPATH\Database\BaseConnection.php(827): CodeIgniter\Database\BaseConnection->simpleQuery('INSERT INTO `detail_anggota` (`nik`, `nama`, `jenis_kelamin`, `tanggal_lahir`, `hubungan_keluarga`, `id_pekerjaan`, `penghasilan_pribadi`, `pendidikan`) VALUES (\' 3201010004\', NULL, \'L\', \'1975-01-15\', \'Kepala Keluarga\', \'3\', \'1.500.000\', \'SMP\')')
 4 SYSTEMPATH\Database\BaseBuilder.php(2345): CodeIgniter\Database\BaseConnection->query('INSERT INTO `detail_anggota` (`nik`, `nama`, `jenis_kelamin`, `tanggal_lahir`, `hubungan_keluarga`, `id_pekerjaan`, `penghasilan_pribadi`, `pendidikan`) VALUES (:nik:, :nama:, :jenis_kelamin:, :tanggal_lahir:, :hubungan_keluarga:, :id_pekerjaan:, :penghasilan_pribadi:, :pendidikan:)', [...], false)
 5 SYSTEMPATH\Model.php(355): CodeIgniter\Database\BaseBuilder->insert()
 6 SYSTEMPATH\BaseModel.php(899): CodeIgniter\Model->doInsert([...])
 7 SYSTEMPATH\Model.php(668): CodeIgniter\BaseModel->insert([...], true)
 8 APPPATH\Controllers\DetailAnggota.php(100): CodeIgniter\Model->insert([...])
 9 SYSTEMPATH\CodeIgniter.php(951): App\Controllers\DetailAnggota->simpanKepalaKeluarga()
10 SYSTEMPATH\CodeIgniter.php(497): CodeIgniter\CodeIgniter->runController(Object(App\Controllers\DetailAnggota))
11 SYSTEMPATH\CodeIgniter.php(340): CodeIgniter\CodeIgniter->handleRequest(null, Object(Config\Cache), false)
12 SYSTEMPATH\Boot.php(417): CodeIgniter\CodeIgniter->run()
13 SYSTEMPATH\Boot.php(68): CodeIgniter\Boot::runCodeIgniter(Object(CodeIgniter\CodeIgniter))
14 FCPATH\index.php(59): CodeIgniter\Boot::bootWeb(Object(Config\Paths))
ERROR - 2026-06-28 11:08:24 --> Duplicate entry ' 3201010004' for key 'detail_anggota.nik'
in SYSTEMPATH\Database\MySQLi\Connection.php on line 300.
 1 SYSTEMPATH\Database\MySQLi\Connection.php(300): mysqli->query('INSERT INTO `detail_anggota` (`nik`, `nama`, `jenis_kelamin`, `tanggal_lahir`, `hubungan_keluarga`, `id_pekerjaan`, `penghasilan_pribadi`, `pendidikan`) VALUES (\' 3201010004\', NULL, \'L\', \'1975-01-15\', \'Kepala Keluarga\', \'3\', \'1.500.000\', \'SMP\')', 0)
 2 SYSTEMPATH\Database\BaseConnection.php(910): CodeIgniter\Database\MySQLi\Connection->execute('INSERT INTO `detail_anggota` (`nik`, `nama`, `jenis_kelamin`, `tanggal_lahir`, `hubungan_keluarga`, `id_pekerjaan`, `penghasilan_pribadi`, `pendidikan`) VALUES (\' 3201010004\', NULL, \'L\', \'1975-01-15\', \'Kepala Keluarga\', \'3\', \'1.500.000\', \'SMP\')')
 3 SYSTEMPATH\Database\BaseConnection.php(827): CodeIgniter\Database\BaseConnection->simpleQuery('INSERT INTO `detail_anggota` (`nik`, `nama`, `jenis_kelamin`, `tanggal_lahir`, `hubungan_keluarga`, `id_pekerjaan`, `penghasilan_pribadi`, `pendidikan`) VALUES (\' 3201010004\', NULL, \'L\', \'1975-01-15\', \'Kepala Keluarga\', \'3\', \'1.500.000\', \'SMP\')')
 4 SYSTEMPATH\Database\BaseBuilder.php(2345): CodeIgniter\Database\BaseConnection->query('INSERT INTO `detail_anggota` (`nik`, `nama`, `jenis_kelamin`, `tanggal_lahir`, `hubungan_keluarga`, `id_pekerjaan`, `penghasilan_pribadi`, `pendidikan`) VALUES (:nik:, :nama:, :jenis_kelamin:, :tanggal_lahir:, :hubungan_keluarga:, :id_pekerjaan:, :penghasilan_pribadi:, :pendidikan:)', [...], false)
 5 SYSTEMPATH\Model.php(355): CodeIgniter\Database\BaseBuilder->insert()
 6 SYSTEMPATH\BaseModel.php(899): CodeIgniter\Model->doInsert([...])
 7 SYSTEMPATH\Model.php(668): CodeIgniter\BaseModel->insert([...], true)
 8 APPPATH\Controllers\DetailAnggota.php(100): CodeIgniter\Model->insert([...])
 9 SYSTEMPATH\CodeIgniter.php(951): App\Controllers\DetailAnggota->simpanKepalaKeluarga()
10 SYSTEMPATH\CodeIgniter.php(497): CodeIgniter\CodeIgniter->runController(Object(App\Controllers\DetailAnggota))
11 SYSTEMPATH\CodeIgniter.php(340): CodeIgniter\CodeIgniter->handleRequest(null, Object(Config\Cache), false)
12 SYSTEMPATH\Boot.php(417): CodeIgniter\CodeIgniter->run()
13 SYSTEMPATH\Boot.php(68): CodeIgniter\Boot::runCodeIgniter(Object(CodeIgniter\CodeIgniter))
14 FCPATH\index.php(59): CodeIgniter\Boot::bootWeb(Object(Config\Paths))
CRITICAL - 2026-06-28 11:08:24 --> CodeIgniter\Database\Exceptions\DatabaseException: Duplicate entry ' 3201010004' for key 'detail_anggota.nik'
[Method: POST, Route: detailanggota/simpanKepalaKeluarga]
in SYSTEMPATH\Database\BaseConnection.php on line 865.
 1 SYSTEMPATH\Database\BaseBuilder.php(2345): CodeIgniter\Database\BaseConnection->query('INSERT INTO `detail_anggota` (`nik`, `nama`, `jenis_kelamin`, `tanggal_lahir`, `hubungan_keluarga`, `id_pekerjaan`, `penghasilan_pribadi`, `pendidikan`) VALUES (:nik:, :nama:, :jenis_kelamin:, :tanggal_lahir:, :hubungan_keluarga:, :id_pekerjaan:, :penghasilan_pribadi:, :pendidikan:)', [...], false)
 2 SYSTEMPATH\Model.php(355): CodeIgniter\Database\BaseBuilder->insert()
 3 SYSTEMPATH\BaseModel.php(899): CodeIgniter\Model->doInsert([...])
 4 SYSTEMPATH\Model.php(668): CodeIgniter\BaseModel->insert([...], true)
 5 APPPATH\Controllers\DetailAnggota.php(100): CodeIgniter\Model->insert([...])
 6 SYSTEMPATH\CodeIgniter.php(951): App\Controllers\DetailAnggota->simpanKepalaKeluarga()
 7 SYSTEMPATH\CodeIgniter.php(497): CodeIgniter\CodeIgniter->runController(Object(App\Controllers\DetailAnggota))
 8 SYSTEMPATH\CodeIgniter.php(340): CodeIgniter\CodeIgniter->handleRequest(null, Object(Config\Cache), false)
 9 SYSTEMPATH\Boot.php(417): CodeIgniter\CodeIgniter->run()
10 SYSTEMPATH\Boot.php(68): CodeIgniter\Boot::runCodeIgniter(Object(CodeIgniter\CodeIgniter))
11 FCPATH\index.php(59): CodeIgniter\Boot::bootWeb(Object(Config\Paths))
CRITICAL - 2026-06-28 11:08:24 --> [Caused by] CodeIgniter\Database\Exceptions\DatabaseException: Duplicate entry ' 3201010004' for key 'detail_anggota.nik'
in SYSTEMPATH\Database\MySQLi\Connection.php on line 310.
 1 SYSTEMPATH\Database\BaseConnection.php(910): CodeIgniter\Database\MySQLi\Connection->execute('INSERT INTO `detail_anggota` (`nik`, `nama`, `jenis_kelamin`, `tanggal_lahir`, `hubungan_keluarga`, `id_pekerjaan`, `penghasilan_pribadi`, `pendidikan`) VALUES (\' 3201010004\', NULL, \'L\', \'1975-01-15\', \'Kepala Keluarga\', \'3\', \'1.500.000\', \'SMP\')')
 2 SYSTEMPATH\Database\BaseConnection.php(827): CodeIgniter\Database\BaseConnection->simpleQuery('INSERT INTO `detail_anggota` (`nik`, `nama`, `jenis_kelamin`, `tanggal_lahir`, `hubungan_keluarga`, `id_pekerjaan`, `penghasilan_pribadi`, `pendidikan`) VALUES (\' 3201010004\', NULL, \'L\', \'1975-01-15\', \'Kepala Keluarga\', \'3\', \'1.500.000\', \'SMP\')')
 3 SYSTEMPATH\Database\BaseBuilder.php(2345): CodeIgniter\Database\BaseConnection->query('INSERT INTO `detail_anggota` (`nik`, `nama`, `jenis_kelamin`, `tanggal_lahir`, `hubungan_keluarga`, `id_pekerjaan`, `penghasilan_pribadi`, `pendidikan`) VALUES (:nik:, :nama:, :jenis_kelamin:, :tanggal_lahir:, :hubungan_keluarga:, :id_pekerjaan:, :penghasilan_pribadi:, :pendidikan:)', [...], false)
 4 SYSTEMPATH\Model.php(355): CodeIgniter\Database\BaseBuilder->insert()
 5 SYSTEMPATH\BaseModel.php(899): CodeIgniter\Model->doInsert([...])
 6 SYSTEMPATH\Model.php(668): CodeIgniter\BaseModel->insert([...], true)
 7 APPPATH\Controllers\DetailAnggota.php(100): CodeIgniter\Model->insert([...])
 8 SYSTEMPATH\CodeIgniter.php(951): App\Controllers\DetailAnggota->simpanKepalaKeluarga()
 9 SYSTEMPATH\CodeIgniter.php(497): CodeIgniter\CodeIgniter->runController(Object(App\Controllers\DetailAnggota))
10 SYSTEMPATH\CodeIgniter.php(340): CodeIgniter\CodeIgniter->handleRequest(null, Object(Config\Cache), false)
11 SYSTEMPATH\Boot.php(417): CodeIgniter\CodeIgniter->run()
12 SYSTEMPATH\Boot.php(68): CodeIgniter\Boot::runCodeIgniter(Object(CodeIgniter\CodeIgniter))
13 FCPATH\index.php(59): CodeIgniter\Boot::bootWeb(Object(Config\Paths))
CRITICAL - 2026-06-28 11:08:24 --> [Caused by] mysqli_sql_exception: Duplicate entry ' 3201010004' for key 'detail_anggota.nik'
in SYSTEMPATH\Database\MySQLi\Connection.php on line 300.
 1 SYSTEMPATH\Database\MySQLi\Connection.php(300): mysqli->query('INSERT INTO `detail_anggota` (`nik`, `nama`, `jenis_kelamin`, `tanggal_lahir`, `hubungan_keluarga`, `id_pekerjaan`, `penghasilan_pribadi`, `pendidikan`) VALUES (\' 3201010004\', NULL, \'L\', \'1975-01-15\', \'Kepala Keluarga\', \'3\', \'1.500.000\', \'SMP\')', 0)
 2 SYSTEMPATH\Database\BaseConnection.php(910): CodeIgniter\Database\MySQLi\Connection->execute('INSERT INTO `detail_anggota` (`nik`, `nama`, `jenis_kelamin`, `tanggal_lahir`, `hubungan_keluarga`, `id_pekerjaan`, `penghasilan_pribadi`, `pendidikan`) VALUES (\' 3201010004\', NULL, \'L\', \'1975-01-15\', \'Kepala Keluarga\', \'3\', \'1.500.000\', \'SMP\')')
 3 SYSTEMPATH\Database\BaseConnection.php(827): CodeIgniter\Database\BaseConnection->simpleQuery('INSERT INTO `detail_anggota` (`nik`, `nama`, `jenis_kelamin`, `tanggal_lahir`, `hubungan_keluarga`, `id_pekerjaan`, `penghasilan_pribadi`, `pendidikan`) VALUES (\' 3201010004\', NULL, \'L\', \'1975-01-15\', \'Kepala Keluarga\', \'3\', \'1.500.000\', \'SMP\')')
 4 SYSTEMPATH\Database\BaseBuilder.php(2345): CodeIgniter\Database\BaseConnection->query('INSERT INTO `detail_anggota` (`nik`, `nama`, `jenis_kelamin`, `tanggal_lahir`, `hubungan_keluarga`, `id_pekerjaan`, `penghasilan_pribadi`, `pendidikan`) VALUES (:nik:, :nama:, :jenis_kelamin:, :tanggal_lahir:, :hubungan_keluarga:, :id_pekerjaan:, :penghasilan_pribadi:, :pendidikan:)', [...], false)
 5 SYSTEMPATH\Model.php(355): CodeIgniter\Database\BaseBuilder->insert()
 6 SYSTEMPATH\BaseModel.php(899): CodeIgniter\Model->doInsert([...])
 7 SYSTEMPATH\Model.php(668): CodeIgniter\BaseModel->insert([...], true)
 8 APPPATH\Controllers\DetailAnggota.php(100): CodeIgniter\Model->insert([...])
 9 SYSTEMPATH\CodeIgniter.php(951): App\Controllers\DetailAnggota->simpanKepalaKeluarga()
10 SYSTEMPATH\CodeIgniter.php(497): CodeIgniter\CodeIgniter->runController(Object(App\Controllers\DetailAnggota))
11 SYSTEMPATH\CodeIgniter.php(340): CodeIgniter\CodeIgniter->handleRequest(null, Object(Config\Cache), false)
12 SYSTEMPATH\Boot.php(417): CodeIgniter\CodeIgniter->run()
13 SYSTEMPATH\Boot.php(68): CodeIgniter\Boot::runCodeIgniter(Object(CodeIgniter\CodeIgniter))
14 FCPATH\index.php(59): CodeIgniter\Boot::bootWeb(Object(Config\Paths))
ERROR - 2026-06-28 11:09:00 --> Duplicate entry ' 3201010004' for key 'detail_anggota.nik'
in SYSTEMPATH\Database\MySQLi\Connection.php on line 300.
 1 SYSTEMPATH\Database\MySQLi\Connection.php(300): mysqli->query('INSERT INTO `detail_anggota` (`nik`, `nama`, `jenis_kelamin`, `tanggal_lahir`, `hubungan_keluarga`, `id_pekerjaan`, `penghasilan_pribadi`, `pendidikan`) VALUES (\' 3201010004\', \' Jokowidodo\', \'L\', \'1975-01-15\', \'Kepala Keluarga\', \'3\', \'1.500.000\', \'SMP\')', 0)
 2 SYSTEMPATH\Database\BaseConnection.php(910): CodeIgniter\Database\MySQLi\Connection->execute('INSERT INTO `detail_anggota` (`nik`, `nama`, `jenis_kelamin`, `tanggal_lahir`, `hubungan_keluarga`, `id_pekerjaan`, `penghasilan_pribadi`, `pendidikan`) VALUES (\' 3201010004\', \' Jokowidodo\', \'L\', \'1975-01-15\', \'Kepala Keluarga\', \'3\', \'1.500.000\', \'SMP\')')
 3 SYSTEMPATH\Database\BaseConnection.php(827): CodeIgniter\Database\BaseConnection->simpleQuery('INSERT INTO `detail_anggota` (`nik`, `nama`, `jenis_kelamin`, `tanggal_lahir`, `hubungan_keluarga`, `id_pekerjaan`, `penghasilan_pribadi`, `pendidikan`) VALUES (\' 3201010004\', \' Jokowidodo\', \'L\', \'1975-01-15\', \'Kepala Keluarga\', \'3\', \'1.500.000\', \'SMP\')')
 4 SYSTEMPATH\Database\BaseBuilder.php(2345): CodeIgniter\Database\BaseConnection->query('INSERT INTO `detail_anggota` (`nik`, `nama`, `jenis_kelamin`, `tanggal_lahir`, `hubungan_keluarga`, `id_pekerjaan`, `penghasilan_pribadi`, `pendidikan`) VALUES (:nik:, :nama:, :jenis_kelamin:, :tanggal_lahir:, :hubungan_keluarga:, :id_pekerjaan:, :penghasilan_pribadi:, :pendidikan:)', [...], false)
 5 SYSTEMPATH\Model.php(355): CodeIgniter\Database\BaseBuilder->insert()
 6 SYSTEMPATH\BaseModel.php(899): CodeIgniter\Model->doInsert([...])
 7 SYSTEMPATH\Model.php(668): CodeIgniter\BaseModel->insert([...], true)
 8 APPPATH\Controllers\DetailAnggota.php(100): CodeIgniter\Model->insert([...])
 9 SYSTEMPATH\CodeIgniter.php(951): App\Controllers\DetailAnggota->simpanKepalaKeluarga()
10 SYSTEMPATH\CodeIgniter.php(497): CodeIgniter\CodeIgniter->runController(Object(App\Controllers\DetailAnggota))
11 SYSTEMPATH\CodeIgniter.php(340): CodeIgniter\CodeIgniter->handleRequest(null, Object(Config\Cache), false)
12 SYSTEMPATH\Boot.php(417): CodeIgniter\CodeIgniter->run()
13 SYSTEMPATH\Boot.php(68): CodeIgniter\Boot::runCodeIgniter(Object(CodeIgniter\CodeIgniter))
14 FCPATH\index.php(59): CodeIgniter\Boot::bootWeb(Object(Config\Paths))
CRITICAL - 2026-06-28 11:09:00 --> CodeIgniter\Database\Exceptions\DatabaseException: Duplicate entry ' 3201010004' for key 'detail_anggota.nik'
[Method: POST, Route: detailanggota/simpanKepalaKeluarga]
in SYSTEMPATH\Database\BaseConnection.php on line 865.
 1 SYSTEMPATH\Database\BaseBuilder.php(2345): CodeIgniter\Database\BaseConnection->query('INSERT INTO `detail_anggota` (`nik`, `nama`, `jenis_kelamin`, `tanggal_lahir`, `hubungan_keluarga`, `id_pekerjaan`, `penghasilan_pribadi`, `pendidikan`) VALUES (:nik:, :nama:, :jenis_kelamin:, :tanggal_lahir:, :hubungan_keluarga:, :id_pekerjaan:, :penghasilan_pribadi:, :pendidikan:)', [...], false)
 2 SYSTEMPATH\Model.php(355): CodeIgniter\Database\BaseBuilder->insert()
 3 SYSTEMPATH\BaseModel.php(899): CodeIgniter\Model->doInsert([...])
 4 SYSTEMPATH\Model.php(668): CodeIgniter\BaseModel->insert([...], true)
 5 APPPATH\Controllers\DetailAnggota.php(100): CodeIgniter\Model->insert([...])
 6 SYSTEMPATH\CodeIgniter.php(951): App\Controllers\DetailAnggota->simpanKepalaKeluarga()
 7 SYSTEMPATH\CodeIgniter.php(497): CodeIgniter\CodeIgniter->runController(Object(App\Controllers\DetailAnggota))
 8 SYSTEMPATH\CodeIgniter.php(340): CodeIgniter\CodeIgniter->handleRequest(null, Object(Config\Cache), false)
 9 SYSTEMPATH\Boot.php(417): CodeIgniter\CodeIgniter->run()
10 SYSTEMPATH\Boot.php(68): CodeIgniter\Boot::runCodeIgniter(Object(CodeIgniter\CodeIgniter))
11 FCPATH\index.php(59): CodeIgniter\Boot::bootWeb(Object(Config\Paths))
CRITICAL - 2026-06-28 11:09:01 --> [Caused by] CodeIgniter\Database\Exceptions\DatabaseException: Duplicate entry ' 3201010004' for key 'detail_anggota.nik'
in SYSTEMPATH\Database\MySQLi\Connection.php on line 310.
 1 SYSTEMPATH\Database\BaseConnection.php(910): CodeIgniter\Database\MySQLi\Connection->execute('INSERT INTO `detail_anggota` (`nik`, `nama`, `jenis_kelamin`, `tanggal_lahir`, `hubungan_keluarga`, `id_pekerjaan`, `penghasilan_pribadi`, `pendidikan`) VALUES (\' 3201010004\', \' Jokowidodo\', \'L\', \'1975-01-15\', \'Kepala Keluarga\', \'3\', \'1.500.000\', \'SMP\')')
 2 SYSTEMPATH\Database\BaseConnection.php(827): CodeIgniter\Database\BaseConnection->simpleQuery('INSERT INTO `detail_anggota` (`nik`, `nama`, `jenis_kelamin`, `tanggal_lahir`, `hubungan_keluarga`, `id_pekerjaan`, `penghasilan_pribadi`, `pendidikan`) VALUES (\' 3201010004\', \' Jokowidodo\', \'L\', \'1975-01-15\', \'Kepala Keluarga\', \'3\', \'1.500.000\', \'SMP\')')
 3 SYSTEMPATH\Database\BaseBuilder.php(2345): CodeIgniter\Database\BaseConnection->query('INSERT INTO `detail_anggota` (`nik`, `nama`, `jenis_kelamin`, `tanggal_lahir`, `hubungan_keluarga`, `id_pekerjaan`, `penghasilan_pribadi`, `pendidikan`) VALUES (:nik:, :nama:, :jenis_kelamin:, :tanggal_lahir:, :hubungan_keluarga:, :id_pekerjaan:, :penghasilan_pribadi:, :pendidikan:)', [...], false)
 4 SYSTEMPATH\Model.php(355): CodeIgniter\Database\BaseBuilder->insert()
 5 SYSTEMPATH\BaseModel.php(899): CodeIgniter\Model->doInsert([...])
 6 SYSTEMPATH\Model.php(668): CodeIgniter\BaseModel->insert([...], true)
 7 APPPATH\Controllers\DetailAnggota.php(100): CodeIgniter\Model->insert([...])
 8 SYSTEMPATH\CodeIgniter.php(951): App\Controllers\DetailAnggota->simpanKepalaKeluarga()
 9 SYSTEMPATH\CodeIgniter.php(497): CodeIgniter\CodeIgniter->runController(Object(App\Controllers\DetailAnggota))
10 SYSTEMPATH\CodeIgniter.php(340): CodeIgniter\CodeIgniter->handleRequest(null, Object(Config\Cache), false)
11 SYSTEMPATH\Boot.php(417): CodeIgniter\CodeIgniter->run()
12 SYSTEMPATH\Boot.php(68): CodeIgniter\Boot::runCodeIgniter(Object(CodeIgniter\CodeIgniter))
13 FCPATH\index.php(59): CodeIgniter\Boot::bootWeb(Object(Config\Paths))
CRITICAL - 2026-06-28 11:09:01 --> [Caused by] mysqli_sql_exception: Duplicate entry ' 3201010004' for key 'detail_anggota.nik'
in SYSTEMPATH\Database\MySQLi\Connection.php on line 300.
 1 SYSTEMPATH\Database\MySQLi\Connection.php(300): mysqli->query('INSERT INTO `detail_anggota` (`nik`, `nama`, `jenis_kelamin`, `tanggal_lahir`, `hubungan_keluarga`, `id_pekerjaan`, `penghasilan_pribadi`, `pendidikan`) VALUES (\' 3201010004\', \' Jokowidodo\', \'L\', \'1975-01-15\', \'Kepala Keluarga\', \'3\', \'1.500.000\', \'SMP\')', 0)
 2 SYSTEMPATH\Database\BaseConnection.php(910): CodeIgniter\Database\MySQLi\Connection->execute('INSERT INTO `detail_anggota` (`nik`, `nama`, `jenis_kelamin`, `tanggal_lahir`, `hubungan_keluarga`, `id_pekerjaan`, `penghasilan_pribadi`, `pendidikan`) VALUES (\' 3201010004\', \' Jokowidodo\', \'L\', \'1975-01-15\', \'Kepala Keluarga\', \'3\', \'1.500.000\', \'SMP\')')
 3 SYSTEMPATH\Database\BaseConnection.php(827): CodeIgniter\Database\BaseConnection->simpleQuery('INSERT INTO `detail_anggota` (`nik`, `nama`, `jenis_kelamin`, `tanggal_lahir`, `hubungan_keluarga`, `id_pekerjaan`, `penghasilan_pribadi`, `pendidikan`) VALUES (\' 3201010004\', \' Jokowidodo\', \'L\', \'1975-01-15\', \'Kepala Keluarga\', \'3\', \'1.500.000\', \'SMP\')')
 4 SYSTEMPATH\Database\BaseBuilder.php(2345): CodeIgniter\Database\BaseConnection->query('INSERT INTO `detail_anggota` (`nik`, `nama`, `jenis_kelamin`, `tanggal_lahir`, `hubungan_keluarga`, `id_pekerjaan`, `penghasilan_pribadi`, `pendidikan`) VALUES (:nik:, :nama:, :jenis_kelamin:, :tanggal_lahir:, :hubungan_keluarga:, :id_pekerjaan:, :penghasilan_pribadi:, :pendidikan:)', [...], false)
 5 SYSTEMPATH\Model.php(355): CodeIgniter\Database\BaseBuilder->insert()
 6 SYSTEMPATH\BaseModel.php(899): CodeIgniter\Model->doInsert([...])
 7 SYSTEMPATH\Model.php(668): CodeIgniter\BaseModel->insert([...], true)
 8 APPPATH\Controllers\DetailAnggota.php(100): CodeIgniter\Model->insert([...])
 9 SYSTEMPATH\CodeIgniter.php(951): App\Controllers\DetailAnggota->simpanKepalaKeluarga()
10 SYSTEMPATH\CodeIgniter.php(497): CodeIgniter\CodeIgniter->runController(Object(App\Controllers\DetailAnggota))
11 SYSTEMPATH\CodeIgniter.php(340): CodeIgniter\CodeIgniter->handleRequest(null, Object(Config\Cache), false)
12 SYSTEMPATH\Boot.php(417): CodeIgniter\CodeIgniter->run()
13 SYSTEMPATH\Boot.php(68): CodeIgniter\Boot::runCodeIgniter(Object(CodeIgniter\CodeIgniter))
14 FCPATH\index.php(59): CodeIgniter\Boot::bootWeb(Object(Config\Paths))
ERROR - 2026-06-28 11:09:46 --> Duplicate entry ' 3201010004' for key 'detail_anggota.nik'
in SYSTEMPATH\Database\MySQLi\Connection.php on line 300.
 1 SYSTEMPATH\Database\MySQLi\Connection.php(300): mysqli->query('INSERT INTO `detail_anggota` (`nik`, `nama`, `jenis_kelamin`, `tanggal_lahir`, `hubungan_keluarga`, `id_pekerjaan`, `penghasilan_pribadi`, `pendidikan`) VALUES (\' 3201010004\', \' Jokowidodo\', \'L\', \'1975-01-15\', \'Kepala Keluarga\', \'3\', \'1.500.000\', \'SMP\')', 0)
 2 SYSTEMPATH\Database\BaseConnection.php(910): CodeIgniter\Database\MySQLi\Connection->execute('INSERT INTO `detail_anggota` (`nik`, `nama`, `jenis_kelamin`, `tanggal_lahir`, `hubungan_keluarga`, `id_pekerjaan`, `penghasilan_pribadi`, `pendidikan`) VALUES (\' 3201010004\', \' Jokowidodo\', \'L\', \'1975-01-15\', \'Kepala Keluarga\', \'3\', \'1.500.000\', \'SMP\')')
 3 SYSTEMPATH\Database\BaseConnection.php(827): CodeIgniter\Database\BaseConnection->simpleQuery('INSERT INTO `detail_anggota` (`nik`, `nama`, `jenis_kelamin`, `tanggal_lahir`, `hubungan_keluarga`, `id_pekerjaan`, `penghasilan_pribadi`, `pendidikan`) VALUES (\' 3201010004\', \' Jokowidodo\', \'L\', \'1975-01-15\', \'Kepala Keluarga\', \'3\', \'1.500.000\', \'SMP\')')
 4 SYSTEMPATH\Database\BaseBuilder.php(2345): CodeIgniter\Database\BaseConnection->query('INSERT INTO `detail_anggota` (`nik`, `nama`, `jenis_kelamin`, `tanggal_lahir`, `hubungan_keluarga`, `id_pekerjaan`, `penghasilan_pribadi`, `pendidikan`) VALUES (:nik:, :nama:, :jenis_kelamin:, :tanggal_lahir:, :hubungan_keluarga:, :id_pekerjaan:, :penghasilan_pribadi:, :pendidikan:)', [...], false)
 5 SYSTEMPATH\Model.php(355): CodeIgniter\Database\BaseBuilder->insert()
 6 SYSTEMPATH\BaseModel.php(899): CodeIgniter\Model->doInsert([...])
 7 SYSTEMPATH\Model.php(668): CodeIgniter\BaseModel->insert([...], true)
 8 APPPATH\Controllers\DetailAnggota.php(100): CodeIgniter\Model->insert([...])
 9 SYSTEMPATH\CodeIgniter.php(951): App\Controllers\DetailAnggota->simpanKepalaKeluarga()
10 SYSTEMPATH\CodeIgniter.php(497): CodeIgniter\CodeIgniter->runController(Object(App\Controllers\DetailAnggota))
11 SYSTEMPATH\CodeIgniter.php(340): CodeIgniter\CodeIgniter->handleRequest(null, Object(Config\Cache), false)
12 SYSTEMPATH\Boot.php(417): CodeIgniter\CodeIgniter->run()
13 SYSTEMPATH\Boot.php(68): CodeIgniter\Boot::runCodeIgniter(Object(CodeIgniter\CodeIgniter))
14 FCPATH\index.php(59): CodeIgniter\Boot::bootWeb(Object(Config\Paths))
CRITICAL - 2026-06-28 11:09:46 --> CodeIgniter\Database\Exceptions\DatabaseException: Duplicate entry ' 3201010004' for key 'detail_anggota.nik'
[Method: POST, Route: detailanggota/simpanKepalaKeluarga]
in SYSTEMPATH\Database\BaseConnection.php on line 865.
 1 SYSTEMPATH\Database\BaseBuilder.php(2345): CodeIgniter\Database\BaseConnection->query('INSERT INTO `detail_anggota` (`nik`, `nama`, `jenis_kelamin`, `tanggal_lahir`, `hubungan_keluarga`, `id_pekerjaan`, `penghasilan_pribadi`, `pendidikan`) VALUES (:nik:, :nama:, :jenis_kelamin:, :tanggal_lahir:, :hubungan_keluarga:, :id_pekerjaan:, :penghasilan_pribadi:, :pendidikan:)', [...], false)
 2 SYSTEMPATH\Model.php(355): CodeIgniter\Database\BaseBuilder->insert()
 3 SYSTEMPATH\BaseModel.php(899): CodeIgniter\Model->doInsert([...])
 4 SYSTEMPATH\Model.php(668): CodeIgniter\BaseModel->insert([...], true)
 5 APPPATH\Controllers\DetailAnggota.php(100): CodeIgniter\Model->insert([...])
 6 SYSTEMPATH\CodeIgniter.php(951): App\Controllers\DetailAnggota->simpanKepalaKeluarga()
 7 SYSTEMPATH\CodeIgniter.php(497): CodeIgniter\CodeIgniter->runController(Object(App\Controllers\DetailAnggota))
 8 SYSTEMPATH\CodeIgniter.php(340): CodeIgniter\CodeIgniter->handleRequest(null, Object(Config\Cache), false)
 9 SYSTEMPATH\Boot.php(417): CodeIgniter\CodeIgniter->run()
10 SYSTEMPATH\Boot.php(68): CodeIgniter\Boot::runCodeIgniter(Object(CodeIgniter\CodeIgniter))
11 FCPATH\index.php(59): CodeIgniter\Boot::bootWeb(Object(Config\Paths))
CRITICAL - 2026-06-28 11:09:46 --> [Caused by] CodeIgniter\Database\Exceptions\DatabaseException: Duplicate entry ' 3201010004' for key 'detail_anggota.nik'
in SYSTEMPATH\Database\MySQLi\Connection.php on line 310.
 1 SYSTEMPATH\Database\BaseConnection.php(910): CodeIgniter\Database\MySQLi\Connection->execute('INSERT INTO `detail_anggota` (`nik`, `nama`, `jenis_kelamin`, `tanggal_lahir`, `hubungan_keluarga`, `id_pekerjaan`, `penghasilan_pribadi`, `pendidikan`) VALUES (\' 3201010004\', \' Jokowidodo\', \'L\', \'1975-01-15\', \'Kepala Keluarga\', \'3\', \'1.500.000\', \'SMP\')')
 2 SYSTEMPATH\Database\BaseConnection.php(827): CodeIgniter\Database\BaseConnection->simpleQuery('INSERT INTO `detail_anggota` (`nik`, `nama`, `jenis_kelamin`, `tanggal_lahir`, `hubungan_keluarga`, `id_pekerjaan`, `penghasilan_pribadi`, `pendidikan`) VALUES (\' 3201010004\', \' Jokowidodo\', \'L\', \'1975-01-15\', \'Kepala Keluarga\', \'3\', \'1.500.000\', \'SMP\')')
 3 SYSTEMPATH\Database\BaseBuilder.php(2345): CodeIgniter\Database\BaseConnection->query('INSERT INTO `detail_anggota` (`nik`, `nama`, `jenis_kelamin`, `tanggal_lahir`, `hubungan_keluarga`, `id_pekerjaan`, `penghasilan_pribadi`, `pendidikan`) VALUES (:nik:, :nama:, :jenis_kelamin:, :tanggal_lahir:, :hubungan_keluarga:, :id_pekerjaan:, :penghasilan_pribadi:, :pendidikan:)', [...], false)
 4 SYSTEMPATH\Model.php(355): CodeIgniter\Database\BaseBuilder->insert()
 5 SYSTEMPATH\BaseModel.php(899): CodeIgniter\Model->doInsert([...])
 6 SYSTEMPATH\Model.php(668): CodeIgniter\BaseModel->insert([...], true)
 7 APPPATH\Controllers\DetailAnggota.php(100): CodeIgniter\Model->insert([...])
 8 SYSTEMPATH\CodeIgniter.php(951): App\Controllers\DetailAnggota->simpanKepalaKeluarga()
 9 SYSTEMPATH\CodeIgniter.php(497): CodeIgniter\CodeIgniter->runController(Object(App\Controllers\DetailAnggota))
10 SYSTEMPATH\CodeIgniter.php(340): CodeIgniter\CodeIgniter->handleRequest(null, Object(Config\Cache), false)
11 SYSTEMPATH\Boot.php(417): CodeIgniter\CodeIgniter->run()
12 SYSTEMPATH\Boot.php(68): CodeIgniter\Boot::runCodeIgniter(Object(CodeIgniter\CodeIgniter))
13 FCPATH\index.php(59): CodeIgniter\Boot::bootWeb(Object(Config\Paths))
CRITICAL - 2026-06-28 11:09:46 --> [Caused by] mysqli_sql_exception: Duplicate entry ' 3201010004' for key 'detail_anggota.nik'
in SYSTEMPATH\Database\MySQLi\Connection.php on line 300.
 1 SYSTEMPATH\Database\MySQLi\Connection.php(300): mysqli->query('INSERT INTO `detail_anggota` (`nik`, `nama`, `jenis_kelamin`, `tanggal_lahir`, `hubungan_keluarga`, `id_pekerjaan`, `penghasilan_pribadi`, `pendidikan`) VALUES (\' 3201010004\', \' Jokowidodo\', \'L\', \'1975-01-15\', \'Kepala Keluarga\', \'3\', \'1.500.000\', \'SMP\')', 0)
 2 SYSTEMPATH\Database\BaseConnection.php(910): CodeIgniter\Database\MySQLi\Connection->execute('INSERT INTO `detail_anggota` (`nik`, `nama`, `jenis_kelamin`, `tanggal_lahir`, `hubungan_keluarga`, `id_pekerjaan`, `penghasilan_pribadi`, `pendidikan`) VALUES (\' 3201010004\', \' Jokowidodo\', \'L\', \'1975-01-15\', \'Kepala Keluarga\', \'3\', \'1.500.000\', \'SMP\')')
 3 SYSTEMPATH\Database\BaseConnection.php(827): CodeIgniter\Database\BaseConnection->simpleQuery('INSERT INTO `detail_anggota` (`nik`, `nama`, `jenis_kelamin`, `tanggal_lahir`, `hubungan_keluarga`, `id_pekerjaan`, `penghasilan_pribadi`, `pendidikan`) VALUES (\' 3201010004\', \' Jokowidodo\', \'L\', \'1975-01-15\', \'Kepala Keluarga\', \'3\', \'1.500.000\', \'SMP\')')
 4 SYSTEMPATH\Database\BaseBuilder.php(2345): CodeIgniter\Database\BaseConnection->query('INSERT INTO `detail_anggota` (`nik`, `nama`, `jenis_kelamin`, `tanggal_lahir`, `hubungan_keluarga`, `id_pekerjaan`, `penghasilan_pribadi`, `pendidikan`) VALUES (:nik:, :nama:, :jenis_kelamin:, :tanggal_lahir:, :hubungan_keluarga:, :id_pekerjaan:, :penghasilan_pribadi:, :pendidikan:)', [...], false)
 5 SYSTEMPATH\Model.php(355): CodeIgniter\Database\BaseBuilder->insert()
 6 SYSTEMPATH\BaseModel.php(899): CodeIgniter\Model->doInsert([...])
 7 SYSTEMPATH\Model.php(668): CodeIgniter\BaseModel->insert([...], true)
 8 APPPATH\Controllers\DetailAnggota.php(100): CodeIgniter\Model->insert([...])
 9 SYSTEMPATH\CodeIgniter.php(951): App\Controllers\DetailAnggota->simpanKepalaKeluarga()
10 SYSTEMPATH\CodeIgniter.php(497): CodeIgniter\CodeIgniter->runController(Object(App\Controllers\DetailAnggota))
11 SYSTEMPATH\CodeIgniter.php(340): CodeIgniter\CodeIgniter->handleRequest(null, Object(Config\Cache), false)
12 SYSTEMPATH\Boot.php(417): CodeIgniter\CodeIgniter->run()
13 SYSTEMPATH\Boot.php(68): CodeIgniter\Boot::runCodeIgniter(Object(CodeIgniter\CodeIgniter))
14 FCPATH\index.php(59): CodeIgniter\Boot::bootWeb(Object(Config\Paths))
ERROR - 2026-06-28 11:14:48 --> Duplicate entry ' 3201010004' for key 'detail_anggota.nik'
in SYSTEMPATH\Database\MySQLi\Connection.php on line 300.
 1 SYSTEMPATH\Database\MySQLi\Connection.php(300): mysqli->query('UPDATE `detail_anggota` SET `nik` = \' 3201010004\', `nama` = \' Jokowidodo\', `jenis_kelamin` = \'L\', `tanggal_lahir` = \'1975-01-15\', `hubungan_keluarga` = \'Kepala Keluarga\', `id_pekerjaan` = \'3\', `penghasilan_pribadi` = \'1.500.000\', `pendidikan` = \'SMP\'
WHERE `detail_anggota`.`id_anggota` IN (\'4\')', 0)
 2 SYSTEMPATH\Database\BaseConnection.php(910): CodeIgniter\Database\MySQLi\Connection->execute('UPDATE `detail_anggota` SET `nik` = \' 3201010004\', `nama` = \' Jokowidodo\', `jenis_kelamin` = \'L\', `tanggal_lahir` = \'1975-01-15\', `hubungan_keluarga` = \'Kepala Keluarga\', `id_pekerjaan` = \'3\', `penghasilan_pribadi` = \'1.500.000\', `pendidikan` = \'SMP\'
WHERE `detail_anggota`.`id_anggota` IN (\'4\')')
 3 SYSTEMPATH\Database\BaseConnection.php(827): CodeIgniter\Database\BaseConnection->simpleQuery('UPDATE `detail_anggota` SET `nik` = \' 3201010004\', `nama` = \' Jokowidodo\', `jenis_kelamin` = \'L\', `tanggal_lahir` = \'1975-01-15\', `hubungan_keluarga` = \'Kepala Keluarga\', `id_pekerjaan` = \'3\', `penghasilan_pribadi` = \'1.500.000\', `pendidikan` = \'SMP\'
WHERE `detail_anggota`.`id_anggota` IN (\'4\')')
 4 SYSTEMPATH\Database\BaseBuilder.php(2521): CodeIgniter\Database\BaseConnection->query('UPDATE `detail_anggota` SET `nik` = :nik:, `nama` = :nama:, `jenis_kelamin` = :jenis_kelamin:, `tanggal_lahir` = :tanggal_lahir:, `hubungan_keluarga` = :hubungan_keluarga:, `id_pekerjaan` = :id_pekerjaan:, `penghasilan_pribadi` = :penghasilan_pribadi:, `pendidikan` = :pendidikan:
WHERE `detail_anggota`.`id_anggota` IN :detail_anggota.id_anggota:', [...], false)
 5 SYSTEMPATH\Model.php(406): CodeIgniter\Database\BaseBuilder->update()
 6 SYSTEMPATH\BaseModel.php(1074): CodeIgniter\Model->doUpdate([...], [...])
 7 SYSTEMPATH\Model.php(709): CodeIgniter\BaseModel->update([...], [...])
 8 APPPATH\Controllers\DetailAnggota.php(90): CodeIgniter\Model->update('4', [...])
 9 SYSTEMPATH\CodeIgniter.php(951): App\Controllers\DetailAnggota->simpanKepalaKeluarga()
10 SYSTEMPATH\CodeIgniter.php(497): CodeIgniter\CodeIgniter->runController(Object(App\Controllers\DetailAnggota))
11 SYSTEMPATH\CodeIgniter.php(340): CodeIgniter\CodeIgniter->handleRequest(null, Object(Config\Cache), false)
12 SYSTEMPATH\Boot.php(417): CodeIgniter\CodeIgniter->run()
13 SYSTEMPATH\Boot.php(68): CodeIgniter\Boot::runCodeIgniter(Object(CodeIgniter\CodeIgniter))
14 FCPATH\index.php(59): CodeIgniter\Boot::bootWeb(Object(Config\Paths))
CRITICAL - 2026-06-28 11:14:48 --> CodeIgniter\Database\Exceptions\DatabaseException: Duplicate entry ' 3201010004' for key 'detail_anggota.nik'
[Method: POST, Route: detailanggota/simpanKepalaKeluarga]
in SYSTEMPATH\Database\BaseConnection.php on line 865.
 1 SYSTEMPATH\Database\BaseBuilder.php(2521): CodeIgniter\Database\BaseConnection->query('UPDATE `detail_anggota` SET `nik` = :nik:, `nama` = :nama:, `jenis_kelamin` = :jenis_kelamin:, `tanggal_lahir` = :tanggal_lahir:, `hubungan_keluarga` = :hubungan_keluarga:, `id_pekerjaan` = :id_pekerjaan:, `penghasilan_pribadi` = :penghasilan_pribadi:, `pendidikan` = :pendidikan:
WHERE `detail_anggota`.`id_anggota` IN :detail_anggota.id_anggota:', [...], false)
 2 SYSTEMPATH\Model.php(406): CodeIgniter\Database\BaseBuilder->update()
 3 SYSTEMPATH\BaseModel.php(1074): CodeIgniter\Model->doUpdate([...], [...])
 4 SYSTEMPATH\Model.php(709): CodeIgniter\BaseModel->update([...], [...])
 5 APPPATH\Controllers\DetailAnggota.php(90): CodeIgniter\Model->update('4', [...])
 6 SYSTEMPATH\CodeIgniter.php(951): App\Controllers\DetailAnggota->simpanKepalaKeluarga()
 7 SYSTEMPATH\CodeIgniter.php(497): CodeIgniter\CodeIgniter->runController(Object(App\Controllers\DetailAnggota))
 8 SYSTEMPATH\CodeIgniter.php(340): CodeIgniter\CodeIgniter->handleRequest(null, Object(Config\Cache), false)
 9 SYSTEMPATH\Boot.php(417): CodeIgniter\CodeIgniter->run()
10 SYSTEMPATH\Boot.php(68): CodeIgniter\Boot::runCodeIgniter(Object(CodeIgniter\CodeIgniter))
11 FCPATH\index.php(59): CodeIgniter\Boot::bootWeb(Object(Config\Paths))
CRITICAL - 2026-06-28 11:14:48 --> [Caused by] CodeIgniter\Database\Exceptions\DatabaseException: Duplicate entry ' 3201010004' for key 'detail_anggota.nik'
in SYSTEMPATH\Database\MySQLi\Connection.php on line 310.
 1 SYSTEMPATH\Database\BaseConnection.php(910): CodeIgniter\Database\MySQLi\Connection->execute('UPDATE `detail_anggota` SET `nik` = \' 3201010004\', `nama` = \' Jokowidodo\', `jenis_kelamin` = \'L\', `tanggal_lahir` = \'1975-01-15\', `hubungan_keluarga` = \'Kepala Keluarga\', `id_pekerjaan` = \'3\', `penghasilan_pribadi` = \'1.500.000\', `pendidikan` = \'SMP\'
WHERE `detail_anggota`.`id_anggota` IN (\'4\')')
 2 SYSTEMPATH\Database\BaseConnection.php(827): CodeIgniter\Database\BaseConnection->simpleQuery('UPDATE `detail_anggota` SET `nik` = \' 3201010004\', `nama` = \' Jokowidodo\', `jenis_kelamin` = \'L\', `tanggal_lahir` = \'1975-01-15\', `hubungan_keluarga` = \'Kepala Keluarga\', `id_pekerjaan` = \'3\', `penghasilan_pribadi` = \'1.500.000\', `pendidikan` = \'SMP\'
WHERE `detail_anggota`.`id_anggota` IN (\'4\')')
 3 SYSTEMPATH\Database\BaseBuilder.php(2521): CodeIgniter\Database\BaseConnection->query('UPDATE `detail_anggota` SET `nik` = :nik:, `nama` = :nama:, `jenis_kelamin` = :jenis_kelamin:, `tanggal_lahir` = :tanggal_lahir:, `hubungan_keluarga` = :hubungan_keluarga:, `id_pekerjaan` = :id_pekerjaan:, `penghasilan_pribadi` = :penghasilan_pribadi:, `pendidikan` = :pendidikan:
WHERE `detail_anggota`.`id_anggota` IN :detail_anggota.id_anggota:', [...], false)
 4 SYSTEMPATH\Model.php(406): CodeIgniter\Database\BaseBuilder->update()
 5 SYSTEMPATH\BaseModel.php(1074): CodeIgniter\Model->doUpdate([...], [...])
 6 SYSTEMPATH\Model.php(709): CodeIgniter\BaseModel->update([...], [...])
 7 APPPATH\Controllers\DetailAnggota.php(90): CodeIgniter\Model->update('4', [...])
 8 SYSTEMPATH\CodeIgniter.php(951): App\Controllers\DetailAnggota->simpanKepalaKeluarga()
 9 SYSTEMPATH\CodeIgniter.php(497): CodeIgniter\CodeIgniter->runController(Object(App\Controllers\DetailAnggota))
10 SYSTEMPATH\CodeIgniter.php(340): CodeIgniter\CodeIgniter->handleRequest(null, Object(Config\Cache), false)
11 SYSTEMPATH\Boot.php(417): CodeIgniter\CodeIgniter->run()
12 SYSTEMPATH\Boot.php(68): CodeIgniter\Boot::runCodeIgniter(Object(CodeIgniter\CodeIgniter))
13 FCPATH\index.php(59): CodeIgniter\Boot::bootWeb(Object(Config\Paths))
CRITICAL - 2026-06-28 11:14:48 --> [Caused by] mysqli_sql_exception: Duplicate entry ' 3201010004' for key 'detail_anggota.nik'
in SYSTEMPATH\Database\MySQLi\Connection.php on line 300.
 1 SYSTEMPATH\Database\MySQLi\Connection.php(300): mysqli->query('UPDATE `detail_anggota` SET `nik` = \' 3201010004\', `nama` = \' Jokowidodo\', `jenis_kelamin` = \'L\', `tanggal_lahir` = \'1975-01-15\', `hubungan_keluarga` = \'Kepala Keluarga\', `id_pekerjaan` = \'3\', `penghasilan_pribadi` = \'1.500.000\', `pendidikan` = \'SMP\'
WHERE `detail_anggota`.`id_anggota` IN (\'4\')', 0)
 2 SYSTEMPATH\Database\BaseConnection.php(910): CodeIgniter\Database\MySQLi\Connection->execute('UPDATE `detail_anggota` SET `nik` = \' 3201010004\', `nama` = \' Jokowidodo\', `jenis_kelamin` = \'L\', `tanggal_lahir` = \'1975-01-15\', `hubungan_keluarga` = \'Kepala Keluarga\', `id_pekerjaan` = \'3\', `penghasilan_pribadi` = \'1.500.000\', `pendidikan` = \'SMP\'
WHERE `detail_anggota`.`id_anggota` IN (\'4\')')
 3 SYSTEMPATH\Database\BaseConnection.php(827): CodeIgniter\Database\BaseConnection->simpleQuery('UPDATE `detail_anggota` SET `nik` = \' 3201010004\', `nama` = \' Jokowidodo\', `jenis_kelamin` = \'L\', `tanggal_lahir` = \'1975-01-15\', `hubungan_keluarga` = \'Kepala Keluarga\', `id_pekerjaan` = \'3\', `penghasilan_pribadi` = \'1.500.000\', `pendidikan` = \'SMP\'
WHERE `detail_anggota`.`id_anggota` IN (\'4\')')
 4 SYSTEMPATH\Database\BaseBuilder.php(2521): CodeIgniter\Database\BaseConnection->query('UPDATE `detail_anggota` SET `nik` = :nik:, `nama` = :nama:, `jenis_kelamin` = :jenis_kelamin:, `tanggal_lahir` = :tanggal_lahir:, `hubungan_keluarga` = :hubungan_keluarga:, `id_pekerjaan` = :id_pekerjaan:, `penghasilan_pribadi` = :penghasilan_pribadi:, `pendidikan` = :pendidikan:
WHERE `detail_anggota`.`id_anggota` IN :detail_anggota.id_anggota:', [...], false)
 5 SYSTEMPATH\Model.php(406): CodeIgniter\Database\BaseBuilder->update()
 6 SYSTEMPATH\BaseModel.php(1074): CodeIgniter\Model->doUpdate([...], [...])
 7 SYSTEMPATH\Model.php(709): CodeIgniter\BaseModel->update([...], [...])
 8 APPPATH\Controllers\DetailAnggota.php(90): CodeIgniter\Model->update('4', [...])
 9 SYSTEMPATH\CodeIgniter.php(951): App\Controllers\DetailAnggota->simpanKepalaKeluarga()
10 SYSTEMPATH\CodeIgniter.php(497): CodeIgniter\CodeIgniter->runController(Object(App\Controllers\DetailAnggota))
11 SYSTEMPATH\CodeIgniter.php(340): CodeIgniter\CodeIgniter->handleRequest(null, Object(Config\Cache), false)
12 SYSTEMPATH\Boot.php(417): CodeIgniter\CodeIgniter->run()
13 SYSTEMPATH\Boot.php(68): CodeIgniter\Boot::runCodeIgniter(Object(CodeIgniter\CodeIgniter))
14 FCPATH\index.php(59): CodeIgniter\Boot::bootWeb(Object(Config\Paths))
CRITICAL - 2026-06-28 11:15:20 --> ErrorException: Undefined variable $id
[Method: POST, Route: detailanggota/simpanKepalaKeluarga]
in APPPATH\Controllers\DetailAnggota.php on line 94.
 1 APPPATH\Controllers\DetailAnggota.php(94): CodeIgniter\Debug\Exceptions->errorHandler(2, 'Undefined variable $id', 'C:\\laragon\\www\\program_bltd\\app\\Controllers\\DetailAnggota.php', 94)
 2 SYSTEMPATH\CodeIgniter.php(951): App\Controllers\DetailAnggota->simpanKepalaKeluarga()
 3 SYSTEMPATH\CodeIgniter.php(497): CodeIgniter\CodeIgniter->runController(Object(App\Controllers\DetailAnggota))
 4 SYSTEMPATH\CodeIgniter.php(340): CodeIgniter\CodeIgniter->handleRequest(null, Object(Config\Cache), false)
 5 SYSTEMPATH\Boot.php(417): CodeIgniter\CodeIgniter->run()
 6 SYSTEMPATH\Boot.php(68): CodeIgniter\Boot::runCodeIgniter(Object(CodeIgniter\CodeIgniter))
 7 FCPATH\index.php(59): CodeIgniter\Boot::bootWeb(Object(Config\Paths))
CRITICAL - 2026-06-28 11:15:46 --> ErrorException: Undefined variable $id
[Method: POST, Route: detailanggota/simpanKepalaKeluarga]
in APPPATH\Controllers\DetailAnggota.php on line 94.
 1 APPPATH\Controllers\DetailAnggota.php(94): CodeIgniter\Debug\Exceptions->errorHandler(2, 'Undefined variable $id', 'C:\\laragon\\www\\program_bltd\\app\\Controllers\\DetailAnggota.php', 94)
 2 SYSTEMPATH\CodeIgniter.php(951): App\Controllers\DetailAnggota->simpanKepalaKeluarga()
 3 SYSTEMPATH\CodeIgniter.php(497): CodeIgniter\CodeIgniter->runController(Object(App\Controllers\DetailAnggota))
 4 SYSTEMPATH\CodeIgniter.php(340): CodeIgniter\CodeIgniter->handleRequest(null, Object(Config\Cache), false)
 5 SYSTEMPATH\Boot.php(417): CodeIgniter\CodeIgniter->run()
 6 SYSTEMPATH\Boot.php(68): CodeIgniter\Boot::runCodeIgniter(Object(CodeIgniter\CodeIgniter))
 7 FCPATH\index.php(59): CodeIgniter\Boot::bootWeb(Object(Config\Paths))
CRITICAL - 2026-06-28 11:21:18 --> ErrorException: Undefined variable $da
[Method: POST, Route: detailanggota/simpanKepalaKeluarga]
in APPPATH\Controllers\DetailAnggota.php on line 94.
 1 APPPATH\Controllers\DetailAnggota.php(94): CodeIgniter\Debug\Exceptions->errorHandler(2, 'Undefined variable $da', 'C:\\laragon\\www\\program_bltd\\app\\Controllers\\DetailAnggota.php', 94)
 2 SYSTEMPATH\CodeIgniter.php(951): App\Controllers\DetailAnggota->simpanKepalaKeluarga()
 3 SYSTEMPATH\CodeIgniter.php(497): CodeIgniter\CodeIgniter->runController(Object(App\Controllers\DetailAnggota))
 4 SYSTEMPATH\CodeIgniter.php(340): CodeIgniter\CodeIgniter->handleRequest(null, Object(Config\Cache), false)
 5 SYSTEMPATH\Boot.php(417): CodeIgniter\CodeIgniter->run()
 6 SYSTEMPATH\Boot.php(68): CodeIgniter\Boot::runCodeIgniter(Object(CodeIgniter\CodeIgniter))
 7 FCPATH\index.php(59): CodeIgniter\Boot::bootWeb(Object(Config\Paths))
ERROR - 2026-06-28 11:23:19 --> Duplicate entry '      3201016450004' for key 'detail_anggota.nik'
in SYSTEMPATH\Database\MySQLi\Connection.php on line 300.
 1 SYSTEMPATH\Database\MySQLi\Connection.php(300): mysqli->query('INSERT INTO `detail_anggota` (`nik`, `nama`, `jenis_kelamin`, `tanggal_lahir`, `hubungan_keluarga`, `id_pekerjaan`, `penghasilan_pribadi`, `pendidikan`) VALUES (\'      3201016450004\', \'      Joko\', \'L\', \'1975-01-15\', \'Kepala Keluarga\', \'3\', \'200.000\', \'SMP\')', 0)
 2 SYSTEMPATH\Database\BaseConnection.php(910): CodeIgniter\Database\MySQLi\Connection->execute('INSERT INTO `detail_anggota` (`nik`, `nama`, `jenis_kelamin`, `tanggal_lahir`, `hubungan_keluarga`, `id_pekerjaan`, `penghasilan_pribadi`, `pendidikan`) VALUES (\'      3201016450004\', \'      Joko\', \'L\', \'1975-01-15\', \'Kepala Keluarga\', \'3\', \'200.000\', \'SMP\')')
 3 SYSTEMPATH\Database\BaseConnection.php(827): CodeIgniter\Database\BaseConnection->simpleQuery('INSERT INTO `detail_anggota` (`nik`, `nama`, `jenis_kelamin`, `tanggal_lahir`, `hubungan_keluarga`, `id_pekerjaan`, `penghasilan_pribadi`, `pendidikan`) VALUES (\'      3201016450004\', \'      Joko\', \'L\', \'1975-01-15\', \'Kepala Keluarga\', \'3\', \'200.000\', \'SMP\')')
 4 SYSTEMPATH\Database\BaseBuilder.php(2345): CodeIgniter\Database\BaseConnection->query('INSERT INTO `detail_anggota` (`nik`, `nama`, `jenis_kelamin`, `tanggal_lahir`, `hubungan_keluarga`, `id_pekerjaan`, `penghasilan_pribadi`, `pendidikan`) VALUES (:nik:, :nama:, :jenis_kelamin:, :tanggal_lahir:, :hubungan_keluarga:, :id_pekerjaan:, :penghasilan_pribadi:, :pendidikan:)', [...], false)
 5 SYSTEMPATH\Model.php(355): CodeIgniter\Database\BaseBuilder->insert()
 6 SYSTEMPATH\BaseModel.php(899): CodeIgniter\Model->doInsert([...])
 7 SYSTEMPATH\Model.php(668): CodeIgniter\BaseModel->insert([...], true)
 8 APPPATH\Controllers\DetailAnggota.php(100): CodeIgniter\Model->insert([...])
 9 SYSTEMPATH\CodeIgniter.php(951): App\Controllers\DetailAnggota->simpanKepalaKeluarga()
10 SYSTEMPATH\CodeIgniter.php(497): CodeIgniter\CodeIgniter->runController(Object(App\Controllers\DetailAnggota))
11 SYSTEMPATH\CodeIgniter.php(340): CodeIgniter\CodeIgniter->handleRequest(null, Object(Config\Cache), false)
12 SYSTEMPATH\Boot.php(417): CodeIgniter\CodeIgniter->run()
13 SYSTEMPATH\Boot.php(68): CodeIgniter\Boot::runCodeIgniter(Object(CodeIgniter\CodeIgniter))
14 FCPATH\index.php(59): CodeIgniter\Boot::bootWeb(Object(Config\Paths))
CRITICAL - 2026-06-28 11:23:19 --> CodeIgniter\Database\Exceptions\DatabaseException: Duplicate entry '      3201016450004' for key 'detail_anggota.nik'
[Method: POST, Route: detailanggota/simpanKepalaKeluarga]
in SYSTEMPATH\Database\BaseConnection.php on line 865.
 1 SYSTEMPATH\Database\BaseBuilder.php(2345): CodeIgniter\Database\BaseConnection->query('INSERT INTO `detail_anggota` (`nik`, `nama`, `jenis_kelamin`, `tanggal_lahir`, `hubungan_keluarga`, `id_pekerjaan`, `penghasilan_pribadi`, `pendidikan`) VALUES (:nik:, :nama:, :jenis_kelamin:, :tanggal_lahir:, :hubungan_keluarga:, :id_pekerjaan:, :penghasilan_pribadi:, :pendidikan:)', [...], false)
 2 SYSTEMPATH\Model.php(355): CodeIgniter\Database\BaseBuilder->insert()
 3 SYSTEMPATH\BaseModel.php(899): CodeIgniter\Model->doInsert([...])
 4 SYSTEMPATH\Model.php(668): CodeIgniter\BaseModel->insert([...], true)
 5 APPPATH\Controllers\DetailAnggota.php(100): CodeIgniter\Model->insert([...])
 6 SYSTEMPATH\CodeIgniter.php(951): App\Controllers\DetailAnggota->simpanKepalaKeluarga()
 7 SYSTEMPATH\CodeIgniter.php(497): CodeIgniter\CodeIgniter->runController(Object(App\Controllers\DetailAnggota))
 8 SYSTEMPATH\CodeIgniter.php(340): CodeIgniter\CodeIgniter->handleRequest(null, Object(Config\Cache), false)
 9 SYSTEMPATH\Boot.php(417): CodeIgniter\CodeIgniter->run()
10 SYSTEMPATH\Boot.php(68): CodeIgniter\Boot::runCodeIgniter(Object(CodeIgniter\CodeIgniter))
11 FCPATH\index.php(59): CodeIgniter\Boot::bootWeb(Object(Config\Paths))
CRITICAL - 2026-06-28 11:23:19 --> [Caused by] CodeIgniter\Database\Exceptions\DatabaseException: Duplicate entry '      3201016450004' for key 'detail_anggota.nik'
in SYSTEMPATH\Database\MySQLi\Connection.php on line 310.
 1 SYSTEMPATH\Database\BaseConnection.php(910): CodeIgniter\Database\MySQLi\Connection->execute('INSERT INTO `detail_anggota` (`nik`, `nama`, `jenis_kelamin`, `tanggal_lahir`, `hubungan_keluarga`, `id_pekerjaan`, `penghasilan_pribadi`, `pendidikan`) VALUES (\'      3201016450004\', \'      Joko\', \'L\', \'1975-01-15\', \'Kepala Keluarga\', \'3\', \'200.000\', \'SMP\')')
 2 SYSTEMPATH\Database\BaseConnection.php(827): CodeIgniter\Database\BaseConnection->simpleQuery('INSERT INTO `detail_anggota` (`nik`, `nama`, `jenis_kelamin`, `tanggal_lahir`, `hubungan_keluarga`, `id_pekerjaan`, `penghasilan_pribadi`, `pendidikan`) VALUES (\'      3201016450004\', \'      Joko\', \'L\', \'1975-01-15\', \'Kepala Keluarga\', \'3\', \'200.000\', \'SMP\')')
 3 SYSTEMPATH\Database\BaseBuilder.php(2345): CodeIgniter\Database\BaseConnection->query('INSERT INTO `detail_anggota` (`nik`, `nama`, `jenis_kelamin`, `tanggal_lahir`, `hubungan_keluarga`, `id_pekerjaan`, `penghasilan_pribadi`, `pendidikan`) VALUES (:nik:, :nama:, :jenis_kelamin:, :tanggal_lahir:, :hubungan_keluarga:, :id_pekerjaan:, :penghasilan_pribadi:, :pendidikan:)', [...], false)
 4 SYSTEMPATH\Model.php(355): CodeIgniter\Database\BaseBuilder->insert()
 5 SYSTEMPATH\BaseModel.php(899): CodeIgniter\Model->doInsert([...])
 6 SYSTEMPATH\Model.php(668): CodeIgniter\BaseModel->insert([...], true)
 7 APPPATH\Controllers\DetailAnggota.php(100): CodeIgniter\Model->insert([...])
 8 SYSTEMPATH\CodeIgniter.php(951): App\Controllers\DetailAnggota->simpanKepalaKeluarga()
 9 SYSTEMPATH\CodeIgniter.php(497): CodeIgniter\CodeIgniter->runController(Object(App\Controllers\DetailAnggota))
10 SYSTEMPATH\CodeIgniter.php(340): CodeIgniter\CodeIgniter->handleRequest(null, Object(Config\Cache), false)
11 SYSTEMPATH\Boot.php(417): CodeIgniter\CodeIgniter->run()
12 SYSTEMPATH\Boot.php(68): CodeIgniter\Boot::runCodeIgniter(Object(CodeIgniter\CodeIgniter))
13 FCPATH\index.php(59): CodeIgniter\Boot::bootWeb(Object(Config\Paths))
CRITICAL - 2026-06-28 11:23:19 --> [Caused by] mysqli_sql_exception: Duplicate entry '      3201016450004' for key 'detail_anggota.nik'
in SYSTEMPATH\Database\MySQLi\Connection.php on line 300.
 1 SYSTEMPATH\Database\MySQLi\Connection.php(300): mysqli->query('INSERT INTO `detail_anggota` (`nik`, `nama`, `jenis_kelamin`, `tanggal_lahir`, `hubungan_keluarga`, `id_pekerjaan`, `penghasilan_pribadi`, `pendidikan`) VALUES (\'      3201016450004\', \'      Joko\', \'L\', \'1975-01-15\', \'Kepala Keluarga\', \'3\', \'200.000\', \'SMP\')', 0)
 2 SYSTEMPATH\Database\BaseConnection.php(910): CodeIgniter\Database\MySQLi\Connection->execute('INSERT INTO `detail_anggota` (`nik`, `nama`, `jenis_kelamin`, `tanggal_lahir`, `hubungan_keluarga`, `id_pekerjaan`, `penghasilan_pribadi`, `pendidikan`) VALUES (\'      3201016450004\', \'      Joko\', \'L\', \'1975-01-15\', \'Kepala Keluarga\', \'3\', \'200.000\', \'SMP\')')
 3 SYSTEMPATH\Database\BaseConnection.php(827): CodeIgniter\Database\BaseConnection->simpleQuery('INSERT INTO `detail_anggota` (`nik`, `nama`, `jenis_kelamin`, `tanggal_lahir`, `hubungan_keluarga`, `id_pekerjaan`, `penghasilan_pribadi`, `pendidikan`) VALUES (\'      3201016450004\', \'      Joko\', \'L\', \'1975-01-15\', \'Kepala Keluarga\', \'3\', \'200.000\', \'SMP\')')
 4 SYSTEMPATH\Database\BaseBuilder.php(2345): CodeIgniter\Database\BaseConnection->query('INSERT INTO `detail_anggota` (`nik`, `nama`, `jenis_kelamin`, `tanggal_lahir`, `hubungan_keluarga`, `id_pekerjaan`, `penghasilan_pribadi`, `pendidikan`) VALUES (:nik:, :nama:, :jenis_kelamin:, :tanggal_lahir:, :hubungan_keluarga:, :id_pekerjaan:, :penghasilan_pribadi:, :pendidikan:)', [...], false)
 5 SYSTEMPATH\Model.php(355): CodeIgniter\Database\BaseBuilder->insert()
 6 SYSTEMPATH\BaseModel.php(899): CodeIgniter\Model->doInsert([...])
 7 SYSTEMPATH\Model.php(668): CodeIgniter\BaseModel->insert([...], true)
 8 APPPATH\Controllers\DetailAnggota.php(100): CodeIgniter\Model->insert([...])
 9 SYSTEMPATH\CodeIgniter.php(951): App\Controllers\DetailAnggota->simpanKepalaKeluarga()
10 SYSTEMPATH\CodeIgniter.php(497): CodeIgniter\CodeIgniter->runController(Object(App\Controllers\DetailAnggota))
11 SYSTEMPATH\CodeIgniter.php(340): CodeIgniter\CodeIgniter->handleRequest(null, Object(Config\Cache), false)
12 SYSTEMPATH\Boot.php(417): CodeIgniter\CodeIgniter->run()
13 SYSTEMPATH\Boot.php(68): CodeIgniter\Boot::runCodeIgniter(Object(CodeIgniter\CodeIgniter))
14 FCPATH\index.php(59): CodeIgniter\Boot::bootWeb(Object(Config\Paths))
ERROR - 2026-06-28 11:26:50 --> Duplicate entry '      3201016450004' for key 'detail_anggota.nik'
in SYSTEMPATH\Database\MySQLi\Connection.php on line 300.
 1 SYSTEMPATH\Database\MySQLi\Connection.php(300): mysqli->query('UPDATE `detail_anggota` SET `nik` = \'      3201016450004\', `nama` = \'      Joko\', `jenis_kelamin` = \'L\', `tanggal_lahir` = \'1975-01-15\', `hubungan_keluarga` = \'Kepala Keluarga\', `id_pekerjaan` = \'3\', `penghasilan_pribadi` = \'1500000\', `pendidikan` = \'SMP\'
WHERE `detail_anggota`.`id_anggota` IN (\'4\')', 0)
 2 SYSTEMPATH\Database\BaseConnection.php(910): CodeIgniter\Database\MySQLi\Connection->execute('UPDATE `detail_anggota` SET `nik` = \'      3201016450004\', `nama` = \'      Joko\', `jenis_kelamin` = \'L\', `tanggal_lahir` = \'1975-01-15\', `hubungan_keluarga` = \'Kepala Keluarga\', `id_pekerjaan` = \'3\', `penghasilan_pribadi` = \'1500000\', `pendidikan` = \'SMP\'
WHERE `detail_anggota`.`id_anggota` IN (\'4\')')
 3 SYSTEMPATH\Database\BaseConnection.php(827): CodeIgniter\Database\BaseConnection->simpleQuery('UPDATE `detail_anggota` SET `nik` = \'      3201016450004\', `nama` = \'      Joko\', `jenis_kelamin` = \'L\', `tanggal_lahir` = \'1975-01-15\', `hubungan_keluarga` = \'Kepala Keluarga\', `id_pekerjaan` = \'3\', `penghasilan_pribadi` = \'1500000\', `pendidikan` = \'SMP\'
WHERE `detail_anggota`.`id_anggota` IN (\'4\')')
 4 SYSTEMPATH\Database\BaseBuilder.php(2521): CodeIgniter\Database\BaseConnection->query('UPDATE `detail_anggota` SET `nik` = :nik:, `nama` = :nama:, `jenis_kelamin` = :jenis_kelamin:, `tanggal_lahir` = :tanggal_lahir:, `hubungan_keluarga` = :hubungan_keluarga:, `id_pekerjaan` = :id_pekerjaan:, `penghasilan_pribadi` = :penghasilan_pribadi:, `pendidikan` = :pendidikan:
WHERE `detail_anggota`.`id_anggota` IN :detail_anggota.id_anggota:', [...], false)
 5 SYSTEMPATH\Model.php(406): CodeIgniter\Database\BaseBuilder->update()
 6 SYSTEMPATH\BaseModel.php(1074): CodeIgniter\Model->doUpdate([...], [...])
 7 SYSTEMPATH\Model.php(709): CodeIgniter\BaseModel->update([...], [...])
 8 APPPATH\Controllers\DetailAnggota.php(90): CodeIgniter\Model->update('4', [...])
 9 SYSTEMPATH\CodeIgniter.php(951): App\Controllers\DetailAnggota->simpanKepalaKeluarga()
10 SYSTEMPATH\CodeIgniter.php(497): CodeIgniter\CodeIgniter->runController(Object(App\Controllers\DetailAnggota))
11 SYSTEMPATH\CodeIgniter.php(340): CodeIgniter\CodeIgniter->handleRequest(null, Object(Config\Cache), false)
12 SYSTEMPATH\Boot.php(417): CodeIgniter\CodeIgniter->run()
13 SYSTEMPATH\Boot.php(68): CodeIgniter\Boot::runCodeIgniter(Object(CodeIgniter\CodeIgniter))
14 FCPATH\index.php(59): CodeIgniter\Boot::bootWeb(Object(Config\Paths))
CRITICAL - 2026-06-28 11:26:50 --> CodeIgniter\Database\Exceptions\DatabaseException: Duplicate entry '      3201016450004' for key 'detail_anggota.nik'
[Method: POST, Route: detailanggota/simpanKepalaKeluarga]
in SYSTEMPATH\Database\BaseConnection.php on line 865.
 1 SYSTEMPATH\Database\BaseBuilder.php(2521): CodeIgniter\Database\BaseConnection->query('UPDATE `detail_anggota` SET `nik` = :nik:, `nama` = :nama:, `jenis_kelamin` = :jenis_kelamin:, `tanggal_lahir` = :tanggal_lahir:, `hubungan_keluarga` = :hubungan_keluarga:, `id_pekerjaan` = :id_pekerjaan:, `penghasilan_pribadi` = :penghasilan_pribadi:, `pendidikan` = :pendidikan:
WHERE `detail_anggota`.`id_anggota` IN :detail_anggota.id_anggota:', [...], false)
 2 SYSTEMPATH\Model.php(406): CodeIgniter\Database\BaseBuilder->update()
 3 SYSTEMPATH\BaseModel.php(1074): CodeIgniter\Model->doUpdate([...], [...])
 4 SYSTEMPATH\Model.php(709): CodeIgniter\BaseModel->update([...], [...])
 5 APPPATH\Controllers\DetailAnggota.php(90): CodeIgniter\Model->update('4', [...])
 6 SYSTEMPATH\CodeIgniter.php(951): App\Controllers\DetailAnggota->simpanKepalaKeluarga()
 7 SYSTEMPATH\CodeIgniter.php(497): CodeIgniter\CodeIgniter->runController(Object(App\Controllers\DetailAnggota))
 8 SYSTEMPATH\CodeIgniter.php(340): CodeIgniter\CodeIgniter->handleRequest(null, Object(Config\Cache), false)
 9 SYSTEMPATH\Boot.php(417): CodeIgniter\CodeIgniter->run()
10 SYSTEMPATH\Boot.php(68): CodeIgniter\Boot::runCodeIgniter(Object(CodeIgniter\CodeIgniter))
11 FCPATH\index.php(59): CodeIgniter\Boot::bootWeb(Object(Config\Paths))
CRITICAL - 2026-06-28 11:26:50 --> [Caused by] CodeIgniter\Database\Exceptions\DatabaseException: Duplicate entry '      3201016450004' for key 'detail_anggota.nik'
in SYSTEMPATH\Database\MySQLi\Connection.php on line 310.
 1 SYSTEMPATH\Database\BaseConnection.php(910): CodeIgniter\Database\MySQLi\Connection->execute('UPDATE `detail_anggota` SET `nik` = \'      3201016450004\', `nama` = \'      Joko\', `jenis_kelamin` = \'L\', `tanggal_lahir` = \'1975-01-15\', `hubungan_keluarga` = \'Kepala Keluarga\', `id_pekerjaan` = \'3\', `penghasilan_pribadi` = \'1500000\', `pendidikan` = \'SMP\'
WHERE `detail_anggota`.`id_anggota` IN (\'4\')')
 2 SYSTEMPATH\Database\BaseConnection.php(827): CodeIgniter\Database\BaseConnection->simpleQuery('UPDATE `detail_anggota` SET `nik` = \'      3201016450004\', `nama` = \'      Joko\', `jenis_kelamin` = \'L\', `tanggal_lahir` = \'1975-01-15\', `hubungan_keluarga` = \'Kepala Keluarga\', `id_pekerjaan` = \'3\', `penghasilan_pribadi` = \'1500000\', `pendidikan` = \'SMP\'
WHERE `detail_anggota`.`id_anggota` IN (\'4\')')
 3 SYSTEMPATH\Database\BaseBuilder.php(2521): CodeIgniter\Database\BaseConnection->query('UPDATE `detail_anggota` SET `nik` = :nik:, `nama` = :nama:, `jenis_kelamin` = :jenis_kelamin:, `tanggal_lahir` = :tanggal_lahir:, `hubungan_keluarga` = :hubungan_keluarga:, `id_pekerjaan` = :id_pekerjaan:, `penghasilan_pribadi` = :penghasilan_pribadi:, `pendidikan` = :pendidikan:
WHERE `detail_anggota`.`id_anggota` IN :detail_anggota.id_anggota:', [...], false)
 4 SYSTEMPATH\Model.php(406): CodeIgniter\Database\BaseBuilder->update()
 5 SYSTEMPATH\BaseModel.php(1074): CodeIgniter\Model->doUpdate([...], [...])
 6 SYSTEMPATH\Model.php(709): CodeIgniter\BaseModel->update([...], [...])
 7 APPPATH\Controllers\DetailAnggota.php(90): CodeIgniter\Model->update('4', [...])
 8 SYSTEMPATH\CodeIgniter.php(951): App\Controllers\DetailAnggota->simpanKepalaKeluarga()
 9 SYSTEMPATH\CodeIgniter.php(497): CodeIgniter\CodeIgniter->runController(Object(App\Controllers\DetailAnggota))
10 SYSTEMPATH\CodeIgniter.php(340): CodeIgniter\CodeIgniter->handleRequest(null, Object(Config\Cache), false)
11 SYSTEMPATH\Boot.php(417): CodeIgniter\CodeIgniter->run()
12 SYSTEMPATH\Boot.php(68): CodeIgniter\Boot::runCodeIgniter(Object(CodeIgniter\CodeIgniter))
13 FCPATH\index.php(59): CodeIgniter\Boot::bootWeb(Object(Config\Paths))
CRITICAL - 2026-06-28 11:26:50 --> [Caused by] mysqli_sql_exception: Duplicate entry '      3201016450004' for key 'detail_anggota.nik'
in SYSTEMPATH\Database\MySQLi\Connection.php on line 300.
 1 SYSTEMPATH\Database\MySQLi\Connection.php(300): mysqli->query('UPDATE `detail_anggota` SET `nik` = \'      3201016450004\', `nama` = \'      Joko\', `jenis_kelamin` = \'L\', `tanggal_lahir` = \'1975-01-15\', `hubungan_keluarga` = \'Kepala Keluarga\', `id_pekerjaan` = \'3\', `penghasilan_pribadi` = \'1500000\', `pendidikan` = \'SMP\'
WHERE `detail_anggota`.`id_anggota` IN (\'4\')', 0)
 2 SYSTEMPATH\Database\BaseConnection.php(910): CodeIgniter\Database\MySQLi\Connection->execute('UPDATE `detail_anggota` SET `nik` = \'      3201016450004\', `nama` = \'      Joko\', `jenis_kelamin` = \'L\', `tanggal_lahir` = \'1975-01-15\', `hubungan_keluarga` = \'Kepala Keluarga\', `id_pekerjaan` = \'3\', `penghasilan_pribadi` = \'1500000\', `pendidikan` = \'SMP\'
WHERE `detail_anggota`.`id_anggota` IN (\'4\')')
 3 SYSTEMPATH\Database\BaseConnection.php(827): CodeIgniter\Database\BaseConnection->simpleQuery('UPDATE `detail_anggota` SET `nik` = \'      3201016450004\', `nama` = \'      Joko\', `jenis_kelamin` = \'L\', `tanggal_lahir` = \'1975-01-15\', `hubungan_keluarga` = \'Kepala Keluarga\', `id_pekerjaan` = \'3\', `penghasilan_pribadi` = \'1500000\', `pendidikan` = \'SMP\'
WHERE `detail_anggota`.`id_anggota` IN (\'4\')')
 4 SYSTEMPATH\Database\BaseBuilder.php(2521): CodeIgniter\Database\BaseConnection->query('UPDATE `detail_anggota` SET `nik` = :nik:, `nama` = :nama:, `jenis_kelamin` = :jenis_kelamin:, `tanggal_lahir` = :tanggal_lahir:, `hubungan_keluarga` = :hubungan_keluarga:, `id_pekerjaan` = :id_pekerjaan:, `penghasilan_pribadi` = :penghasilan_pribadi:, `pendidikan` = :pendidikan:
WHERE `detail_anggota`.`id_anggota` IN :detail_anggota.id_anggota:', [...], false)
 5 SYSTEMPATH\Model.php(406): CodeIgniter\Database\BaseBuilder->update()
 6 SYSTEMPATH\BaseModel.php(1074): CodeIgniter\Model->doUpdate([...], [...])
 7 SYSTEMPATH\Model.php(709): CodeIgniter\BaseModel->update([...], [...])
 8 APPPATH\Controllers\DetailAnggota.php(90): CodeIgniter\Model->update('4', [...])
 9 SYSTEMPATH\CodeIgniter.php(951): App\Controllers\DetailAnggota->simpanKepalaKeluarga()
10 SYSTEMPATH\CodeIgniter.php(497): CodeIgniter\CodeIgniter->runController(Object(App\Controllers\DetailAnggota))
11 SYSTEMPATH\CodeIgniter.php(340): CodeIgniter\CodeIgniter->handleRequest(null, Object(Config\Cache), false)
12 SYSTEMPATH\Boot.php(417): CodeIgniter\CodeIgniter->run()
13 SYSTEMPATH\Boot.php(68): CodeIgniter\Boot::runCodeIgniter(Object(CodeIgniter\CodeIgniter))
14 FCPATH\index.php(59): CodeIgniter\Boot::bootWeb(Object(Config\Paths))
ERROR - 2026-06-28 11:29:06 --> Duplicate entry '      3201016450004' for key 'detail_anggota.nik'
in SYSTEMPATH\Database\MySQLi\Connection.php on line 300.
 1 SYSTEMPATH\Database\MySQLi\Connection.php(300): mysqli->query('UPDATE `detail_anggota` SET `nik` = \'      3201016450004\', `nama` = \'      Joko\', `jenis_kelamin` = \'L\', `tanggal_lahir` = \'1975-01-15\', `hubungan_keluarga` = \'Kepala Keluarga\', `id_pekerjaan` = \'3\', `penghasilan_pribadi` = \'1500000\', `pendidikan` = \'SMP\'
WHERE `detail_anggota`.`id_anggota` IN (\'4\')', 0)
 2 SYSTEMPATH\Database\BaseConnection.php(910): CodeIgniter\Database\MySQLi\Connection->execute('UPDATE `detail_anggota` SET `nik` = \'      3201016450004\', `nama` = \'      Joko\', `jenis_kelamin` = \'L\', `tanggal_lahir` = \'1975-01-15\', `hubungan_keluarga` = \'Kepala Keluarga\', `id_pekerjaan` = \'3\', `penghasilan_pribadi` = \'1500000\', `pendidikan` = \'SMP\'
WHERE `detail_anggota`.`id_anggota` IN (\'4\')')
 3 SYSTEMPATH\Database\BaseConnection.php(827): CodeIgniter\Database\BaseConnection->simpleQuery('UPDATE `detail_anggota` SET `nik` = \'      3201016450004\', `nama` = \'      Joko\', `jenis_kelamin` = \'L\', `tanggal_lahir` = \'1975-01-15\', `hubungan_keluarga` = \'Kepala Keluarga\', `id_pekerjaan` = \'3\', `penghasilan_pribadi` = \'1500000\', `pendidikan` = \'SMP\'
WHERE `detail_anggota`.`id_anggota` IN (\'4\')')
 4 SYSTEMPATH\Database\BaseBuilder.php(2521): CodeIgniter\Database\BaseConnection->query('UPDATE `detail_anggota` SET `nik` = :nik:, `nama` = :nama:, `jenis_kelamin` = :jenis_kelamin:, `tanggal_lahir` = :tanggal_lahir:, `hubungan_keluarga` = :hubungan_keluarga:, `id_pekerjaan` = :id_pekerjaan:, `penghasilan_pribadi` = :penghasilan_pribadi:, `pendidikan` = :pendidikan:
WHERE `detail_anggota`.`id_anggota` IN :detail_anggota.id_anggota:', [...], false)
 5 SYSTEMPATH\Model.php(406): CodeIgniter\Database\BaseBuilder->update()
 6 SYSTEMPATH\BaseModel.php(1074): CodeIgniter\Model->doUpdate([...], [...])
 7 SYSTEMPATH\Model.php(709): CodeIgniter\BaseModel->update([...], [...])
 8 APPPATH\Controllers\DetailAnggota.php(90): CodeIgniter\Model->update('4', [...])
 9 SYSTEMPATH\CodeIgniter.php(951): App\Controllers\DetailAnggota->simpanKepalaKeluarga()
10 SYSTEMPATH\CodeIgniter.php(497): CodeIgniter\CodeIgniter->runController(Object(App\Controllers\DetailAnggota))
11 SYSTEMPATH\CodeIgniter.php(340): CodeIgniter\CodeIgniter->handleRequest(null, Object(Config\Cache), false)
12 SYSTEMPATH\Boot.php(417): CodeIgniter\CodeIgniter->run()
13 SYSTEMPATH\Boot.php(68): CodeIgniter\Boot::runCodeIgniter(Object(CodeIgniter\CodeIgniter))
14 FCPATH\index.php(59): CodeIgniter\Boot::bootWeb(Object(Config\Paths))
CRITICAL - 2026-06-28 11:29:06 --> CodeIgniter\Database\Exceptions\DatabaseException: Duplicate entry '      3201016450004' for key 'detail_anggota.nik'
[Method: POST, Route: detailanggota/simpanKepalaKeluarga]
in SYSTEMPATH\Database\BaseConnection.php on line 865.
 1 SYSTEMPATH\Database\BaseBuilder.php(2521): CodeIgniter\Database\BaseConnection->query('UPDATE `detail_anggota` SET `nik` = :nik:, `nama` = :nama:, `jenis_kelamin` = :jenis_kelamin:, `tanggal_lahir` = :tanggal_lahir:, `hubungan_keluarga` = :hubungan_keluarga:, `id_pekerjaan` = :id_pekerjaan:, `penghasilan_pribadi` = :penghasilan_pribadi:, `pendidikan` = :pendidikan:
WHERE `detail_anggota`.`id_anggota` IN :detail_anggota.id_anggota:', [...], false)
 2 SYSTEMPATH\Model.php(406): CodeIgniter\Database\BaseBuilder->update()
 3 SYSTEMPATH\BaseModel.php(1074): CodeIgniter\Model->doUpdate([...], [...])
 4 SYSTEMPATH\Model.php(709): CodeIgniter\BaseModel->update([...], [...])
 5 APPPATH\Controllers\DetailAnggota.php(90): CodeIgniter\Model->update('4', [...])
 6 SYSTEMPATH\CodeIgniter.php(951): App\Controllers\DetailAnggota->simpanKepalaKeluarga()
 7 SYSTEMPATH\CodeIgniter.php(497): CodeIgniter\CodeIgniter->runController(Object(App\Controllers\DetailAnggota))
 8 SYSTEMPATH\CodeIgniter.php(340): CodeIgniter\CodeIgniter->handleRequest(null, Object(Config\Cache), false)
 9 SYSTEMPATH\Boot.php(417): CodeIgniter\CodeIgniter->run()
10 SYSTEMPATH\Boot.php(68): CodeIgniter\Boot::runCodeIgniter(Object(CodeIgniter\CodeIgniter))
11 FCPATH\index.php(59): CodeIgniter\Boot::bootWeb(Object(Config\Paths))
CRITICAL - 2026-06-28 11:29:06 --> [Caused by] CodeIgniter\Database\Exceptions\DatabaseException: Duplicate entry '      3201016450004' for key 'detail_anggota.nik'
in SYSTEMPATH\Database\MySQLi\Connection.php on line 310.
 1 SYSTEMPATH\Database\BaseConnection.php(910): CodeIgniter\Database\MySQLi\Connection->execute('UPDATE `detail_anggota` SET `nik` = \'      3201016450004\', `nama` = \'      Joko\', `jenis_kelamin` = \'L\', `tanggal_lahir` = \'1975-01-15\', `hubungan_keluarga` = \'Kepala Keluarga\', `id_pekerjaan` = \'3\', `penghasilan_pribadi` = \'1500000\', `pendidikan` = \'SMP\'
WHERE `detail_anggota`.`id_anggota` IN (\'4\')')
 2 SYSTEMPATH\Database\BaseConnection.php(827): CodeIgniter\Database\BaseConnection->simpleQuery('UPDATE `detail_anggota` SET `nik` = \'      3201016450004\', `nama` = \'      Joko\', `jenis_kelamin` = \'L\', `tanggal_lahir` = \'1975-01-15\', `hubungan_keluarga` = \'Kepala Keluarga\', `id_pekerjaan` = \'3\', `penghasilan_pribadi` = \'1500000\', `pendidikan` = \'SMP\'
WHERE `detail_anggota`.`id_anggota` IN (\'4\')')
 3 SYSTEMPATH\Database\BaseBuilder.php(2521): CodeIgniter\Database\BaseConnection->query('UPDATE `detail_anggota` SET `nik` = :nik:, `nama` = :nama:, `jenis_kelamin` = :jenis_kelamin:, `tanggal_lahir` = :tanggal_lahir:, `hubungan_keluarga` = :hubungan_keluarga:, `id_pekerjaan` = :id_pekerjaan:, `penghasilan_pribadi` = :penghasilan_pribadi:, `pendidikan` = :pendidikan:
WHERE `detail_anggota`.`id_anggota` IN :detail_anggota.id_anggota:', [...], false)
 4 SYSTEMPATH\Model.php(406): CodeIgniter\Database\BaseBuilder->update()
 5 SYSTEMPATH\BaseModel.php(1074): CodeIgniter\Model->doUpdate([...], [...])
 6 SYSTEMPATH\Model.php(709): CodeIgniter\BaseModel->update([...], [...])
 7 APPPATH\Controllers\DetailAnggota.php(90): CodeIgniter\Model->update('4', [...])
 8 SYSTEMPATH\CodeIgniter.php(951): App\Controllers\DetailAnggota->simpanKepalaKeluarga()
 9 SYSTEMPATH\CodeIgniter.php(497): CodeIgniter\CodeIgniter->runController(Object(App\Controllers\DetailAnggota))
10 SYSTEMPATH\CodeIgniter.php(340): CodeIgniter\CodeIgniter->handleRequest(null, Object(Config\Cache), false)
11 SYSTEMPATH\Boot.php(417): CodeIgniter\CodeIgniter->run()
12 SYSTEMPATH\Boot.php(68): CodeIgniter\Boot::runCodeIgniter(Object(CodeIgniter\CodeIgniter))
13 FCPATH\index.php(59): CodeIgniter\Boot::bootWeb(Object(Config\Paths))
CRITICAL - 2026-06-28 11:29:06 --> [Caused by] mysqli_sql_exception: Duplicate entry '      3201016450004' for key 'detail_anggota.nik'
in SYSTEMPATH\Database\MySQLi\Connection.php on line 300.
 1 SYSTEMPATH\Database\MySQLi\Connection.php(300): mysqli->query('UPDATE `detail_anggota` SET `nik` = \'      3201016450004\', `nama` = \'      Joko\', `jenis_kelamin` = \'L\', `tanggal_lahir` = \'1975-01-15\', `hubungan_keluarga` = \'Kepala Keluarga\', `id_pekerjaan` = \'3\', `penghasilan_pribadi` = \'1500000\', `pendidikan` = \'SMP\'
WHERE `detail_anggota`.`id_anggota` IN (\'4\')', 0)
 2 SYSTEMPATH\Database\BaseConnection.php(910): CodeIgniter\Database\MySQLi\Connection->execute('UPDATE `detail_anggota` SET `nik` = \'      3201016450004\', `nama` = \'      Joko\', `jenis_kelamin` = \'L\', `tanggal_lahir` = \'1975-01-15\', `hubungan_keluarga` = \'Kepala Keluarga\', `id_pekerjaan` = \'3\', `penghasilan_pribadi` = \'1500000\', `pendidikan` = \'SMP\'
WHERE `detail_anggota`.`id_anggota` IN (\'4\')')
 3 SYSTEMPATH\Database\BaseConnection.php(827): CodeIgniter\Database\BaseConnection->simpleQuery('UPDATE `detail_anggota` SET `nik` = \'      3201016450004\', `nama` = \'      Joko\', `jenis_kelamin` = \'L\', `tanggal_lahir` = \'1975-01-15\', `hubungan_keluarga` = \'Kepala Keluarga\', `id_pekerjaan` = \'3\', `penghasilan_pribadi` = \'1500000\', `pendidikan` = \'SMP\'
WHERE `detail_anggota`.`id_anggota` IN (\'4\')')
 4 SYSTEMPATH\Database\BaseBuilder.php(2521): CodeIgniter\Database\BaseConnection->query('UPDATE `detail_anggota` SET `nik` = :nik:, `nama` = :nama:, `jenis_kelamin` = :jenis_kelamin:, `tanggal_lahir` = :tanggal_lahir:, `hubungan_keluarga` = :hubungan_keluarga:, `id_pekerjaan` = :id_pekerjaan:, `penghasilan_pribadi` = :penghasilan_pribadi:, `pendidikan` = :pendidikan:
WHERE `detail_anggota`.`id_anggota` IN :detail_anggota.id_anggota:', [...], false)
 5 SYSTEMPATH\Model.php(406): CodeIgniter\Database\BaseBuilder->update()
 6 SYSTEMPATH\BaseModel.php(1074): CodeIgniter\Model->doUpdate([...], [...])
 7 SYSTEMPATH\Model.php(709): CodeIgniter\BaseModel->update([...], [...])
 8 APPPATH\Controllers\DetailAnggota.php(90): CodeIgniter\Model->update('4', [...])
 9 SYSTEMPATH\CodeIgniter.php(951): App\Controllers\DetailAnggota->simpanKepalaKeluarga()
10 SYSTEMPATH\CodeIgniter.php(497): CodeIgniter\CodeIgniter->runController(Object(App\Controllers\DetailAnggota))
11 SYSTEMPATH\CodeIgniter.php(340): CodeIgniter\CodeIgniter->handleRequest(null, Object(Config\Cache), false)
12 SYSTEMPATH\Boot.php(417): CodeIgniter\CodeIgniter->run()
13 SYSTEMPATH\Boot.php(68): CodeIgniter\Boot::runCodeIgniter(Object(CodeIgniter\CodeIgniter))
14 FCPATH\index.php(59): CodeIgniter\Boot::bootWeb(Object(Config\Paths))
ERROR - 2026-06-28 11:30:58 --> Duplicate entry '      3201016450004' for key 'detail_anggota.nik'
in SYSTEMPATH\Database\MySQLi\Connection.php on line 300.
 1 SYSTEMPATH\Database\MySQLi\Connection.php(300): mysqli->query('UPDATE `detail_anggota` SET `nik` = \'      3201016450004\', `nama` = \'      Joko\', `jenis_kelamin` = \'L\', `tanggal_lahir` = \'1975-01-15\', `hubungan_keluarga` = \'Kepala Keluarga\', `id_pekerjaan` = \'3\', `penghasilan_pribadi` = \'1500000\', `pendidikan` = \'SMP\'
WHERE `detail_anggota`.`id_anggota` IN (\'4\')', 0)
 2 SYSTEMPATH\Database\BaseConnection.php(910): CodeIgniter\Database\MySQLi\Connection->execute('UPDATE `detail_anggota` SET `nik` = \'      3201016450004\', `nama` = \'      Joko\', `jenis_kelamin` = \'L\', `tanggal_lahir` = \'1975-01-15\', `hubungan_keluarga` = \'Kepala Keluarga\', `id_pekerjaan` = \'3\', `penghasilan_pribadi` = \'1500000\', `pendidikan` = \'SMP\'
WHERE `detail_anggota`.`id_anggota` IN (\'4\')')
 3 SYSTEMPATH\Database\BaseConnection.php(827): CodeIgniter\Database\BaseConnection->simpleQuery('UPDATE `detail_anggota` SET `nik` = \'      3201016450004\', `nama` = \'      Joko\', `jenis_kelamin` = \'L\', `tanggal_lahir` = \'1975-01-15\', `hubungan_keluarga` = \'Kepala Keluarga\', `id_pekerjaan` = \'3\', `penghasilan_pribadi` = \'1500000\', `pendidikan` = \'SMP\'
WHERE `detail_anggota`.`id_anggota` IN (\'4\')')
 4 SYSTEMPATH\Database\BaseBuilder.php(2521): CodeIgniter\Database\BaseConnection->query('UPDATE `detail_anggota` SET `nik` = :nik:, `nama` = :nama:, `jenis_kelamin` = :jenis_kelamin:, `tanggal_lahir` = :tanggal_lahir:, `hubungan_keluarga` = :hubungan_keluarga:, `id_pekerjaan` = :id_pekerjaan:, `penghasilan_pribadi` = :penghasilan_pribadi:, `pendidikan` = :pendidikan:
WHERE `detail_anggota`.`id_anggota` IN :detail_anggota.id_anggota:', [...], false)
 5 SYSTEMPATH\Model.php(406): CodeIgniter\Database\BaseBuilder->update()
 6 SYSTEMPATH\BaseModel.php(1074): CodeIgniter\Model->doUpdate([...], [...])
 7 SYSTEMPATH\Model.php(709): CodeIgniter\BaseModel->update([...], [...])
 8 APPPATH\Controllers\DetailAnggota.php(90): CodeIgniter\Model->update('4', [...])
 9 SYSTEMPATH\CodeIgniter.php(951): App\Controllers\DetailAnggota->simpanKepalaKeluarga()
10 SYSTEMPATH\CodeIgniter.php(497): CodeIgniter\CodeIgniter->runController(Object(App\Controllers\DetailAnggota))
11 SYSTEMPATH\CodeIgniter.php(340): CodeIgniter\CodeIgniter->handleRequest(null, Object(Config\Cache), false)
12 SYSTEMPATH\Boot.php(417): CodeIgniter\CodeIgniter->run()
13 SYSTEMPATH\Boot.php(68): CodeIgniter\Boot::runCodeIgniter(Object(CodeIgniter\CodeIgniter))
14 FCPATH\index.php(59): CodeIgniter\Boot::bootWeb(Object(Config\Paths))
CRITICAL - 2026-06-28 11:30:58 --> CodeIgniter\Database\Exceptions\DatabaseException: Duplicate entry '      3201016450004' for key 'detail_anggota.nik'
[Method: POST, Route: detailanggota/simpanKepalaKeluarga]
in SYSTEMPATH\Database\BaseConnection.php on line 865.
 1 SYSTEMPATH\Database\BaseBuilder.php(2521): CodeIgniter\Database\BaseConnection->query('UPDATE `detail_anggota` SET `nik` = :nik:, `nama` = :nama:, `jenis_kelamin` = :jenis_kelamin:, `tanggal_lahir` = :tanggal_lahir:, `hubungan_keluarga` = :hubungan_keluarga:, `id_pekerjaan` = :id_pekerjaan:, `penghasilan_pribadi` = :penghasilan_pribadi:, `pendidikan` = :pendidikan:
WHERE `detail_anggota`.`id_anggota` IN :detail_anggota.id_anggota:', [...], false)
 2 SYSTEMPATH\Model.php(406): CodeIgniter\Database\BaseBuilder->update()
 3 SYSTEMPATH\BaseModel.php(1074): CodeIgniter\Model->doUpdate([...], [...])
 4 SYSTEMPATH\Model.php(709): CodeIgniter\BaseModel->update([...], [...])
 5 APPPATH\Controllers\DetailAnggota.php(90): CodeIgniter\Model->update('4', [...])
 6 SYSTEMPATH\CodeIgniter.php(951): App\Controllers\DetailAnggota->simpanKepalaKeluarga()
 7 SYSTEMPATH\CodeIgniter.php(497): CodeIgniter\CodeIgniter->runController(Object(App\Controllers\DetailAnggota))
 8 SYSTEMPATH\CodeIgniter.php(340): CodeIgniter\CodeIgniter->handleRequest(null, Object(Config\Cache), false)
 9 SYSTEMPATH\Boot.php(417): CodeIgniter\CodeIgniter->run()
10 SYSTEMPATH\Boot.php(68): CodeIgniter\Boot::runCodeIgniter(Object(CodeIgniter\CodeIgniter))
11 FCPATH\index.php(59): CodeIgniter\Boot::bootWeb(Object(Config\Paths))
CRITICAL - 2026-06-28 11:30:58 --> [Caused by] CodeIgniter\Database\Exceptions\DatabaseException: Duplicate entry '      3201016450004' for key 'detail_anggota.nik'
in SYSTEMPATH\Database\MySQLi\Connection.php on line 310.
 1 SYSTEMPATH\Database\BaseConnection.php(910): CodeIgniter\Database\MySQLi\Connection->execute('UPDATE `detail_anggota` SET `nik` = \'      3201016450004\', `nama` = \'      Joko\', `jenis_kelamin` = \'L\', `tanggal_lahir` = \'1975-01-15\', `hubungan_keluarga` = \'Kepala Keluarga\', `id_pekerjaan` = \'3\', `penghasilan_pribadi` = \'1500000\', `pendidikan` = \'SMP\'
WHERE `detail_anggota`.`id_anggota` IN (\'4\')')
 2 SYSTEMPATH\Database\BaseConnection.php(827): CodeIgniter\Database\BaseConnection->simpleQuery('UPDATE `detail_anggota` SET `nik` = \'      3201016450004\', `nama` = \'      Joko\', `jenis_kelamin` = \'L\', `tanggal_lahir` = \'1975-01-15\', `hubungan_keluarga` = \'Kepala Keluarga\', `id_pekerjaan` = \'3\', `penghasilan_pribadi` = \'1500000\', `pendidikan` = \'SMP\'
WHERE `detail_anggota`.`id_anggota` IN (\'4\')')
 3 SYSTEMPATH\Database\BaseBuilder.php(2521): CodeIgniter\Database\BaseConnection->query('UPDATE `detail_anggota` SET `nik` = :nik:, `nama` = :nama:, `jenis_kelamin` = :jenis_kelamin:, `tanggal_lahir` = :tanggal_lahir:, `hubungan_keluarga` = :hubungan_keluarga:, `id_pekerjaan` = :id_pekerjaan:, `penghasilan_pribadi` = :penghasilan_pribadi:, `pendidikan` = :pendidikan:
WHERE `detail_anggota`.`id_anggota` IN :detail_anggota.id_anggota:', [...], false)
 4 SYSTEMPATH\Model.php(406): CodeIgniter\Database\BaseBuilder->update()
 5 SYSTEMPATH\BaseModel.php(1074): CodeIgniter\Model->doUpdate([...], [...])
 6 SYSTEMPATH\Model.php(709): CodeIgniter\BaseModel->update([...], [...])
 7 APPPATH\Controllers\DetailAnggota.php(90): CodeIgniter\Model->update('4', [...])
 8 SYSTEMPATH\CodeIgniter.php(951): App\Controllers\DetailAnggota->simpanKepalaKeluarga()
 9 SYSTEMPATH\CodeIgniter.php(497): CodeIgniter\CodeIgniter->runController(Object(App\Controllers\DetailAnggota))
10 SYSTEMPATH\CodeIgniter.php(340): CodeIgniter\CodeIgniter->handleRequest(null, Object(Config\Cache), false)
11 SYSTEMPATH\Boot.php(417): CodeIgniter\CodeIgniter->run()
12 SYSTEMPATH\Boot.php(68): CodeIgniter\Boot::runCodeIgniter(Object(CodeIgniter\CodeIgniter))
13 FCPATH\index.php(59): CodeIgniter\Boot::bootWeb(Object(Config\Paths))
CRITICAL - 2026-06-28 11:30:58 --> [Caused by] mysqli_sql_exception: Duplicate entry '      3201016450004' for key 'detail_anggota.nik'
in SYSTEMPATH\Database\MySQLi\Connection.php on line 300.
 1 SYSTEMPATH\Database\MySQLi\Connection.php(300): mysqli->query('UPDATE `detail_anggota` SET `nik` = \'      3201016450004\', `nama` = \'      Joko\', `jenis_kelamin` = \'L\', `tanggal_lahir` = \'1975-01-15\', `hubungan_keluarga` = \'Kepala Keluarga\', `id_pekerjaan` = \'3\', `penghasilan_pribadi` = \'1500000\', `pendidikan` = \'SMP\'
WHERE `detail_anggota`.`id_anggota` IN (\'4\')', 0)
 2 SYSTEMPATH\Database\BaseConnection.php(910): CodeIgniter\Database\MySQLi\Connection->execute('UPDATE `detail_anggota` SET `nik` = \'      3201016450004\', `nama` = \'      Joko\', `jenis_kelamin` = \'L\', `tanggal_lahir` = \'1975-01-15\', `hubungan_keluarga` = \'Kepala Keluarga\', `id_pekerjaan` = \'3\', `penghasilan_pribadi` = \'1500000\', `pendidikan` = \'SMP\'
WHERE `detail_anggota`.`id_anggota` IN (\'4\')')
 3 SYSTEMPATH\Database\BaseConnection.php(827): CodeIgniter\Database\BaseConnection->simpleQuery('UPDATE `detail_anggota` SET `nik` = \'      3201016450004\', `nama` = \'      Joko\', `jenis_kelamin` = \'L\', `tanggal_lahir` = \'1975-01-15\', `hubungan_keluarga` = \'Kepala Keluarga\', `id_pekerjaan` = \'3\', `penghasilan_pribadi` = \'1500000\', `pendidikan` = \'SMP\'
WHERE `detail_anggota`.`id_anggota` IN (\'4\')')
 4 SYSTEMPATH\Database\BaseBuilder.php(2521): CodeIgniter\Database\BaseConnection->query('UPDATE `detail_anggota` SET `nik` = :nik:, `nama` = :nama:, `jenis_kelamin` = :jenis_kelamin:, `tanggal_lahir` = :tanggal_lahir:, `hubungan_keluarga` = :hubungan_keluarga:, `id_pekerjaan` = :id_pekerjaan:, `penghasilan_pribadi` = :penghasilan_pribadi:, `pendidikan` = :pendidikan:
WHERE `detail_anggota`.`id_anggota` IN :detail_anggota.id_anggota:', [...], false)
 5 SYSTEMPATH\Model.php(406): CodeIgniter\Database\BaseBuilder->update()
 6 SYSTEMPATH\BaseModel.php(1074): CodeIgniter\Model->doUpdate([...], [...])
 7 SYSTEMPATH\Model.php(709): CodeIgniter\BaseModel->update([...], [...])
 8 APPPATH\Controllers\DetailAnggota.php(90): CodeIgniter\Model->update('4', [...])
 9 SYSTEMPATH\CodeIgniter.php(951): App\Controllers\DetailAnggota->simpanKepalaKeluarga()
10 SYSTEMPATH\CodeIgniter.php(497): CodeIgniter\CodeIgniter->runController(Object(App\Controllers\DetailAnggota))
11 SYSTEMPATH\CodeIgniter.php(340): CodeIgniter\CodeIgniter->handleRequest(null, Object(Config\Cache), false)
12 SYSTEMPATH\Boot.php(417): CodeIgniter\CodeIgniter->run()
13 SYSTEMPATH\Boot.php(68): CodeIgniter\Boot::runCodeIgniter(Object(CodeIgniter\CodeIgniter))
14 FCPATH\index.php(59): CodeIgniter\Boot::bootWeb(Object(Config\Paths))
ERROR - 2026-06-28 11:32:05 --> Duplicate entry '      3201016450004' for key 'detail_anggota.nik'
in SYSTEMPATH\Database\MySQLi\Connection.php on line 300.
 1 SYSTEMPATH\Database\MySQLi\Connection.php(300): mysqli->query('UPDATE `detail_anggota` SET `nik` = \'      3201016450004\', `nama` = \'      Joko\', `jenis_kelamin` = \'L\', `tanggal_lahir` = \'1975-01-15\', `hubungan_keluarga` = \'Kepala Keluarga\', `id_pekerjaan` = \'3\', `penghasilan_pribadi` = \'1.500.000\', `pendidikan` = \'SMP\'
WHERE `detail_anggota`.`id_anggota` IN (\'4\')', 0)
 2 SYSTEMPATH\Database\BaseConnection.php(910): CodeIgniter\Database\MySQLi\Connection->execute('UPDATE `detail_anggota` SET `nik` = \'      3201016450004\', `nama` = \'      Joko\', `jenis_kelamin` = \'L\', `tanggal_lahir` = \'1975-01-15\', `hubungan_keluarga` = \'Kepala Keluarga\', `id_pekerjaan` = \'3\', `penghasilan_pribadi` = \'1.500.000\', `pendidikan` = \'SMP\'
WHERE `detail_anggota`.`id_anggota` IN (\'4\')')
 3 SYSTEMPATH\Database\BaseConnection.php(827): CodeIgniter\Database\BaseConnection->simpleQuery('UPDATE `detail_anggota` SET `nik` = \'      3201016450004\', `nama` = \'      Joko\', `jenis_kelamin` = \'L\', `tanggal_lahir` = \'1975-01-15\', `hubungan_keluarga` = \'Kepala Keluarga\', `id_pekerjaan` = \'3\', `penghasilan_pribadi` = \'1.500.000\', `pendidikan` = \'SMP\'
WHERE `detail_anggota`.`id_anggota` IN (\'4\')')
 4 SYSTEMPATH\Database\BaseBuilder.php(2521): CodeIgniter\Database\BaseConnection->query('UPDATE `detail_anggota` SET `nik` = :nik:, `nama` = :nama:, `jenis_kelamin` = :jenis_kelamin:, `tanggal_lahir` = :tanggal_lahir:, `hubungan_keluarga` = :hubungan_keluarga:, `id_pekerjaan` = :id_pekerjaan:, `penghasilan_pribadi` = :penghasilan_pribadi:, `pendidikan` = :pendidikan:
WHERE `detail_anggota`.`id_anggota` IN :detail_anggota.id_anggota:', [...], false)
 5 SYSTEMPATH\Model.php(406): CodeIgniter\Database\BaseBuilder->update()
 6 SYSTEMPATH\BaseModel.php(1074): CodeIgniter\Model->doUpdate([...], [...])
 7 SYSTEMPATH\Model.php(709): CodeIgniter\BaseModel->update([...], [...])
 8 APPPATH\Controllers\DetailAnggota.php(90): CodeIgniter\Model->update('4', [...])
 9 SYSTEMPATH\CodeIgniter.php(951): App\Controllers\DetailAnggota->simpanKepalaKeluarga()
10 SYSTEMPATH\CodeIgniter.php(497): CodeIgniter\CodeIgniter->runController(Object(App\Controllers\DetailAnggota))
11 SYSTEMPATH\CodeIgniter.php(340): CodeIgniter\CodeIgniter->handleRequest(null, Object(Config\Cache), false)
12 SYSTEMPATH\Boot.php(417): CodeIgniter\CodeIgniter->run()
13 SYSTEMPATH\Boot.php(68): CodeIgniter\Boot::runCodeIgniter(Object(CodeIgniter\CodeIgniter))
14 FCPATH\index.php(59): CodeIgniter\Boot::bootWeb(Object(Config\Paths))
CRITICAL - 2026-06-28 11:32:05 --> CodeIgniter\Database\Exceptions\DatabaseException: Duplicate entry '      3201016450004' for key 'detail_anggota.nik'
[Method: POST, Route: detailanggota/simpanKepalaKeluarga]
in SYSTEMPATH\Database\BaseConnection.php on line 865.
 1 SYSTEMPATH\Database\BaseBuilder.php(2521): CodeIgniter\Database\BaseConnection->query('UPDATE `detail_anggota` SET `nik` = :nik:, `nama` = :nama:, `jenis_kelamin` = :jenis_kelamin:, `tanggal_lahir` = :tanggal_lahir:, `hubungan_keluarga` = :hubungan_keluarga:, `id_pekerjaan` = :id_pekerjaan:, `penghasilan_pribadi` = :penghasilan_pribadi:, `pendidikan` = :pendidikan:
WHERE `detail_anggota`.`id_anggota` IN :detail_anggota.id_anggota:', [...], false)
 2 SYSTEMPATH\Model.php(406): CodeIgniter\Database\BaseBuilder->update()
 3 SYSTEMPATH\BaseModel.php(1074): CodeIgniter\Model->doUpdate([...], [...])
 4 SYSTEMPATH\Model.php(709): CodeIgniter\BaseModel->update([...], [...])
 5 APPPATH\Controllers\DetailAnggota.php(90): CodeIgniter\Model->update('4', [...])
 6 SYSTEMPATH\CodeIgniter.php(951): App\Controllers\DetailAnggota->simpanKepalaKeluarga()
 7 SYSTEMPATH\CodeIgniter.php(497): CodeIgniter\CodeIgniter->runController(Object(App\Controllers\DetailAnggota))
 8 SYSTEMPATH\CodeIgniter.php(340): CodeIgniter\CodeIgniter->handleRequest(null, Object(Config\Cache), false)
 9 SYSTEMPATH\Boot.php(417): CodeIgniter\CodeIgniter->run()
10 SYSTEMPATH\Boot.php(68): CodeIgniter\Boot::runCodeIgniter(Object(CodeIgniter\CodeIgniter))
11 FCPATH\index.php(59): CodeIgniter\Boot::bootWeb(Object(Config\Paths))
CRITICAL - 2026-06-28 11:32:05 --> [Caused by] CodeIgniter\Database\Exceptions\DatabaseException: Duplicate entry '      3201016450004' for key 'detail_anggota.nik'
in SYSTEMPATH\Database\MySQLi\Connection.php on line 310.
 1 SYSTEMPATH\Database\BaseConnection.php(910): CodeIgniter\Database\MySQLi\Connection->execute('UPDATE `detail_anggota` SET `nik` = \'      3201016450004\', `nama` = \'      Joko\', `jenis_kelamin` = \'L\', `tanggal_lahir` = \'1975-01-15\', `hubungan_keluarga` = \'Kepala Keluarga\', `id_pekerjaan` = \'3\', `penghasilan_pribadi` = \'1.500.000\', `pendidikan` = \'SMP\'
WHERE `detail_anggota`.`id_anggota` IN (\'4\')')
 2 SYSTEMPATH\Database\BaseConnection.php(827): CodeIgniter\Database\BaseConnection->simpleQuery('UPDATE `detail_anggota` SET `nik` = \'      3201016450004\', `nama` = \'      Joko\', `jenis_kelamin` = \'L\', `tanggal_lahir` = \'1975-01-15\', `hubungan_keluarga` = \'Kepala Keluarga\', `id_pekerjaan` = \'3\', `penghasilan_pribadi` = \'1.500.000\', `pendidikan` = \'SMP\'
WHERE `detail_anggota`.`id_anggota` IN (\'4\')')
 3 SYSTEMPATH\Database\BaseBuilder.php(2521): CodeIgniter\Database\BaseConnection->query('UPDATE `detail_anggota` SET `nik` = :nik:, `nama` = :nama:, `jenis_kelamin` = :jenis_kelamin:, `tanggal_lahir` = :tanggal_lahir:, `hubungan_keluarga` = :hubungan_keluarga:, `id_pekerjaan` = :id_pekerjaan:, `penghasilan_pribadi` = :penghasilan_pribadi:, `pendidikan` = :pendidikan:
WHERE `detail_anggota`.`id_anggota` IN :detail_anggota.id_anggota:', [...], false)
 4 SYSTEMPATH\Model.php(406): CodeIgniter\Database\BaseBuilder->update()
 5 SYSTEMPATH\BaseModel.php(1074): CodeIgniter\Model->doUpdate([...], [...])
 6 SYSTEMPATH\Model.php(709): CodeIgniter\BaseModel->update([...], [...])
 7 APPPATH\Controllers\DetailAnggota.php(90): CodeIgniter\Model->update('4', [...])
 8 SYSTEMPATH\CodeIgniter.php(951): App\Controllers\DetailAnggota->simpanKepalaKeluarga()
 9 SYSTEMPATH\CodeIgniter.php(497): CodeIgniter\CodeIgniter->runController(Object(App\Controllers\DetailAnggota))
10 SYSTEMPATH\CodeIgniter.php(340): CodeIgniter\CodeIgniter->handleRequest(null, Object(Config\Cache), false)
11 SYSTEMPATH\Boot.php(417): CodeIgniter\CodeIgniter->run()
12 SYSTEMPATH\Boot.php(68): CodeIgniter\Boot::runCodeIgniter(Object(CodeIgniter\CodeIgniter))
13 FCPATH\index.php(59): CodeIgniter\Boot::bootWeb(Object(Config\Paths))
CRITICAL - 2026-06-28 11:32:05 --> [Caused by] mysqli_sql_exception: Duplicate entry '      3201016450004' for key 'detail_anggota.nik'
in SYSTEMPATH\Database\MySQLi\Connection.php on line 300.
 1 SYSTEMPATH\Database\MySQLi\Connection.php(300): mysqli->query('UPDATE `detail_anggota` SET `nik` = \'      3201016450004\', `nama` = \'      Joko\', `jenis_kelamin` = \'L\', `tanggal_lahir` = \'1975-01-15\', `hubungan_keluarga` = \'Kepala Keluarga\', `id_pekerjaan` = \'3\', `penghasilan_pribadi` = \'1.500.000\', `pendidikan` = \'SMP\'
WHERE `detail_anggota`.`id_anggota` IN (\'4\')', 0)
 2 SYSTEMPATH\Database\BaseConnection.php(910): CodeIgniter\Database\MySQLi\Connection->execute('UPDATE `detail_anggota` SET `nik` = \'      3201016450004\', `nama` = \'      Joko\', `jenis_kelamin` = \'L\', `tanggal_lahir` = \'1975-01-15\', `hubungan_keluarga` = \'Kepala Keluarga\', `id_pekerjaan` = \'3\', `penghasilan_pribadi` = \'1.500.000\', `pendidikan` = \'SMP\'
WHERE `detail_anggota`.`id_anggota` IN (\'4\')')
 3 SYSTEMPATH\Database\BaseConnection.php(827): CodeIgniter\Database\BaseConnection->simpleQuery('UPDATE `detail_anggota` SET `nik` = \'      3201016450004\', `nama` = \'      Joko\', `jenis_kelamin` = \'L\', `tanggal_lahir` = \'1975-01-15\', `hubungan_keluarga` = \'Kepala Keluarga\', `id_pekerjaan` = \'3\', `penghasilan_pribadi` = \'1.500.000\', `pendidikan` = \'SMP\'
WHERE `detail_anggota`.`id_anggota` IN (\'4\')')
 4 SYSTEMPATH\Database\BaseBuilder.php(2521): CodeIgniter\Database\BaseConnection->query('UPDATE `detail_anggota` SET `nik` = :nik:, `nama` = :nama:, `jenis_kelamin` = :jenis_kelamin:, `tanggal_lahir` = :tanggal_lahir:, `hubungan_keluarga` = :hubungan_keluarga:, `id_pekerjaan` = :id_pekerjaan:, `penghasilan_pribadi` = :penghasilan_pribadi:, `pendidikan` = :pendidikan:
WHERE `detail_anggota`.`id_anggota` IN :detail_anggota.id_anggota:', [...], false)
 5 SYSTEMPATH\Model.php(406): CodeIgniter\Database\BaseBuilder->update()
 6 SYSTEMPATH\BaseModel.php(1074): CodeIgniter\Model->doUpdate([...], [...])
 7 SYSTEMPATH\Model.php(709): CodeIgniter\BaseModel->update([...], [...])
 8 APPPATH\Controllers\DetailAnggota.php(90): CodeIgniter\Model->update('4', [...])
 9 SYSTEMPATH\CodeIgniter.php(951): App\Controllers\DetailAnggota->simpanKepalaKeluarga()
10 SYSTEMPATH\CodeIgniter.php(497): CodeIgniter\CodeIgniter->runController(Object(App\Controllers\DetailAnggota))
11 SYSTEMPATH\CodeIgniter.php(340): CodeIgniter\CodeIgniter->handleRequest(null, Object(Config\Cache), false)
12 SYSTEMPATH\Boot.php(417): CodeIgniter\CodeIgniter->run()
13 SYSTEMPATH\Boot.php(68): CodeIgniter\Boot::runCodeIgniter(Object(CodeIgniter\CodeIgniter))
14 FCPATH\index.php(59): CodeIgniter\Boot::bootWeb(Object(Config\Paths))
ERROR - 2026-06-28 11:34:31 --> Duplicate entry '      3201016450004' for key 'detail_anggota.nik'
in SYSTEMPATH\Database\MySQLi\Connection.php on line 300.
 1 SYSTEMPATH\Database\MySQLi\Connection.php(300): mysqli->query('UPDATE `detail_anggota` SET `nik` = \'      3201016450004\', `nama` = \'      Jokowi dodo\', `jenis_kelamin` = \'L\', `tanggal_lahir` = \'1975-01-15\', `hubungan_keluarga` = \'Kepala Keluarga\', `id_pekerjaan` = \'3\', `penghasilan_pribadi` = \'2.000.000\', `pendidikan` = \'SMP\'
WHERE `detail_anggota`.`id_anggota` IN (\'4\')', 0)
 2 SYSTEMPATH\Database\BaseConnection.php(910): CodeIgniter\Database\MySQLi\Connection->execute('UPDATE `detail_anggota` SET `nik` = \'      3201016450004\', `nama` = \'      Jokowi dodo\', `jenis_kelamin` = \'L\', `tanggal_lahir` = \'1975-01-15\', `hubungan_keluarga` = \'Kepala Keluarga\', `id_pekerjaan` = \'3\', `penghasilan_pribadi` = \'2.000.000\', `pendidikan` = \'SMP\'
WHERE `detail_anggota`.`id_anggota` IN (\'4\')')
 3 SYSTEMPATH\Database\BaseConnection.php(827): CodeIgniter\Database\BaseConnection->simpleQuery('UPDATE `detail_anggota` SET `nik` = \'      3201016450004\', `nama` = \'      Jokowi dodo\', `jenis_kelamin` = \'L\', `tanggal_lahir` = \'1975-01-15\', `hubungan_keluarga` = \'Kepala Keluarga\', `id_pekerjaan` = \'3\', `penghasilan_pribadi` = \'2.000.000\', `pendidikan` = \'SMP\'
WHERE `detail_anggota`.`id_anggota` IN (\'4\')')
 4 SYSTEMPATH\Database\BaseBuilder.php(2521): CodeIgniter\Database\BaseConnection->query('UPDATE `detail_anggota` SET `nik` = :nik:, `nama` = :nama:, `jenis_kelamin` = :jenis_kelamin:, `tanggal_lahir` = :tanggal_lahir:, `hubungan_keluarga` = :hubungan_keluarga:, `id_pekerjaan` = :id_pekerjaan:, `penghasilan_pribadi` = :penghasilan_pribadi:, `pendidikan` = :pendidikan:
WHERE `detail_anggota`.`id_anggota` IN :detail_anggota.id_anggota:', [...], false)
 5 SYSTEMPATH\Model.php(406): CodeIgniter\Database\BaseBuilder->update()
 6 SYSTEMPATH\BaseModel.php(1074): CodeIgniter\Model->doUpdate([...], [...])
 7 SYSTEMPATH\Model.php(709): CodeIgniter\BaseModel->update([...], [...])
 8 APPPATH\Controllers\DetailAnggota.php(90): CodeIgniter\Model->update('4', [...])
 9 SYSTEMPATH\CodeIgniter.php(951): App\Controllers\DetailAnggota->simpanKepalaKeluarga()
10 SYSTEMPATH\CodeIgniter.php(497): CodeIgniter\CodeIgniter->runController(Object(App\Controllers\DetailAnggota))
11 SYSTEMPATH\CodeIgniter.php(340): CodeIgniter\CodeIgniter->handleRequest(null, Object(Config\Cache), false)
12 SYSTEMPATH\Boot.php(417): CodeIgniter\CodeIgniter->run()
13 SYSTEMPATH\Boot.php(68): CodeIgniter\Boot::runCodeIgniter(Object(CodeIgniter\CodeIgniter))
14 FCPATH\index.php(59): CodeIgniter\Boot::bootWeb(Object(Config\Paths))
CRITICAL - 2026-06-28 11:34:31 --> CodeIgniter\Database\Exceptions\DatabaseException: Duplicate entry '      3201016450004' for key 'detail_anggota.nik'
[Method: POST, Route: detailanggota/simpanKepalaKeluarga]
in SYSTEMPATH\Database\BaseConnection.php on line 865.
 1 SYSTEMPATH\Database\BaseBuilder.php(2521): CodeIgniter\Database\BaseConnection->query('UPDATE `detail_anggota` SET `nik` = :nik:, `nama` = :nama:, `jenis_kelamin` = :jenis_kelamin:, `tanggal_lahir` = :tanggal_lahir:, `hubungan_keluarga` = :hubungan_keluarga:, `id_pekerjaan` = :id_pekerjaan:, `penghasilan_pribadi` = :penghasilan_pribadi:, `pendidikan` = :pendidikan:
WHERE `detail_anggota`.`id_anggota` IN :detail_anggota.id_anggota:', [...], false)
 2 SYSTEMPATH\Model.php(406): CodeIgniter\Database\BaseBuilder->update()
 3 SYSTEMPATH\BaseModel.php(1074): CodeIgniter\Model->doUpdate([...], [...])
 4 SYSTEMPATH\Model.php(709): CodeIgniter\BaseModel->update([...], [...])
 5 APPPATH\Controllers\DetailAnggota.php(90): CodeIgniter\Model->update('4', [...])
 6 SYSTEMPATH\CodeIgniter.php(951): App\Controllers\DetailAnggota->simpanKepalaKeluarga()
 7 SYSTEMPATH\CodeIgniter.php(497): CodeIgniter\CodeIgniter->runController(Object(App\Controllers\DetailAnggota))
 8 SYSTEMPATH\CodeIgniter.php(340): CodeIgniter\CodeIgniter->handleRequest(null, Object(Config\Cache), false)
 9 SYSTEMPATH\Boot.php(417): CodeIgniter\CodeIgniter->run()
10 SYSTEMPATH\Boot.php(68): CodeIgniter\Boot::runCodeIgniter(Object(CodeIgniter\CodeIgniter))
11 FCPATH\index.php(59): CodeIgniter\Boot::bootWeb(Object(Config\Paths))
CRITICAL - 2026-06-28 11:34:31 --> [Caused by] CodeIgniter\Database\Exceptions\DatabaseException: Duplicate entry '      3201016450004' for key 'detail_anggota.nik'
in SYSTEMPATH\Database\MySQLi\Connection.php on line 310.
 1 SYSTEMPATH\Database\BaseConnection.php(910): CodeIgniter\Database\MySQLi\Connection->execute('UPDATE `detail_anggota` SET `nik` = \'      3201016450004\', `nama` = \'      Jokowi dodo\', `jenis_kelamin` = \'L\', `tanggal_lahir` = \'1975-01-15\', `hubungan_keluarga` = \'Kepala Keluarga\', `id_pekerjaan` = \'3\', `penghasilan_pribadi` = \'2.000.000\', `pendidikan` = \'SMP\'
WHERE `detail_anggota`.`id_anggota` IN (\'4\')')
 2 SYSTEMPATH\Database\BaseConnection.php(827): CodeIgniter\Database\BaseConnection->simpleQuery('UPDATE `detail_anggota` SET `nik` = \'      3201016450004\', `nama` = \'      Jokowi dodo\', `jenis_kelamin` = \'L\', `tanggal_lahir` = \'1975-01-15\', `hubungan_keluarga` = \'Kepala Keluarga\', `id_pekerjaan` = \'3\', `penghasilan_pribadi` = \'2.000.000\', `pendidikan` = \'SMP\'
WHERE `detail_anggota`.`id_anggota` IN (\'4\')')
 3 SYSTEMPATH\Database\BaseBuilder.php(2521): CodeIgniter\Database\BaseConnection->query('UPDATE `detail_anggota` SET `nik` = :nik:, `nama` = :nama:, `jenis_kelamin` = :jenis_kelamin:, `tanggal_lahir` = :tanggal_lahir:, `hubungan_keluarga` = :hubungan_keluarga:, `id_pekerjaan` = :id_pekerjaan:, `penghasilan_pribadi` = :penghasilan_pribadi:, `pendidikan` = :pendidikan:
WHERE `detail_anggota`.`id_anggota` IN :detail_anggota.id_anggota:', [...], false)
 4 SYSTEMPATH\Model.php(406): CodeIgniter\Database\BaseBuilder->update()
 5 SYSTEMPATH\BaseModel.php(1074): CodeIgniter\Model->doUpdate([...], [...])
 6 SYSTEMPATH\Model.php(709): CodeIgniter\BaseModel->update([...], [...])
 7 APPPATH\Controllers\DetailAnggota.php(90): CodeIgniter\Model->update('4', [...])
 8 SYSTEMPATH\CodeIgniter.php(951): App\Controllers\DetailAnggota->simpanKepalaKeluarga()
 9 SYSTEMPATH\CodeIgniter.php(497): CodeIgniter\CodeIgniter->runController(Object(App\Controllers\DetailAnggota))
10 SYSTEMPATH\CodeIgniter.php(340): CodeIgniter\CodeIgniter->handleRequest(null, Object(Config\Cache), false)
11 SYSTEMPATH\Boot.php(417): CodeIgniter\CodeIgniter->run()
12 SYSTEMPATH\Boot.php(68): CodeIgniter\Boot::runCodeIgniter(Object(CodeIgniter\CodeIgniter))
13 FCPATH\index.php(59): CodeIgniter\Boot::bootWeb(Object(Config\Paths))
CRITICAL - 2026-06-28 11:34:31 --> [Caused by] mysqli_sql_exception: Duplicate entry '      3201016450004' for key 'detail_anggota.nik'
in SYSTEMPATH\Database\MySQLi\Connection.php on line 300.
 1 SYSTEMPATH\Database\MySQLi\Connection.php(300): mysqli->query('UPDATE `detail_anggota` SET `nik` = \'      3201016450004\', `nama` = \'      Jokowi dodo\', `jenis_kelamin` = \'L\', `tanggal_lahir` = \'1975-01-15\', `hubungan_keluarga` = \'Kepala Keluarga\', `id_pekerjaan` = \'3\', `penghasilan_pribadi` = \'2.000.000\', `pendidikan` = \'SMP\'
WHERE `detail_anggota`.`id_anggota` IN (\'4\')', 0)
 2 SYSTEMPATH\Database\BaseConnection.php(910): CodeIgniter\Database\MySQLi\Connection->execute('UPDATE `detail_anggota` SET `nik` = \'      3201016450004\', `nama` = \'      Jokowi dodo\', `jenis_kelamin` = \'L\', `tanggal_lahir` = \'1975-01-15\', `hubungan_keluarga` = \'Kepala Keluarga\', `id_pekerjaan` = \'3\', `penghasilan_pribadi` = \'2.000.000\', `pendidikan` = \'SMP\'
WHERE `detail_anggota`.`id_anggota` IN (\'4\')')
 3 SYSTEMPATH\Database\BaseConnection.php(827): CodeIgniter\Database\BaseConnection->simpleQuery('UPDATE `detail_anggota` SET `nik` = \'      3201016450004\', `nama` = \'      Jokowi dodo\', `jenis_kelamin` = \'L\', `tanggal_lahir` = \'1975-01-15\', `hubungan_keluarga` = \'Kepala Keluarga\', `id_pekerjaan` = \'3\', `penghasilan_pribadi` = \'2.000.000\', `pendidikan` = \'SMP\'
WHERE `detail_anggota`.`id_anggota` IN (\'4\')')
 4 SYSTEMPATH\Database\BaseBuilder.php(2521): CodeIgniter\Database\BaseConnection->query('UPDATE `detail_anggota` SET `nik` = :nik:, `nama` = :nama:, `jenis_kelamin` = :jenis_kelamin:, `tanggal_lahir` = :tanggal_lahir:, `hubungan_keluarga` = :hubungan_keluarga:, `id_pekerjaan` = :id_pekerjaan:, `penghasilan_pribadi` = :penghasilan_pribadi:, `pendidikan` = :pendidikan:
WHERE `detail_anggota`.`id_anggota` IN :detail_anggota.id_anggota:', [...], false)
 5 SYSTEMPATH\Model.php(406): CodeIgniter\Database\BaseBuilder->update()
 6 SYSTEMPATH\BaseModel.php(1074): CodeIgniter\Model->doUpdate([...], [...])
 7 SYSTEMPATH\Model.php(709): CodeIgniter\BaseModel->update([...], [...])
 8 APPPATH\Controllers\DetailAnggota.php(90): CodeIgniter\Model->update('4', [...])
 9 SYSTEMPATH\CodeIgniter.php(951): App\Controllers\DetailAnggota->simpanKepalaKeluarga()
10 SYSTEMPATH\CodeIgniter.php(497): CodeIgniter\CodeIgniter->runController(Object(App\Controllers\DetailAnggota))
11 SYSTEMPATH\CodeIgniter.php(340): CodeIgniter\CodeIgniter->handleRequest(null, Object(Config\Cache), false)
12 SYSTEMPATH\Boot.php(417): CodeIgniter\CodeIgniter->run()
13 SYSTEMPATH\Boot.php(68): CodeIgniter\Boot::runCodeIgniter(Object(CodeIgniter\CodeIgniter))
14 FCPATH\index.php(59): CodeIgniter\Boot::bootWeb(Object(Config\Paths))
ERROR - 2026-06-28 11:34:36 --> Duplicate entry '      3201016450004' for key 'detail_anggota.nik'
in SYSTEMPATH\Database\MySQLi\Connection.php on line 300.
 1 SYSTEMPATH\Database\MySQLi\Connection.php(300): mysqli->query('UPDATE `detail_anggota` SET `nik` = \'      3201016450004\', `nama` = \'      Jokowi dodo\', `jenis_kelamin` = \'L\', `tanggal_lahir` = \'1975-01-15\', `hubungan_keluarga` = \'Kepala Keluarga\', `id_pekerjaan` = \'3\', `penghasilan_pribadi` = \'1\', `pendidikan` = \'SMP\'
WHERE `detail_anggota`.`id_anggota` IN (\'4\')', 0)
 2 SYSTEMPATH\Database\BaseConnection.php(910): CodeIgniter\Database\MySQLi\Connection->execute('UPDATE `detail_anggota` SET `nik` = \'      3201016450004\', `nama` = \'      Jokowi dodo\', `jenis_kelamin` = \'L\', `tanggal_lahir` = \'1975-01-15\', `hubungan_keluarga` = \'Kepala Keluarga\', `id_pekerjaan` = \'3\', `penghasilan_pribadi` = \'1\', `pendidikan` = \'SMP\'
WHERE `detail_anggota`.`id_anggota` IN (\'4\')')
 3 SYSTEMPATH\Database\BaseConnection.php(827): CodeIgniter\Database\BaseConnection->simpleQuery('UPDATE `detail_anggota` SET `nik` = \'      3201016450004\', `nama` = \'      Jokowi dodo\', `jenis_kelamin` = \'L\', `tanggal_lahir` = \'1975-01-15\', `hubungan_keluarga` = \'Kepala Keluarga\', `id_pekerjaan` = \'3\', `penghasilan_pribadi` = \'1\', `pendidikan` = \'SMP\'
WHERE `detail_anggota`.`id_anggota` IN (\'4\')')
 4 SYSTEMPATH\Database\BaseBuilder.php(2521): CodeIgniter\Database\BaseConnection->query('UPDATE `detail_anggota` SET `nik` = :nik:, `nama` = :nama:, `jenis_kelamin` = :jenis_kelamin:, `tanggal_lahir` = :tanggal_lahir:, `hubungan_keluarga` = :hubungan_keluarga:, `id_pekerjaan` = :id_pekerjaan:, `penghasilan_pribadi` = :penghasilan_pribadi:, `pendidikan` = :pendidikan:
WHERE `detail_anggota`.`id_anggota` IN :detail_anggota.id_anggota:', [...], false)
 5 SYSTEMPATH\Model.php(406): CodeIgniter\Database\BaseBuilder->update()
 6 SYSTEMPATH\BaseModel.php(1074): CodeIgniter\Model->doUpdate([...], [...])
 7 SYSTEMPATH\Model.php(709): CodeIgniter\BaseModel->update([...], [...])
 8 APPPATH\Controllers\DetailAnggota.php(90): CodeIgniter\Model->update('4', [...])
 9 SYSTEMPATH\CodeIgniter.php(951): App\Controllers\DetailAnggota->simpanKepalaKeluarga()
10 SYSTEMPATH\CodeIgniter.php(497): CodeIgniter\CodeIgniter->runController(Object(App\Controllers\DetailAnggota))
11 SYSTEMPATH\CodeIgniter.php(340): CodeIgniter\CodeIgniter->handleRequest(null, Object(Config\Cache), false)
12 SYSTEMPATH\Boot.php(417): CodeIgniter\CodeIgniter->run()
13 SYSTEMPATH\Boot.php(68): CodeIgniter\Boot::runCodeIgniter(Object(CodeIgniter\CodeIgniter))
14 FCPATH\index.php(59): CodeIgniter\Boot::bootWeb(Object(Config\Paths))
CRITICAL - 2026-06-28 11:34:36 --> CodeIgniter\Database\Exceptions\DatabaseException: Duplicate entry '      3201016450004' for key 'detail_anggota.nik'
[Method: POST, Route: detailanggota/simpanKepalaKeluarga]
in SYSTEMPATH\Database\BaseConnection.php on line 865.
 1 SYSTEMPATH\Database\BaseBuilder.php(2521): CodeIgniter\Database\BaseConnection->query('UPDATE `detail_anggota` SET `nik` = :nik:, `nama` = :nama:, `jenis_kelamin` = :jenis_kelamin:, `tanggal_lahir` = :tanggal_lahir:, `hubungan_keluarga` = :hubungan_keluarga:, `id_pekerjaan` = :id_pekerjaan:, `penghasilan_pribadi` = :penghasilan_pribadi:, `pendidikan` = :pendidikan:
WHERE `detail_anggota`.`id_anggota` IN :detail_anggota.id_anggota:', [...], false)
 2 SYSTEMPATH\Model.php(406): CodeIgniter\Database\BaseBuilder->update()
 3 SYSTEMPATH\BaseModel.php(1074): CodeIgniter\Model->doUpdate([...], [...])
 4 SYSTEMPATH\Model.php(709): CodeIgniter\BaseModel->update([...], [...])
 5 APPPATH\Controllers\DetailAnggota.php(90): CodeIgniter\Model->update('4', [...])
 6 SYSTEMPATH\CodeIgniter.php(951): App\Controllers\DetailAnggota->simpanKepalaKeluarga()
 7 SYSTEMPATH\CodeIgniter.php(497): CodeIgniter\CodeIgniter->runController(Object(App\Controllers\DetailAnggota))
 8 SYSTEMPATH\CodeIgniter.php(340): CodeIgniter\CodeIgniter->handleRequest(null, Object(Config\Cache), false)
 9 SYSTEMPATH\Boot.php(417): CodeIgniter\CodeIgniter->run()
10 SYSTEMPATH\Boot.php(68): CodeIgniter\Boot::runCodeIgniter(Object(CodeIgniter\CodeIgniter))
11 FCPATH\index.php(59): CodeIgniter\Boot::bootWeb(Object(Config\Paths))
CRITICAL - 2026-06-28 11:34:36 --> [Caused by] CodeIgniter\Database\Exceptions\DatabaseException: Duplicate entry '      3201016450004' for key 'detail_anggota.nik'
in SYSTEMPATH\Database\MySQLi\Connection.php on line 310.
 1 SYSTEMPATH\Database\BaseConnection.php(910): CodeIgniter\Database\MySQLi\Connection->execute('UPDATE `detail_anggota` SET `nik` = \'      3201016450004\', `nama` = \'      Jokowi dodo\', `jenis_kelamin` = \'L\', `tanggal_lahir` = \'1975-01-15\', `hubungan_keluarga` = \'Kepala Keluarga\', `id_pekerjaan` = \'3\', `penghasilan_pribadi` = \'1\', `pendidikan` = \'SMP\'
WHERE `detail_anggota`.`id_anggota` IN (\'4\')')
 2 SYSTEMPATH\Database\BaseConnection.php(827): CodeIgniter\Database\BaseConnection->simpleQuery('UPDATE `detail_anggota` SET `nik` = \'      3201016450004\', `nama` = \'      Jokowi dodo\', `jenis_kelamin` = \'L\', `tanggal_lahir` = \'1975-01-15\', `hubungan_keluarga` = \'Kepala Keluarga\', `id_pekerjaan` = \'3\', `penghasilan_pribadi` = \'1\', `pendidikan` = \'SMP\'
WHERE `detail_anggota`.`id_anggota` IN (\'4\')')
 3 SYSTEMPATH\Database\BaseBuilder.php(2521): CodeIgniter\Database\BaseConnection->query('UPDATE `detail_anggota` SET `nik` = :nik:, `nama` = :nama:, `jenis_kelamin` = :jenis_kelamin:, `tanggal_lahir` = :tanggal_lahir:, `hubungan_keluarga` = :hubungan_keluarga:, `id_pekerjaan` = :id_pekerjaan:, `penghasilan_pribadi` = :penghasilan_pribadi:, `pendidikan` = :pendidikan:
WHERE `detail_anggota`.`id_anggota` IN :detail_anggota.id_anggota:', [...], false)
 4 SYSTEMPATH\Model.php(406): CodeIgniter\Database\BaseBuilder->update()
 5 SYSTEMPATH\BaseModel.php(1074): CodeIgniter\Model->doUpdate([...], [...])
 6 SYSTEMPATH\Model.php(709): CodeIgniter\BaseModel->update([...], [...])
 7 APPPATH\Controllers\DetailAnggota.php(90): CodeIgniter\Model->update('4', [...])
 8 SYSTEMPATH\CodeIgniter.php(951): App\Controllers\DetailAnggota->simpanKepalaKeluarga()
 9 SYSTEMPATH\CodeIgniter.php(497): CodeIgniter\CodeIgniter->runController(Object(App\Controllers\DetailAnggota))
10 SYSTEMPATH\CodeIgniter.php(340): CodeIgniter\CodeIgniter->handleRequest(null, Object(Config\Cache), false)
11 SYSTEMPATH\Boot.php(417): CodeIgniter\CodeIgniter->run()
12 SYSTEMPATH\Boot.php(68): CodeIgniter\Boot::runCodeIgniter(Object(CodeIgniter\CodeIgniter))
13 FCPATH\index.php(59): CodeIgniter\Boot::bootWeb(Object(Config\Paths))
CRITICAL - 2026-06-28 11:34:36 --> [Caused by] mysqli_sql_exception: Duplicate entry '      3201016450004' for key 'detail_anggota.nik'
in SYSTEMPATH\Database\MySQLi\Connection.php on line 300.
 1 SYSTEMPATH\Database\MySQLi\Connection.php(300): mysqli->query('UPDATE `detail_anggota` SET `nik` = \'      3201016450004\', `nama` = \'      Jokowi dodo\', `jenis_kelamin` = \'L\', `tanggal_lahir` = \'1975-01-15\', `hubungan_keluarga` = \'Kepala Keluarga\', `id_pekerjaan` = \'3\', `penghasilan_pribadi` = \'1\', `pendidikan` = \'SMP\'
WHERE `detail_anggota`.`id_anggota` IN (\'4\')', 0)
 2 SYSTEMPATH\Database\BaseConnection.php(910): CodeIgniter\Database\MySQLi\Connection->execute('UPDATE `detail_anggota` SET `nik` = \'      3201016450004\', `nama` = \'      Jokowi dodo\', `jenis_kelamin` = \'L\', `tanggal_lahir` = \'1975-01-15\', `hubungan_keluarga` = \'Kepala Keluarga\', `id_pekerjaan` = \'3\', `penghasilan_pribadi` = \'1\', `pendidikan` = \'SMP\'
WHERE `detail_anggota`.`id_anggota` IN (\'4\')')
 3 SYSTEMPATH\Database\BaseConnection.php(827): CodeIgniter\Database\BaseConnection->simpleQuery('UPDATE `detail_anggota` SET `nik` = \'      3201016450004\', `nama` = \'      Jokowi dodo\', `jenis_kelamin` = \'L\', `tanggal_lahir` = \'1975-01-15\', `hubungan_keluarga` = \'Kepala Keluarga\', `id_pekerjaan` = \'3\', `penghasilan_pribadi` = \'1\', `pendidikan` = \'SMP\'
WHERE `detail_anggota`.`id_anggota` IN (\'4\')')
 4 SYSTEMPATH\Database\BaseBuilder.php(2521): CodeIgniter\Database\BaseConnection->query('UPDATE `detail_anggota` SET `nik` = :nik:, `nama` = :nama:, `jenis_kelamin` = :jenis_kelamin:, `tanggal_lahir` = :tanggal_lahir:, `hubungan_keluarga` = :hubungan_keluarga:, `id_pekerjaan` = :id_pekerjaan:, `penghasilan_pribadi` = :penghasilan_pribadi:, `pendidikan` = :pendidikan:
WHERE `detail_anggota`.`id_anggota` IN :detail_anggota.id_anggota:', [...], false)
 5 SYSTEMPATH\Model.php(406): CodeIgniter\Database\BaseBuilder->update()
 6 SYSTEMPATH\BaseModel.php(1074): CodeIgniter\Model->doUpdate([...], [...])
 7 SYSTEMPATH\Model.php(709): CodeIgniter\BaseModel->update([...], [...])
 8 APPPATH\Controllers\DetailAnggota.php(90): CodeIgniter\Model->update('4', [...])
 9 SYSTEMPATH\CodeIgniter.php(951): App\Controllers\DetailAnggota->simpanKepalaKeluarga()
10 SYSTEMPATH\CodeIgniter.php(497): CodeIgniter\CodeIgniter->runController(Object(App\Controllers\DetailAnggota))
11 SYSTEMPATH\CodeIgniter.php(340): CodeIgniter\CodeIgniter->handleRequest(null, Object(Config\Cache), false)
12 SYSTEMPATH\Boot.php(417): CodeIgniter\CodeIgniter->run()
13 SYSTEMPATH\Boot.php(68): CodeIgniter\Boot::runCodeIgniter(Object(CodeIgniter\CodeIgniter))
14 FCPATH\index.php(59): CodeIgniter\Boot::bootWeb(Object(Config\Paths))
ERROR - 2026-06-28 11:35:12 --> Duplicate entry '      3201016450004' for key 'detail_anggota.nik'
in SYSTEMPATH\Database\MySQLi\Connection.php on line 300.
 1 SYSTEMPATH\Database\MySQLi\Connection.php(300): mysqli->query('UPDATE `detail_anggota` SET `nik` = \'      3201016450004\', `nama` = \'      Jokowi dodo\', `jenis_kelamin` = \'L\', `tanggal_lahir` = \'1975-01-15\', `hubungan_keluarga` = \'Kepala Keluarga\', `id_pekerjaan` = \'3\', `penghasilan_pribadi` = \'20\', `pendidikan` = \'SMP\'
WHERE `detail_anggota`.`id_anggota` IN (\'4\')', 0)
 2 SYSTEMPATH\Database\BaseConnection.php(910): CodeIgniter\Database\MySQLi\Connection->execute('UPDATE `detail_anggota` SET `nik` = \'      3201016450004\', `nama` = \'      Jokowi dodo\', `jenis_kelamin` = \'L\', `tanggal_lahir` = \'1975-01-15\', `hubungan_keluarga` = \'Kepala Keluarga\', `id_pekerjaan` = \'3\', `penghasilan_pribadi` = \'20\', `pendidikan` = \'SMP\'
WHERE `detail_anggota`.`id_anggota` IN (\'4\')')
 3 SYSTEMPATH\Database\BaseConnection.php(827): CodeIgniter\Database\BaseConnection->simpleQuery('UPDATE `detail_anggota` SET `nik` = \'      3201016450004\', `nama` = \'      Jokowi dodo\', `jenis_kelamin` = \'L\', `tanggal_lahir` = \'1975-01-15\', `hubungan_keluarga` = \'Kepala Keluarga\', `id_pekerjaan` = \'3\', `penghasilan_pribadi` = \'20\', `pendidikan` = \'SMP\'
WHERE `detail_anggota`.`id_anggota` IN (\'4\')')
 4 SYSTEMPATH\Database\BaseBuilder.php(2521): CodeIgniter\Database\BaseConnection->query('UPDATE `detail_anggota` SET `nik` = :nik:, `nama` = :nama:, `jenis_kelamin` = :jenis_kelamin:, `tanggal_lahir` = :tanggal_lahir:, `hubungan_keluarga` = :hubungan_keluarga:, `id_pekerjaan` = :id_pekerjaan:, `penghasilan_pribadi` = :penghasilan_pribadi:, `pendidikan` = :pendidikan:
WHERE `detail_anggota`.`id_anggota` IN :detail_anggota.id_anggota:', [...], false)
 5 SYSTEMPATH\Model.php(406): CodeIgniter\Database\BaseBuilder->update()
 6 SYSTEMPATH\BaseModel.php(1074): CodeIgniter\Model->doUpdate([...], [...])
 7 SYSTEMPATH\Model.php(709): CodeIgniter\BaseModel->update([...], [...])
 8 APPPATH\Controllers\DetailAnggota.php(90): CodeIgniter\Model->update('4', [...])
 9 SYSTEMPATH\CodeIgniter.php(951): App\Controllers\DetailAnggota->simpanKepalaKeluarga()
10 SYSTEMPATH\CodeIgniter.php(497): CodeIgniter\CodeIgniter->runController(Object(App\Controllers\DetailAnggota))
11 SYSTEMPATH\CodeIgniter.php(340): CodeIgniter\CodeIgniter->handleRequest(null, Object(Config\Cache), false)
12 SYSTEMPATH\Boot.php(417): CodeIgniter\CodeIgniter->run()
13 SYSTEMPATH\Boot.php(68): CodeIgniter\Boot::runCodeIgniter(Object(CodeIgniter\CodeIgniter))
14 FCPATH\index.php(59): CodeIgniter\Boot::bootWeb(Object(Config\Paths))
CRITICAL - 2026-06-28 11:35:12 --> CodeIgniter\Database\Exceptions\DatabaseException: Duplicate entry '      3201016450004' for key 'detail_anggota.nik'
[Method: POST, Route: detailanggota/simpanKepalaKeluarga]
in SYSTEMPATH\Database\BaseConnection.php on line 865.
 1 SYSTEMPATH\Database\BaseBuilder.php(2521): CodeIgniter\Database\BaseConnection->query('UPDATE `detail_anggota` SET `nik` = :nik:, `nama` = :nama:, `jenis_kelamin` = :jenis_kelamin:, `tanggal_lahir` = :tanggal_lahir:, `hubungan_keluarga` = :hubungan_keluarga:, `id_pekerjaan` = :id_pekerjaan:, `penghasilan_pribadi` = :penghasilan_pribadi:, `pendidikan` = :pendidikan:
WHERE `detail_anggota`.`id_anggota` IN :detail_anggota.id_anggota:', [...], false)
 2 SYSTEMPATH\Model.php(406): CodeIgniter\Database\BaseBuilder->update()
 3 SYSTEMPATH\BaseModel.php(1074): CodeIgniter\Model->doUpdate([...], [...])
 4 SYSTEMPATH\Model.php(709): CodeIgniter\BaseModel->update([...], [...])
 5 APPPATH\Controllers\DetailAnggota.php(90): CodeIgniter\Model->update('4', [...])
 6 SYSTEMPATH\CodeIgniter.php(951): App\Controllers\DetailAnggota->simpanKepalaKeluarga()
 7 SYSTEMPATH\CodeIgniter.php(497): CodeIgniter\CodeIgniter->runController(Object(App\Controllers\DetailAnggota))
 8 SYSTEMPATH\CodeIgniter.php(340): CodeIgniter\CodeIgniter->handleRequest(null, Object(Config\Cache), false)
 9 SYSTEMPATH\Boot.php(417): CodeIgniter\CodeIgniter->run()
10 SYSTEMPATH\Boot.php(68): CodeIgniter\Boot::runCodeIgniter(Object(CodeIgniter\CodeIgniter))
11 FCPATH\index.php(59): CodeIgniter\Boot::bootWeb(Object(Config\Paths))
CRITICAL - 2026-06-28 11:35:12 --> [Caused by] CodeIgniter\Database\Exceptions\DatabaseException: Duplicate entry '      3201016450004' for key 'detail_anggota.nik'
in SYSTEMPATH\Database\MySQLi\Connection.php on line 310.
 1 SYSTEMPATH\Database\BaseConnection.php(910): CodeIgniter\Database\MySQLi\Connection->execute('UPDATE `detail_anggota` SET `nik` = \'      3201016450004\', `nama` = \'      Jokowi dodo\', `jenis_kelamin` = \'L\', `tanggal_lahir` = \'1975-01-15\', `hubungan_keluarga` = \'Kepala Keluarga\', `id_pekerjaan` = \'3\', `penghasilan_pribadi` = \'20\', `pendidikan` = \'SMP\'
WHERE `detail_anggota`.`id_anggota` IN (\'4\')')
 2 SYSTEMPATH\Database\BaseConnection.php(827): CodeIgniter\Database\BaseConnection->simpleQuery('UPDATE `detail_anggota` SET `nik` = \'      3201016450004\', `nama` = \'      Jokowi dodo\', `jenis_kelamin` = \'L\', `tanggal_lahir` = \'1975-01-15\', `hubungan_keluarga` = \'Kepala Keluarga\', `id_pekerjaan` = \'3\', `penghasilan_pribadi` = \'20\', `pendidikan` = \'SMP\'
WHERE `detail_anggota`.`id_anggota` IN (\'4\')')
 3 SYSTEMPATH\Database\BaseBuilder.php(2521): CodeIgniter\Database\BaseConnection->query('UPDATE `detail_anggota` SET `nik` = :nik:, `nama` = :nama:, `jenis_kelamin` = :jenis_kelamin:, `tanggal_lahir` = :tanggal_lahir:, `hubungan_keluarga` = :hubungan_keluarga:, `id_pekerjaan` = :id_pekerjaan:, `penghasilan_pribadi` = :penghasilan_pribadi:, `pendidikan` = :pendidikan:
WHERE `detail_anggota`.`id_anggota` IN :detail_anggota.id_anggota:', [...], false)
 4 SYSTEMPATH\Model.php(406): CodeIgniter\Database\BaseBuilder->update()
 5 SYSTEMPATH\BaseModel.php(1074): CodeIgniter\Model->doUpdate([...], [...])
 6 SYSTEMPATH\Model.php(709): CodeIgniter\BaseModel->update([...], [...])
 7 APPPATH\Controllers\DetailAnggota.php(90): CodeIgniter\Model->update('4', [...])
 8 SYSTEMPATH\CodeIgniter.php(951): App\Controllers\DetailAnggota->simpanKepalaKeluarga()
 9 SYSTEMPATH\CodeIgniter.php(497): CodeIgniter\CodeIgniter->runController(Object(App\Controllers\DetailAnggota))
10 SYSTEMPATH\CodeIgniter.php(340): CodeIgniter\CodeIgniter->handleRequest(null, Object(Config\Cache), false)
11 SYSTEMPATH\Boot.php(417): CodeIgniter\CodeIgniter->run()
12 SYSTEMPATH\Boot.php(68): CodeIgniter\Boot::runCodeIgniter(Object(CodeIgniter\CodeIgniter))
13 FCPATH\index.php(59): CodeIgniter\Boot::bootWeb(Object(Config\Paths))
CRITICAL - 2026-06-28 11:35:12 --> [Caused by] mysqli_sql_exception: Duplicate entry '      3201016450004' for key 'detail_anggota.nik'
in SYSTEMPATH\Database\MySQLi\Connection.php on line 300.
 1 SYSTEMPATH\Database\MySQLi\Connection.php(300): mysqli->query('UPDATE `detail_anggota` SET `nik` = \'      3201016450004\', `nama` = \'      Jokowi dodo\', `jenis_kelamin` = \'L\', `tanggal_lahir` = \'1975-01-15\', `hubungan_keluarga` = \'Kepala Keluarga\', `id_pekerjaan` = \'3\', `penghasilan_pribadi` = \'20\', `pendidikan` = \'SMP\'
WHERE `detail_anggota`.`id_anggota` IN (\'4\')', 0)
 2 SYSTEMPATH\Database\BaseConnection.php(910): CodeIgniter\Database\MySQLi\Connection->execute('UPDATE `detail_anggota` SET `nik` = \'      3201016450004\', `nama` = \'      Jokowi dodo\', `jenis_kelamin` = \'L\', `tanggal_lahir` = \'1975-01-15\', `hubungan_keluarga` = \'Kepala Keluarga\', `id_pekerjaan` = \'3\', `penghasilan_pribadi` = \'20\', `pendidikan` = \'SMP\'
WHERE `detail_anggota`.`id_anggota` IN (\'4\')')
 3 SYSTEMPATH\Database\BaseConnection.php(827): CodeIgniter\Database\BaseConnection->simpleQuery('UPDATE `detail_anggota` SET `nik` = \'      3201016450004\', `nama` = \'      Jokowi dodo\', `jenis_kelamin` = \'L\', `tanggal_lahir` = \'1975-01-15\', `hubungan_keluarga` = \'Kepala Keluarga\', `id_pekerjaan` = \'3\', `penghasilan_pribadi` = \'20\', `pendidikan` = \'SMP\'
WHERE `detail_anggota`.`id_anggota` IN (\'4\')')
 4 SYSTEMPATH\Database\BaseBuilder.php(2521): CodeIgniter\Database\BaseConnection->query('UPDATE `detail_anggota` SET `nik` = :nik:, `nama` = :nama:, `jenis_kelamin` = :jenis_kelamin:, `tanggal_lahir` = :tanggal_lahir:, `hubungan_keluarga` = :hubungan_keluarga:, `id_pekerjaan` = :id_pekerjaan:, `penghasilan_pribadi` = :penghasilan_pribadi:, `pendidikan` = :pendidikan:
WHERE `detail_anggota`.`id_anggota` IN :detail_anggota.id_anggota:', [...], false)
 5 SYSTEMPATH\Model.php(406): CodeIgniter\Database\BaseBuilder->update()
 6 SYSTEMPATH\BaseModel.php(1074): CodeIgniter\Model->doUpdate([...], [...])
 7 SYSTEMPATH\Model.php(709): CodeIgniter\BaseModel->update([...], [...])
 8 APPPATH\Controllers\DetailAnggota.php(90): CodeIgniter\Model->update('4', [...])
 9 SYSTEMPATH\CodeIgniter.php(951): App\Controllers\DetailAnggota->simpanKepalaKeluarga()
10 SYSTEMPATH\CodeIgniter.php(497): CodeIgniter\CodeIgniter->runController(Object(App\Controllers\DetailAnggota))
11 SYSTEMPATH\CodeIgniter.php(340): CodeIgniter\CodeIgniter->handleRequest(null, Object(Config\Cache), false)
12 SYSTEMPATH\Boot.php(417): CodeIgniter\CodeIgniter->run()
13 SYSTEMPATH\Boot.php(68): CodeIgniter\Boot::runCodeIgniter(Object(CodeIgniter\CodeIgniter))
14 FCPATH\index.php(59): CodeIgniter\Boot::bootWeb(Object(Config\Paths))
ERROR - 2026-06-28 11:35:39 --> Duplicate entry '      3201016450004' for key 'detail_anggota.nik'
in SYSTEMPATH\Database\MySQLi\Connection.php on line 300.
 1 SYSTEMPATH\Database\MySQLi\Connection.php(300): mysqli->query('UPDATE `detail_anggota` SET `nik` = \'      3201016450004\', `nama` = \'      Jokowidodo\', `jenis_kelamin` = \'L\', `tanggal_lahir` = \'1975-01-15\', `hubungan_keluarga` = \'Kepala Keluarga\', `id_pekerjaan` = \'3\', `penghasilan_pribadi` = \'20\', `pendidikan` = \'SMP\'
WHERE `detail_anggota`.`id_anggota` IN (\'4\')', 0)
 2 SYSTEMPATH\Database\BaseConnection.php(910): CodeIgniter\Database\MySQLi\Connection->execute('UPDATE `detail_anggota` SET `nik` = \'      3201016450004\', `nama` = \'      Jokowidodo\', `jenis_kelamin` = \'L\', `tanggal_lahir` = \'1975-01-15\', `hubungan_keluarga` = \'Kepala Keluarga\', `id_pekerjaan` = \'3\', `penghasilan_pribadi` = \'20\', `pendidikan` = \'SMP\'
WHERE `detail_anggota`.`id_anggota` IN (\'4\')')
 3 SYSTEMPATH\Database\BaseConnection.php(827): CodeIgniter\Database\BaseConnection->simpleQuery('UPDATE `detail_anggota` SET `nik` = \'      3201016450004\', `nama` = \'      Jokowidodo\', `jenis_kelamin` = \'L\', `tanggal_lahir` = \'1975-01-15\', `hubungan_keluarga` = \'Kepala Keluarga\', `id_pekerjaan` = \'3\', `penghasilan_pribadi` = \'20\', `pendidikan` = \'SMP\'
WHERE `detail_anggota`.`id_anggota` IN (\'4\')')
 4 SYSTEMPATH\Database\BaseBuilder.php(2521): CodeIgniter\Database\BaseConnection->query('UPDATE `detail_anggota` SET `nik` = :nik:, `nama` = :nama:, `jenis_kelamin` = :jenis_kelamin:, `tanggal_lahir` = :tanggal_lahir:, `hubungan_keluarga` = :hubungan_keluarga:, `id_pekerjaan` = :id_pekerjaan:, `penghasilan_pribadi` = :penghasilan_pribadi:, `pendidikan` = :pendidikan:
WHERE `detail_anggota`.`id_anggota` IN :detail_anggota.id_anggota:', [...], false)
 5 SYSTEMPATH\Model.php(406): CodeIgniter\Database\BaseBuilder->update()
 6 SYSTEMPATH\BaseModel.php(1074): CodeIgniter\Model->doUpdate([...], [...])
 7 SYSTEMPATH\Model.php(709): CodeIgniter\BaseModel->update([...], [...])
 8 APPPATH\Controllers\DetailAnggota.php(90): CodeIgniter\Model->update('4', [...])
 9 SYSTEMPATH\CodeIgniter.php(951): App\Controllers\DetailAnggota->simpanKepalaKeluarga()
10 SYSTEMPATH\CodeIgniter.php(497): CodeIgniter\CodeIgniter->runController(Object(App\Controllers\DetailAnggota))
11 SYSTEMPATH\CodeIgniter.php(340): CodeIgniter\CodeIgniter->handleRequest(null, Object(Config\Cache), false)
12 SYSTEMPATH\Boot.php(417): CodeIgniter\CodeIgniter->run()
13 SYSTEMPATH\Boot.php(68): CodeIgniter\Boot::runCodeIgniter(Object(CodeIgniter\CodeIgniter))
14 FCPATH\index.php(59): CodeIgniter\Boot::bootWeb(Object(Config\Paths))
CRITICAL - 2026-06-28 11:35:39 --> CodeIgniter\Database\Exceptions\DatabaseException: Duplicate entry '      3201016450004' for key 'detail_anggota.nik'
[Method: POST, Route: detailanggota/simpanKepalaKeluarga]
in SYSTEMPATH\Database\BaseConnection.php on line 865.
 1 SYSTEMPATH\Database\BaseBuilder.php(2521): CodeIgniter\Database\BaseConnection->query('UPDATE `detail_anggota` SET `nik` = :nik:, `nama` = :nama:, `jenis_kelamin` = :jenis_kelamin:, `tanggal_lahir` = :tanggal_lahir:, `hubungan_keluarga` = :hubungan_keluarga:, `id_pekerjaan` = :id_pekerjaan:, `penghasilan_pribadi` = :penghasilan_pribadi:, `pendidikan` = :pendidikan:
WHERE `detail_anggota`.`id_anggota` IN :detail_anggota.id_anggota:', [...], false)
 2 SYSTEMPATH\Model.php(406): CodeIgniter\Database\BaseBuilder->update()
 3 SYSTEMPATH\BaseModel.php(1074): CodeIgniter\Model->doUpdate([...], [...])
 4 SYSTEMPATH\Model.php(709): CodeIgniter\BaseModel->update([...], [...])
 5 APPPATH\Controllers\DetailAnggota.php(90): CodeIgniter\Model->update('4', [...])
 6 SYSTEMPATH\CodeIgniter.php(951): App\Controllers\DetailAnggota->simpanKepalaKeluarga()
 7 SYSTEMPATH\CodeIgniter.php(497): CodeIgniter\CodeIgniter->runController(Object(App\Controllers\DetailAnggota))
 8 SYSTEMPATH\CodeIgniter.php(340): CodeIgniter\CodeIgniter->handleRequest(null, Object(Config\Cache), false)
 9 SYSTEMPATH\Boot.php(417): CodeIgniter\CodeIgniter->run()
10 SYSTEMPATH\Boot.php(68): CodeIgniter\Boot::runCodeIgniter(Object(CodeIgniter\CodeIgniter))
11 FCPATH\index.php(59): CodeIgniter\Boot::bootWeb(Object(Config\Paths))
CRITICAL - 2026-06-28 11:35:39 --> [Caused by] CodeIgniter\Database\Exceptions\DatabaseException: Duplicate entry '      3201016450004' for key 'detail_anggota.nik'
in SYSTEMPATH\Database\MySQLi\Connection.php on line 310.
 1 SYSTEMPATH\Database\BaseConnection.php(910): CodeIgniter\Database\MySQLi\Connection->execute('UPDATE `detail_anggota` SET `nik` = \'      3201016450004\', `nama` = \'      Jokowidodo\', `jenis_kelamin` = \'L\', `tanggal_lahir` = \'1975-01-15\', `hubungan_keluarga` = \'Kepala Keluarga\', `id_pekerjaan` = \'3\', `penghasilan_pribadi` = \'20\', `pendidikan` = \'SMP\'
WHERE `detail_anggota`.`id_anggota` IN (\'4\')')
 2 SYSTEMPATH\Database\BaseConnection.php(827): CodeIgniter\Database\BaseConnection->simpleQuery('UPDATE `detail_anggota` SET `nik` = \'      3201016450004\', `nama` = \'      Jokowidodo\', `jenis_kelamin` = \'L\', `tanggal_lahir` = \'1975-01-15\', `hubungan_keluarga` = \'Kepala Keluarga\', `id_pekerjaan` = \'3\', `penghasilan_pribadi` = \'20\', `pendidikan` = \'SMP\'
WHERE `detail_anggota`.`id_anggota` IN (\'4\')')
 3 SYSTEMPATH\Database\BaseBuilder.php(2521): CodeIgniter\Database\BaseConnection->query('UPDATE `detail_anggota` SET `nik` = :nik:, `nama` = :nama:, `jenis_kelamin` = :jenis_kelamin:, `tanggal_lahir` = :tanggal_lahir:, `hubungan_keluarga` = :hubungan_keluarga:, `id_pekerjaan` = :id_pekerjaan:, `penghasilan_pribadi` = :penghasilan_pribadi:, `pendidikan` = :pendidikan:
WHERE `detail_anggota`.`id_anggota` IN :detail_anggota.id_anggota:', [...], false)
 4 SYSTEMPATH\Model.php(406): CodeIgniter\Database\BaseBuilder->update()
 5 SYSTEMPATH\BaseModel.php(1074): CodeIgniter\Model->doUpdate([...], [...])
 6 SYSTEMPATH\Model.php(709): CodeIgniter\BaseModel->update([...], [...])
 7 APPPATH\Controllers\DetailAnggota.php(90): CodeIgniter\Model->update('4', [...])
 8 SYSTEMPATH\CodeIgniter.php(951): App\Controllers\DetailAnggota->simpanKepalaKeluarga()
 9 SYSTEMPATH\CodeIgniter.php(497): CodeIgniter\CodeIgniter->runController(Object(App\Controllers\DetailAnggota))
10 SYSTEMPATH\CodeIgniter.php(340): CodeIgniter\CodeIgniter->handleRequest(null, Object(Config\Cache), false)
11 SYSTEMPATH\Boot.php(417): CodeIgniter\CodeIgniter->run()
12 SYSTEMPATH\Boot.php(68): CodeIgniter\Boot::runCodeIgniter(Object(CodeIgniter\CodeIgniter))
13 FCPATH\index.php(59): CodeIgniter\Boot::bootWeb(Object(Config\Paths))
CRITICAL - 2026-06-28 11:35:39 --> [Caused by] mysqli_sql_exception: Duplicate entry '      3201016450004' for key 'detail_anggota.nik'
in SYSTEMPATH\Database\MySQLi\Connection.php on line 300.
 1 SYSTEMPATH\Database\MySQLi\Connection.php(300): mysqli->query('UPDATE `detail_anggota` SET `nik` = \'      3201016450004\', `nama` = \'      Jokowidodo\', `jenis_kelamin` = \'L\', `tanggal_lahir` = \'1975-01-15\', `hubungan_keluarga` = \'Kepala Keluarga\', `id_pekerjaan` = \'3\', `penghasilan_pribadi` = \'20\', `pendidikan` = \'SMP\'
WHERE `detail_anggota`.`id_anggota` IN (\'4\')', 0)
 2 SYSTEMPATH\Database\BaseConnection.php(910): CodeIgniter\Database\MySQLi\Connection->execute('UPDATE `detail_anggota` SET `nik` = \'      3201016450004\', `nama` = \'      Jokowidodo\', `jenis_kelamin` = \'L\', `tanggal_lahir` = \'1975-01-15\', `hubungan_keluarga` = \'Kepala Keluarga\', `id_pekerjaan` = \'3\', `penghasilan_pribadi` = \'20\', `pendidikan` = \'SMP\'
WHERE `detail_anggota`.`id_anggota` IN (\'4\')')
 3 SYSTEMPATH\Database\BaseConnection.php(827): CodeIgniter\Database\BaseConnection->simpleQuery('UPDATE `detail_anggota` SET `nik` = \'      3201016450004\', `nama` = \'      Jokowidodo\', `jenis_kelamin` = \'L\', `tanggal_lahir` = \'1975-01-15\', `hubungan_keluarga` = \'Kepala Keluarga\', `id_pekerjaan` = \'3\', `penghasilan_pribadi` = \'20\', `pendidikan` = \'SMP\'
WHERE `detail_anggota`.`id_anggota` IN (\'4\')')
 4 SYSTEMPATH\Database\BaseBuilder.php(2521): CodeIgniter\Database\BaseConnection->query('UPDATE `detail_anggota` SET `nik` = :nik:, `nama` = :nama:, `jenis_kelamin` = :jenis_kelamin:, `tanggal_lahir` = :tanggal_lahir:, `hubungan_keluarga` = :hubungan_keluarga:, `id_pekerjaan` = :id_pekerjaan:, `penghasilan_pribadi` = :penghasilan_pribadi:, `pendidikan` = :pendidikan:
WHERE `detail_anggota`.`id_anggota` IN :detail_anggota.id_anggota:', [...], false)
 5 SYSTEMPATH\Model.php(406): CodeIgniter\Database\BaseBuilder->update()
 6 SYSTEMPATH\BaseModel.php(1074): CodeIgniter\Model->doUpdate([...], [...])
 7 SYSTEMPATH\Model.php(709): CodeIgniter\BaseModel->update([...], [...])
 8 APPPATH\Controllers\DetailAnggota.php(90): CodeIgniter\Model->update('4', [...])
 9 SYSTEMPATH\CodeIgniter.php(951): App\Controllers\DetailAnggota->simpanKepalaKeluarga()
10 SYSTEMPATH\CodeIgniter.php(497): CodeIgniter\CodeIgniter->runController(Object(App\Controllers\DetailAnggota))
11 SYSTEMPATH\CodeIgniter.php(340): CodeIgniter\CodeIgniter->handleRequest(null, Object(Config\Cache), false)
12 SYSTEMPATH\Boot.php(417): CodeIgniter\CodeIgniter->run()
13 SYSTEMPATH\Boot.php(68): CodeIgniter\Boot::runCodeIgniter(Object(CodeIgniter\CodeIgniter))
14 FCPATH\index.php(59): CodeIgniter\Boot::bootWeb(Object(Config\Paths))
CRITICAL - 2026-06-28 11:42:24 --> CodeIgniter\Database\Exceptions\DataException: There is no data to update.
[Method: POST, Route: detailanggota/simpanKepalaKeluarga]
in SYSTEMPATH\BaseModel.php on line 1876.
 1 SYSTEMPATH\BaseModel.php(1876): CodeIgniter\Database\Exceptions\DataException::forEmptyDataset('update')
 2 SYSTEMPATH\BaseModel.php(1043): CodeIgniter\BaseModel->transformDataToArray(null, 'update')
 3 SYSTEMPATH\Model.php(709): CodeIgniter\BaseModel->update([...], null)
 4 APPPATH\Controllers\DetailAnggota.php(94): CodeIgniter\Model->update([...])
 5 SYSTEMPATH\CodeIgniter.php(951): App\Controllers\DetailAnggota->simpanKepalaKeluarga()
 6 SYSTEMPATH\CodeIgniter.php(497): CodeIgniter\CodeIgniter->runController(Object(App\Controllers\DetailAnggota))
 7 SYSTEMPATH\CodeIgniter.php(340): CodeIgniter\CodeIgniter->handleRequest(null, Object(Config\Cache), false)
 8 SYSTEMPATH\Boot.php(417): CodeIgniter\CodeIgniter->run()
 9 SYSTEMPATH\Boot.php(68): CodeIgniter\Boot::runCodeIgniter(Object(CodeIgniter\CodeIgniter))
10 FCPATH\index.php(59): CodeIgniter\Boot::bootWeb(Object(Config\Paths))
CRITICAL - 2026-06-28 11:43:48 --> ParseError: syntax error, unexpected token "]"
[Method: POST, Route: detailanggota/simpanKepalaKeluarga]
in APPPATH\Controllers\DetailAnggota.php on line 96.
 1 SYSTEMPATH\Autoloader\Autoloader.php(295): CodeIgniter\Autoloader\Autoloader->includeFile('C:\\laragon\\www\\program_bltd\\app\\Controllers\\DetailAnggota.php')
 2 SYSTEMPATH\Autoloader\Autoloader.php(271): CodeIgniter\Autoloader\Autoloader->loadInNamespace('App\\Controllers\\DetailAnggota')
 3 [internal function]: CodeIgniter\Autoloader\Autoloader->loadClass('App\\Controllers\\DetailAnggota')
 4 SYSTEMPATH\Router\Router.php(792): class_exists('\\App\\Controllers\\DetailAnggota')
 5 SYSTEMPATH\Router\Router.php(230): CodeIgniter\Router\Router->processRouteAttributes()
 6 SYSTEMPATH\CodeIgniter.php(829): CodeIgniter\Router\Router->handle('detailanggota/simpanKepalaKeluarga')
 7 SYSTEMPATH\CodeIgniter.php(441): CodeIgniter\CodeIgniter->tryToRouteIt(Object(CodeIgniter\Router\RouteCollection))
 8 SYSTEMPATH\CodeIgniter.php(340): CodeIgniter\CodeIgniter->handleRequest(null, Object(Config\Cache), false)
 9 SYSTEMPATH\Boot.php(417): CodeIgniter\CodeIgniter->run()
10 SYSTEMPATH\Boot.php(68): CodeIgniter\Boot::runCodeIgniter(Object(CodeIgniter\CodeIgniter))
11 FCPATH\index.php(59): CodeIgniter\Boot::bootWeb(Object(Config\Paths))
CRITICAL - 2026-06-28 12:05:32 --> ErrorException: Trying to access array offset on null
[Method: GET, Route: tambahanggota]
in APPPATH\Views\penduduk\tambahAnggota.php on line 69.
 1 APPPATH\Views\penduduk\tambahAnggota.php(69): CodeIgniter\Debug\Exceptions->errorHandler(2, 'Trying to access array offset on null', 'C:\\laragon\\www\\program_bltd\\app\\Views\\penduduk\\tambahAnggota.php', 69)
 2 SYSTEMPATH\View\View.php(240): include('C:\\laragon\\www\\program_bltd\\app\\Views\\penduduk\\tambahAnggota.php')
 3 SYSTEMPATH\View\View.php(243): CodeIgniter\View\View->CodeIgniter\View\{closure}()
 4 SYSTEMPATH\Common.php(1250): CodeIgniter\View\View->render('penduduk/tambahanggota', [], true)
 5 APPPATH\Controllers\Keluarga.php(38): view('penduduk/tambahanggota', [...])
 6 SYSTEMPATH\CodeIgniter.php(951): App\Controllers\Keluarga->tambahanggota()
 7 SYSTEMPATH\CodeIgniter.php(497): CodeIgniter\CodeIgniter->runController(Object(App\Controllers\Keluarga))
 8 SYSTEMPATH\CodeIgniter.php(340): CodeIgniter\CodeIgniter->handleRequest(null, Object(Config\Cache), false)
 9 SYSTEMPATH\Boot.php(417): CodeIgniter\CodeIgniter->run()
10 SYSTEMPATH\Boot.php(68): CodeIgniter\Boot::runCodeIgniter(Object(CodeIgniter\CodeIgniter))
11 FCPATH\index.php(59): CodeIgniter\Boot::bootWeb(Object(Config\Paths))
CRITICAL - 2026-06-28 12:05:52 --> ErrorException: Trying to access array offset on null
[Method: GET, Route: tambahanggota]
in APPPATH\Views\penduduk\tambahAnggota.php on line 69.
 1 APPPATH\Views\penduduk\tambahAnggota.php(69): CodeIgniter\Debug\Exceptions->errorHandler(2, 'Trying to access array offset on null', 'C:\\laragon\\www\\program_bltd\\app\\Views\\penduduk\\tambahAnggota.php', 69)
 2 SYSTEMPATH\View\View.php(240): include('C:\\laragon\\www\\program_bltd\\app\\Views\\penduduk\\tambahAnggota.php')
 3 SYSTEMPATH\View\View.php(243): CodeIgniter\View\View->CodeIgniter\View\{closure}()
 4 SYSTEMPATH\Common.php(1250): CodeIgniter\View\View->render('penduduk/tambahanggota', [], true)
 5 APPPATH\Controllers\Keluarga.php(38): view('penduduk/tambahanggota', [...])
 6 SYSTEMPATH\CodeIgniter.php(951): App\Controllers\Keluarga->tambahanggota()
 7 SYSTEMPATH\CodeIgniter.php(497): CodeIgniter\CodeIgniter->runController(Object(App\Controllers\Keluarga))
 8 SYSTEMPATH\CodeIgniter.php(340): CodeIgniter\CodeIgniter->handleRequest(null, Object(Config\Cache), false)
 9 SYSTEMPATH\Boot.php(417): CodeIgniter\CodeIgniter->run()
10 SYSTEMPATH\Boot.php(68): CodeIgniter\Boot::runCodeIgniter(Object(CodeIgniter\CodeIgniter))
11 FCPATH\index.php(59): CodeIgniter\Boot::bootWeb(Object(Config\Paths))
CRITICAL - 2026-06-28 12:40:12 --> ErrorException: Undefined variable $disableTombolTambah
[Method: GET, Route: tambahanggota]
in APPPATH\Views\penduduk\tambahAnggota.php on line 200.
 1 APPPATH\Views\penduduk\tambahAnggota.php(200): CodeIgniter\Debug\Exceptions->errorHandler(2, 'Undefined variable $disableTombolTambah', 'C:\\laragon\\www\\program_bltd\\app\\Views\\penduduk\\tambahAnggota.php', 200)
 2 SYSTEMPATH\View\View.php(240): include('C:\\laragon\\www\\program_bltd\\app\\Views\\penduduk\\tambahAnggota.php')
 3 SYSTEMPATH\View\View.php(243): CodeIgniter\View\View->CodeIgniter\View\{closure}()
 4 SYSTEMPATH\Common.php(1250): CodeIgniter\View\View->render('penduduk/tambahanggota', [], true)
 5 APPPATH\Controllers\Keluarga.php(38): view('penduduk/tambahanggota', [...])
 6 SYSTEMPATH\CodeIgniter.php(951): App\Controllers\Keluarga->tambahanggota()
 7 SYSTEMPATH\CodeIgniter.php(497): CodeIgniter\CodeIgniter->runController(Object(App\Controllers\Keluarga))
 8 SYSTEMPATH\CodeIgniter.php(340): CodeIgniter\CodeIgniter->handleRequest(null, Object(Config\Cache), false)
 9 SYSTEMPATH\Boot.php(417): CodeIgniter\CodeIgniter->run()
10 SYSTEMPATH\Boot.php(68): CodeIgniter\Boot::runCodeIgniter(Object(CodeIgniter\CodeIgniter))
11 FCPATH\index.php(59): CodeIgniter\Boot::bootWeb(Object(Config\Paths))
CRITICAL - 2026-06-28 12:41:45 --> ErrorException: Undefined variable $disableTombolTambah
[Method: GET, Route: tambahanggota]
in APPPATH\Views\penduduk\tambahAnggota.php on line 189.
 1 APPPATH\Views\penduduk\tambahAnggota.php(189): CodeIgniter\Debug\Exceptions->errorHandler(2, 'Undefined variable $disableTombolTambah', 'C:\\laragon\\www\\program_bltd\\app\\Views\\penduduk\\tambahAnggota.php', 189)
 2 SYSTEMPATH\View\View.php(240): include('C:\\laragon\\www\\program_bltd\\app\\Views\\penduduk\\tambahAnggota.php')
 3 SYSTEMPATH\View\View.php(243): CodeIgniter\View\View->CodeIgniter\View\{closure}()
 4 SYSTEMPATH\Common.php(1250): CodeIgniter\View\View->render('penduduk/tambahanggota', [], true)
 5 APPPATH\Controllers\Keluarga.php(38): view('penduduk/tambahanggota', [...])
 6 SYSTEMPATH\CodeIgniter.php(951): App\Controllers\Keluarga->tambahanggota()
 7 SYSTEMPATH\CodeIgniter.php(497): CodeIgniter\CodeIgniter->runController(Object(App\Controllers\Keluarga))
 8 SYSTEMPATH\CodeIgniter.php(340): CodeIgniter\CodeIgniter->handleRequest(null, Object(Config\Cache), false)
 9 SYSTEMPATH\Boot.php(417): CodeIgniter\CodeIgniter->run()
10 SYSTEMPATH\Boot.php(68): CodeIgniter\Boot::runCodeIgniter(Object(CodeIgniter\CodeIgniter))
11 FCPATH\index.php(59): CodeIgniter\Boot::bootWeb(Object(Config\Paths))
CRITICAL - 2026-06-28 12:53:46 --> ParseError: Unclosed '{' on line 55
[Method: GET, Route: tambahanggota]
in APPPATH\Views\penduduk\tambahAnggota.php on line 402.
 1 SYSTEMPATH\View\View.php(243): CodeIgniter\View\View->CodeIgniter\View\{closure}()
 2 SYSTEMPATH\Common.php(1250): CodeIgniter\View\View->render('penduduk/tambahanggota', [], true)
 3 APPPATH\Controllers\Keluarga.php(38): view('penduduk/tambahanggota', [...])
 4 SYSTEMPATH\CodeIgniter.php(951): App\Controllers\Keluarga->tambahanggota()
 5 SYSTEMPATH\CodeIgniter.php(497): CodeIgniter\CodeIgniter->runController(Object(App\Controllers\Keluarga))
 6 SYSTEMPATH\CodeIgniter.php(340): CodeIgniter\CodeIgniter->handleRequest(null, Object(Config\Cache), false)
 7 SYSTEMPATH\Boot.php(417): CodeIgniter\CodeIgniter->run()
 8 SYSTEMPATH\Boot.php(68): CodeIgniter\Boot::runCodeIgniter(Object(CodeIgniter\CodeIgniter))
 9 FCPATH\index.php(59): CodeIgniter\Boot::bootWeb(Object(Config\Paths))
CRITICAL - 2026-06-28 13:06:23 --> ParseError: syntax error, unexpected token "else"
[Method: GET, Route: tambahanggota]
in APPPATH\Views\penduduk\tambahAnggota.php on line 153.
 1 SYSTEMPATH\View\View.php(243): CodeIgniter\View\View->CodeIgniter\View\{closure}()
 2 SYSTEMPATH\Common.php(1250): CodeIgniter\View\View->render('penduduk/tambahanggota', [], true)
 3 APPPATH\Controllers\Keluarga.php(39): view('penduduk/tambahanggota', [...])
 4 SYSTEMPATH\CodeIgniter.php(951): App\Controllers\Keluarga->tambahanggota()
 5 SYSTEMPATH\CodeIgniter.php(497): CodeIgniter\CodeIgniter->runController(Object(App\Controllers\Keluarga))
 6 SYSTEMPATH\CodeIgniter.php(340): CodeIgniter\CodeIgniter->handleRequest(null, Object(Config\Cache), false)
 7 SYSTEMPATH\Boot.php(417): CodeIgniter\CodeIgniter->run()
 8 SYSTEMPATH\Boot.php(68): CodeIgniter\Boot::runCodeIgniter(Object(CodeIgniter\CodeIgniter))
 9 FCPATH\index.php(59): CodeIgniter\Boot::bootWeb(Object(Config\Paths))
CRITICAL - 2026-06-28 13:06:53 --> ErrorException: Undefined variable $no
[Method: GET, Route: tambahanggota]
in APPPATH\Views\penduduk\tambahAnggota.php on line 93.
 1 APPPATH\Views\penduduk\tambahAnggota.php(93): CodeIgniter\Debug\Exceptions->errorHandler(2, 'Undefined variable $no', 'C:\\laragon\\www\\program_bltd\\app\\Views\\penduduk\\tambahAnggota.php', 93)
 2 SYSTEMPATH\View\View.php(240): include('C:\\laragon\\www\\program_bltd\\app\\Views\\penduduk\\tambahAnggota.php')
 3 SYSTEMPATH\View\View.php(243): CodeIgniter\View\View->CodeIgniter\View\{closure}()
 4 SYSTEMPATH\Common.php(1250): CodeIgniter\View\View->render('penduduk/tambahanggota', [], true)
 5 APPPATH\Controllers\Keluarga.php(39): view('penduduk/tambahanggota', [...])
 6 SYSTEMPATH\CodeIgniter.php(951): App\Controllers\Keluarga->tambahanggota()
 7 SYSTEMPATH\CodeIgniter.php(497): CodeIgniter\CodeIgniter->runController(Object(App\Controllers\Keluarga))
 8 SYSTEMPATH\CodeIgniter.php(340): CodeIgniter\CodeIgniter->handleRequest(null, Object(Config\Cache), false)
 9 SYSTEMPATH\Boot.php(417): CodeIgniter\CodeIgniter->run()
10 SYSTEMPATH\Boot.php(68): CodeIgniter\Boot::runCodeIgniter(Object(CodeIgniter\CodeIgniter))
11 FCPATH\index.php(59): CodeIgniter\Boot::bootWeb(Object(Config\Paths))
CRITICAL - 2026-06-28 13:13:07 --> ErrorException: Trying to access array offset on null
[Method: GET, Route: tambahanggota]
in APPPATH\Views\penduduk\tambahAnggota.php on line 39.
 1 APPPATH\Views\penduduk\tambahAnggota.php(39): CodeIgniter\Debug\Exceptions->errorHandler(2, 'Trying to access array offset on null', 'C:\\laragon\\www\\program_bltd\\app\\Views\\penduduk\\tambahAnggota.php', 39)
 2 SYSTEMPATH\View\View.php(240): include('C:\\laragon\\www\\program_bltd\\app\\Views\\penduduk\\tambahAnggota.php')
 3 SYSTEMPATH\View\View.php(243): CodeIgniter\View\View->CodeIgniter\View\{closure}()
 4 SYSTEMPATH\Common.php(1250): CodeIgniter\View\View->render('penduduk/tambahanggota', [], true)
 5 APPPATH\Controllers\Keluarga.php(39): view('penduduk/tambahanggota', [...])
 6 SYSTEMPATH\CodeIgniter.php(951): App\Controllers\Keluarga->tambahanggota()
 7 SYSTEMPATH\CodeIgniter.php(497): CodeIgniter\CodeIgniter->runController(Object(App\Controllers\Keluarga))
 8 SYSTEMPATH\CodeIgniter.php(340): CodeIgniter\CodeIgniter->handleRequest(null, Object(Config\Cache), false)
 9 SYSTEMPATH\Boot.php(417): CodeIgniter\CodeIgniter->run()
10 SYSTEMPATH\Boot.php(68): CodeIgniter\Boot::runCodeIgniter(Object(CodeIgniter\CodeIgniter))
11 FCPATH\index.php(59): CodeIgniter\Boot::bootWeb(Object(Config\Paths))
CRITICAL - 2026-06-28 13:29:13 --> ErrorException: Undefined variable $urladd
[Method: GET, Route: tambahanggota]
in APPPATH\Views\penduduk\tambahAnggota.php on line 197.
 1 APPPATH\Views\penduduk\tambahAnggota.php(197): CodeIgniter\Debug\Exceptions->errorHandler(2, 'Undefined variable $urladd', 'C:\\laragon\\www\\program_bltd\\app\\Views\\penduduk\\tambahAnggota.php', 197)
 2 SYSTEMPATH\View\View.php(240): include('C:\\laragon\\www\\program_bltd\\app\\Views\\penduduk\\tambahAnggota.php')
 3 SYSTEMPATH\View\View.php(243): CodeIgniter\View\View->CodeIgniter\View\{closure}()
 4 SYSTEMPATH\Common.php(1250): CodeIgniter\View\View->render('penduduk/tambahanggota', [], true)
 5 APPPATH\Controllers\Keluarga.php(44): view('penduduk/tambahanggota', [...])
 6 SYSTEMPATH\CodeIgniter.php(951): App\Controllers\Keluarga->tambahanggota()
 7 SYSTEMPATH\CodeIgniter.php(497): CodeIgniter\CodeIgniter->runController(Object(App\Controllers\Keluarga))
 8 SYSTEMPATH\CodeIgniter.php(340): CodeIgniter\CodeIgniter->handleRequest(null, Object(Config\Cache), false)
 9 SYSTEMPATH\Boot.php(417): CodeIgniter\CodeIgniter->run()
10 SYSTEMPATH\Boot.php(68): CodeIgniter\Boot::runCodeIgniter(Object(CodeIgniter\CodeIgniter))
11 FCPATH\index.php(59): CodeIgniter\Boot::bootWeb(Object(Config\Paths))
CRITICAL - 2026-06-28 13:30:46 --> ErrorException: Undefined variable $data
[Method: GET, Route: tambahanggota]
in APPPATH\Views\penduduk\tambahAnggota.php on line 197.
 1 APPPATH\Views\penduduk\tambahAnggota.php(197): CodeIgniter\Debug\Exceptions->errorHandler(2, 'Undefined variable $data', 'C:\\laragon\\www\\program_bltd\\app\\Views\\penduduk\\tambahAnggota.php', 197)
 2 SYSTEMPATH\View\View.php(240): include('C:\\laragon\\www\\program_bltd\\app\\Views\\penduduk\\tambahAnggota.php')
 3 SYSTEMPATH\View\View.php(243): CodeIgniter\View\View->CodeIgniter\View\{closure}()
 4 SYSTEMPATH\Common.php(1250): CodeIgniter\View\View->render('penduduk/tambahanggota', [], true)
 5 APPPATH\Controllers\Keluarga.php(44): view('penduduk/tambahanggota', [...])
 6 SYSTEMPATH\CodeIgniter.php(951): App\Controllers\Keluarga->tambahanggota()
 7 SYSTEMPATH\CodeIgniter.php(497): CodeIgniter\CodeIgniter->runController(Object(App\Controllers\Keluarga))
 8 SYSTEMPATH\CodeIgniter.php(340): CodeIgniter\CodeIgniter->handleRequest(null, Object(Config\Cache), false)
 9 SYSTEMPATH\Boot.php(417): CodeIgniter\CodeIgniter->run()
10 SYSTEMPATH\Boot.php(68): CodeIgniter\Boot::runCodeIgniter(Object(CodeIgniter\CodeIgniter))
11 FCPATH\index.php(59): CodeIgniter\Boot::bootWeb(Object(Config\Paths))
ERROR - 2026-06-28 14:03:43 --> Duplicate entry '3404126107950001' for key 'detail_anggota.nik'
in SYSTEMPATH\Database\MySQLi\Connection.php on line 300.
 1 SYSTEMPATH\Database\MySQLi\Connection.php(300): mysqli->query('INSERT INTO `detail_anggota` (`nik`, `nama`, `jenis_kelamin`, `tanggal_lahir`, `hubungan_keluarga`, `id_pekerjaan`, `penghasilan_pribadi`, `pendidikan`) VALUES (\'3404126107950001\', \'Lukas\', \'L\', \'1977-03-30\', \'Kepala Keluarga\', \'7\', \'4000000\', \'S2\')', 0)
 2 SYSTEMPATH\Database\BaseConnection.php(910): CodeIgniter\Database\MySQLi\Connection->execute('INSERT INTO `detail_anggota` (`nik`, `nama`, `jenis_kelamin`, `tanggal_lahir`, `hubungan_keluarga`, `id_pekerjaan`, `penghasilan_pribadi`, `pendidikan`) VALUES (\'3404126107950001\', \'Lukas\', \'L\', \'1977-03-30\', \'Kepala Keluarga\', \'7\', \'4000000\', \'S2\')')
 3 SYSTEMPATH\Database\BaseConnection.php(827): CodeIgniter\Database\BaseConnection->simpleQuery('INSERT INTO `detail_anggota` (`nik`, `nama`, `jenis_kelamin`, `tanggal_lahir`, `hubungan_keluarga`, `id_pekerjaan`, `penghasilan_pribadi`, `pendidikan`) VALUES (\'3404126107950001\', \'Lukas\', \'L\', \'1977-03-30\', \'Kepala Keluarga\', \'7\', \'4000000\', \'S2\')')
 4 SYSTEMPATH\Database\BaseBuilder.php(2345): CodeIgniter\Database\BaseConnection->query('INSERT INTO `detail_anggota` (`nik`, `nama`, `jenis_kelamin`, `tanggal_lahir`, `hubungan_keluarga`, `id_pekerjaan`, `penghasilan_pribadi`, `pendidikan`) VALUES (:nik:, :nama:, :jenis_kelamin:, :tanggal_lahir:, :hubungan_keluarga:, :id_pekerjaan:, :penghasilan_pribadi:, :pendidikan:)', [...], false)
 5 SYSTEMPATH\Model.php(355): CodeIgniter\Database\BaseBuilder->insert()
 6 SYSTEMPATH\BaseModel.php(899): CodeIgniter\Model->doInsert([...])
 7 SYSTEMPATH\Model.php(668): CodeIgniter\BaseModel->insert([...], true)
 8 APPPATH\Controllers\DetailAnggota.php(101): CodeIgniter\Model->insert([...])
 9 SYSTEMPATH\CodeIgniter.php(951): App\Controllers\DetailAnggota->simpanKepalaKeluarga()
10 SYSTEMPATH\CodeIgniter.php(497): CodeIgniter\CodeIgniter->runController(Object(App\Controllers\DetailAnggota))
11 SYSTEMPATH\CodeIgniter.php(340): CodeIgniter\CodeIgniter->handleRequest(null, Object(Config\Cache), false)
12 SYSTEMPATH\Boot.php(417): CodeIgniter\CodeIgniter->run()
13 SYSTEMPATH\Boot.php(68): CodeIgniter\Boot::runCodeIgniter(Object(CodeIgniter\CodeIgniter))
14 FCPATH\index.php(59): CodeIgniter\Boot::bootWeb(Object(Config\Paths))
CRITICAL - 2026-06-28 14:03:43 --> CodeIgniter\Database\Exceptions\DatabaseException: Duplicate entry '3404126107950001' for key 'detail_anggota.nik'
[Method: POST, Route: detailanggota/simpanKepalaKeluarga]
in SYSTEMPATH\Database\BaseConnection.php on line 865.
 1 SYSTEMPATH\Database\BaseBuilder.php(2345): CodeIgniter\Database\BaseConnection->query('INSERT INTO `detail_anggota` (`nik`, `nama`, `jenis_kelamin`, `tanggal_lahir`, `hubungan_keluarga`, `id_pekerjaan`, `penghasilan_pribadi`, `pendidikan`) VALUES (:nik:, :nama:, :jenis_kelamin:, :tanggal_lahir:, :hubungan_keluarga:, :id_pekerjaan:, :penghasilan_pribadi:, :pendidikan:)', [...], false)
 2 SYSTEMPATH\Model.php(355): CodeIgniter\Database\BaseBuilder->insert()
 3 SYSTEMPATH\BaseModel.php(899): CodeIgniter\Model->doInsert([...])
 4 SYSTEMPATH\Model.php(668): CodeIgniter\BaseModel->insert([...], true)
 5 APPPATH\Controllers\DetailAnggota.php(101): CodeIgniter\Model->insert([...])
 6 SYSTEMPATH\CodeIgniter.php(951): App\Controllers\DetailAnggota->simpanKepalaKeluarga()
 7 SYSTEMPATH\CodeIgniter.php(497): CodeIgniter\CodeIgniter->runController(Object(App\Controllers\DetailAnggota))
 8 SYSTEMPATH\CodeIgniter.php(340): CodeIgniter\CodeIgniter->handleRequest(null, Object(Config\Cache), false)
 9 SYSTEMPATH\Boot.php(417): CodeIgniter\CodeIgniter->run()
10 SYSTEMPATH\Boot.php(68): CodeIgniter\Boot::runCodeIgniter(Object(CodeIgniter\CodeIgniter))
11 FCPATH\index.php(59): CodeIgniter\Boot::bootWeb(Object(Config\Paths))
CRITICAL - 2026-06-28 14:03:43 --> [Caused by] CodeIgniter\Database\Exceptions\DatabaseException: Duplicate entry '3404126107950001' for key 'detail_anggota.nik'
in SYSTEMPATH\Database\MySQLi\Connection.php on line 310.
 1 SYSTEMPATH\Database\BaseConnection.php(910): CodeIgniter\Database\MySQLi\Connection->execute('INSERT INTO `detail_anggota` (`nik`, `nama`, `jenis_kelamin`, `tanggal_lahir`, `hubungan_keluarga`, `id_pekerjaan`, `penghasilan_pribadi`, `pendidikan`) VALUES (\'3404126107950001\', \'Lukas\', \'L\', \'1977-03-30\', \'Kepala Keluarga\', \'7\', \'4000000\', \'S2\')')
 2 SYSTEMPATH\Database\BaseConnection.php(827): CodeIgniter\Database\BaseConnection->simpleQuery('INSERT INTO `detail_anggota` (`nik`, `nama`, `jenis_kelamin`, `tanggal_lahir`, `hubungan_keluarga`, `id_pekerjaan`, `penghasilan_pribadi`, `pendidikan`) VALUES (\'3404126107950001\', \'Lukas\', \'L\', \'1977-03-30\', \'Kepala Keluarga\', \'7\', \'4000000\', \'S2\')')
 3 SYSTEMPATH\Database\BaseBuilder.php(2345): CodeIgniter\Database\BaseConnection->query('INSERT INTO `detail_anggota` (`nik`, `nama`, `jenis_kelamin`, `tanggal_lahir`, `hubungan_keluarga`, `id_pekerjaan`, `penghasilan_pribadi`, `pendidikan`) VALUES (:nik:, :nama:, :jenis_kelamin:, :tanggal_lahir:, :hubungan_keluarga:, :id_pekerjaan:, :penghasilan_pribadi:, :pendidikan:)', [...], false)
 4 SYSTEMPATH\Model.php(355): CodeIgniter\Database\BaseBuilder->insert()
 5 SYSTEMPATH\BaseModel.php(899): CodeIgniter\Model->doInsert([...])
 6 SYSTEMPATH\Model.php(668): CodeIgniter\BaseModel->insert([...], true)
 7 APPPATH\Controllers\DetailAnggota.php(101): CodeIgniter\Model->insert([...])
 8 SYSTEMPATH\CodeIgniter.php(951): App\Controllers\DetailAnggota->simpanKepalaKeluarga()
 9 SYSTEMPATH\CodeIgniter.php(497): CodeIgniter\CodeIgniter->runController(Object(App\Controllers\DetailAnggota))
10 SYSTEMPATH\CodeIgniter.php(340): CodeIgniter\CodeIgniter->handleRequest(null, Object(Config\Cache), false)
11 SYSTEMPATH\Boot.php(417): CodeIgniter\CodeIgniter->run()
12 SYSTEMPATH\Boot.php(68): CodeIgniter\Boot::runCodeIgniter(Object(CodeIgniter\CodeIgniter))
13 FCPATH\index.php(59): CodeIgniter\Boot::bootWeb(Object(Config\Paths))
CRITICAL - 2026-06-28 14:03:43 --> [Caused by] mysqli_sql_exception: Duplicate entry '3404126107950001' for key 'detail_anggota.nik'
in SYSTEMPATH\Database\MySQLi\Connection.php on line 300.
 1 SYSTEMPATH\Database\MySQLi\Connection.php(300): mysqli->query('INSERT INTO `detail_anggota` (`nik`, `nama`, `jenis_kelamin`, `tanggal_lahir`, `hubungan_keluarga`, `id_pekerjaan`, `penghasilan_pribadi`, `pendidikan`) VALUES (\'3404126107950001\', \'Lukas\', \'L\', \'1977-03-30\', \'Kepala Keluarga\', \'7\', \'4000000\', \'S2\')', 0)
 2 SYSTEMPATH\Database\BaseConnection.php(910): CodeIgniter\Database\MySQLi\Connection->execute('INSERT INTO `detail_anggota` (`nik`, `nama`, `jenis_kelamin`, `tanggal_lahir`, `hubungan_keluarga`, `id_pekerjaan`, `penghasilan_pribadi`, `pendidikan`) VALUES (\'3404126107950001\', \'Lukas\', \'L\', \'1977-03-30\', \'Kepala Keluarga\', \'7\', \'4000000\', \'S2\')')
 3 SYSTEMPATH\Database\BaseConnection.php(827): CodeIgniter\Database\BaseConnection->simpleQuery('INSERT INTO `detail_anggota` (`nik`, `nama`, `jenis_kelamin`, `tanggal_lahir`, `hubungan_keluarga`, `id_pekerjaan`, `penghasilan_pribadi`, `pendidikan`) VALUES (\'3404126107950001\', \'Lukas\', \'L\', \'1977-03-30\', \'Kepala Keluarga\', \'7\', \'4000000\', \'S2\')')
 4 SYSTEMPATH\Database\BaseBuilder.php(2345): CodeIgniter\Database\BaseConnection->query('INSERT INTO `detail_anggota` (`nik`, `nama`, `jenis_kelamin`, `tanggal_lahir`, `hubungan_keluarga`, `id_pekerjaan`, `penghasilan_pribadi`, `pendidikan`) VALUES (:nik:, :nama:, :jenis_kelamin:, :tanggal_lahir:, :hubungan_keluarga:, :id_pekerjaan:, :penghasilan_pribadi:, :pendidikan:)', [...], false)
 5 SYSTEMPATH\Model.php(355): CodeIgniter\Database\BaseBuilder->insert()
 6 SYSTEMPATH\BaseModel.php(899): CodeIgniter\Model->doInsert([...])
 7 SYSTEMPATH\Model.php(668): CodeIgniter\BaseModel->insert([...], true)
 8 APPPATH\Controllers\DetailAnggota.php(101): CodeIgniter\Model->insert([...])
 9 SYSTEMPATH\CodeIgniter.php(951): App\Controllers\DetailAnggota->simpanKepalaKeluarga()
10 SYSTEMPATH\CodeIgniter.php(497): CodeIgniter\CodeIgniter->runController(Object(App\Controllers\DetailAnggota))
11 SYSTEMPATH\CodeIgniter.php(340): CodeIgniter\CodeIgniter->handleRequest(null, Object(Config\Cache), false)
12 SYSTEMPATH\Boot.php(417): CodeIgniter\CodeIgniter->run()
13 SYSTEMPATH\Boot.php(68): CodeIgniter\Boot::runCodeIgniter(Object(CodeIgniter\CodeIgniter))
14 FCPATH\index.php(59): CodeIgniter\Boot::bootWeb(Object(Config\Paths))
ERROR - 2026-06-28 14:03:59 --> Duplicate entry '3404126107950001' for key 'detail_anggota.nik'
in SYSTEMPATH\Database\MySQLi\Connection.php on line 300.
 1 SYSTEMPATH\Database\MySQLi\Connection.php(300): mysqli->query('INSERT INTO `detail_anggota` (`nik`, `nama`, `jenis_kelamin`, `tanggal_lahir`, `hubungan_keluarga`, `id_pekerjaan`, `penghasilan_pribadi`, `pendidikan`) VALUES (\'3404126107950001\', \'Lukas\', \'L\', \'1977-03-30\', \'Kepala Keluarga\', \'7\', \'4000000\', \'S2\')', 0)
 2 SYSTEMPATH\Database\BaseConnection.php(910): CodeIgniter\Database\MySQLi\Connection->execute('INSERT INTO `detail_anggota` (`nik`, `nama`, `jenis_kelamin`, `tanggal_lahir`, `hubungan_keluarga`, `id_pekerjaan`, `penghasilan_pribadi`, `pendidikan`) VALUES (\'3404126107950001\', \'Lukas\', \'L\', \'1977-03-30\', \'Kepala Keluarga\', \'7\', \'4000000\', \'S2\')')
 3 SYSTEMPATH\Database\BaseConnection.php(827): CodeIgniter\Database\BaseConnection->simpleQuery('INSERT INTO `detail_anggota` (`nik`, `nama`, `jenis_kelamin`, `tanggal_lahir`, `hubungan_keluarga`, `id_pekerjaan`, `penghasilan_pribadi`, `pendidikan`) VALUES (\'3404126107950001\', \'Lukas\', \'L\', \'1977-03-30\', \'Kepala Keluarga\', \'7\', \'4000000\', \'S2\')')
 4 SYSTEMPATH\Database\BaseBuilder.php(2345): CodeIgniter\Database\BaseConnection->query('INSERT INTO `detail_anggota` (`nik`, `nama`, `jenis_kelamin`, `tanggal_lahir`, `hubungan_keluarga`, `id_pekerjaan`, `penghasilan_pribadi`, `pendidikan`) VALUES (:nik:, :nama:, :jenis_kelamin:, :tanggal_lahir:, :hubungan_keluarga:, :id_pekerjaan:, :penghasilan_pribadi:, :pendidikan:)', [...], false)
 5 SYSTEMPATH\Model.php(355): CodeIgniter\Database\BaseBuilder->insert()
 6 SYSTEMPATH\BaseModel.php(899): CodeIgniter\Model->doInsert([...])
 7 SYSTEMPATH\Model.php(668): CodeIgniter\BaseModel->insert([...], true)
 8 APPPATH\Controllers\DetailAnggota.php(101): CodeIgniter\Model->insert([...])
 9 SYSTEMPATH\CodeIgniter.php(951): App\Controllers\DetailAnggota->simpanKepalaKeluarga()
10 SYSTEMPATH\CodeIgniter.php(497): CodeIgniter\CodeIgniter->runController(Object(App\Controllers\DetailAnggota))
11 SYSTEMPATH\CodeIgniter.php(340): CodeIgniter\CodeIgniter->handleRequest(null, Object(Config\Cache), false)
12 SYSTEMPATH\Boot.php(417): CodeIgniter\CodeIgniter->run()
13 SYSTEMPATH\Boot.php(68): CodeIgniter\Boot::runCodeIgniter(Object(CodeIgniter\CodeIgniter))
14 FCPATH\index.php(59): CodeIgniter\Boot::bootWeb(Object(Config\Paths))
CRITICAL - 2026-06-28 14:03:59 --> CodeIgniter\Database\Exceptions\DatabaseException: Duplicate entry '3404126107950001' for key 'detail_anggota.nik'
[Method: POST, Route: detailanggota/simpanKepalaKeluarga]
in SYSTEMPATH\Database\BaseConnection.php on line 865.
 1 SYSTEMPATH\Database\BaseBuilder.php(2345): CodeIgniter\Database\BaseConnection->query('INSERT INTO `detail_anggota` (`nik`, `nama`, `jenis_kelamin`, `tanggal_lahir`, `hubungan_keluarga`, `id_pekerjaan`, `penghasilan_pribadi`, `pendidikan`) VALUES (:nik:, :nama:, :jenis_kelamin:, :tanggal_lahir:, :hubungan_keluarga:, :id_pekerjaan:, :penghasilan_pribadi:, :pendidikan:)', [...], false)
 2 SYSTEMPATH\Model.php(355): CodeIgniter\Database\BaseBuilder->insert()
 3 SYSTEMPATH\BaseModel.php(899): CodeIgniter\Model->doInsert([...])
 4 SYSTEMPATH\Model.php(668): CodeIgniter\BaseModel->insert([...], true)
 5 APPPATH\Controllers\DetailAnggota.php(101): CodeIgniter\Model->insert([...])
 6 SYSTEMPATH\CodeIgniter.php(951): App\Controllers\DetailAnggota->simpanKepalaKeluarga()
 7 SYSTEMPATH\CodeIgniter.php(497): CodeIgniter\CodeIgniter->runController(Object(App\Controllers\DetailAnggota))
 8 SYSTEMPATH\CodeIgniter.php(340): CodeIgniter\CodeIgniter->handleRequest(null, Object(Config\Cache), false)
 9 SYSTEMPATH\Boot.php(417): CodeIgniter\CodeIgniter->run()
10 SYSTEMPATH\Boot.php(68): CodeIgniter\Boot::runCodeIgniter(Object(CodeIgniter\CodeIgniter))
11 FCPATH\index.php(59): CodeIgniter\Boot::bootWeb(Object(Config\Paths))
CRITICAL - 2026-06-28 14:03:59 --> [Caused by] CodeIgniter\Database\Exceptions\DatabaseException: Duplicate entry '3404126107950001' for key 'detail_anggota.nik'
in SYSTEMPATH\Database\MySQLi\Connection.php on line 310.
 1 SYSTEMPATH\Database\BaseConnection.php(910): CodeIgniter\Database\MySQLi\Connection->execute('INSERT INTO `detail_anggota` (`nik`, `nama`, `jenis_kelamin`, `tanggal_lahir`, `hubungan_keluarga`, `id_pekerjaan`, `penghasilan_pribadi`, `pendidikan`) VALUES (\'3404126107950001\', \'Lukas\', \'L\', \'1977-03-30\', \'Kepala Keluarga\', \'7\', \'4000000\', \'S2\')')
 2 SYSTEMPATH\Database\BaseConnection.php(827): CodeIgniter\Database\BaseConnection->simpleQuery('INSERT INTO `detail_anggota` (`nik`, `nama`, `jenis_kelamin`, `tanggal_lahir`, `hubungan_keluarga`, `id_pekerjaan`, `penghasilan_pribadi`, `pendidikan`) VALUES (\'3404126107950001\', \'Lukas\', \'L\', \'1977-03-30\', \'Kepala Keluarga\', \'7\', \'4000000\', \'S2\')')
 3 SYSTEMPATH\Database\BaseBuilder.php(2345): CodeIgniter\Database\BaseConnection->query('INSERT INTO `detail_anggota` (`nik`, `nama`, `jenis_kelamin`, `tanggal_lahir`, `hubungan_keluarga`, `id_pekerjaan`, `penghasilan_pribadi`, `pendidikan`) VALUES (:nik:, :nama:, :jenis_kelamin:, :tanggal_lahir:, :hubungan_keluarga:, :id_pekerjaan:, :penghasilan_pribadi:, :pendidikan:)', [...], false)
 4 SYSTEMPATH\Model.php(355): CodeIgniter\Database\BaseBuilder->insert()
 5 SYSTEMPATH\BaseModel.php(899): CodeIgniter\Model->doInsert([...])
 6 SYSTEMPATH\Model.php(668): CodeIgniter\BaseModel->insert([...], true)
 7 APPPATH\Controllers\DetailAnggota.php(101): CodeIgniter\Model->insert([...])
 8 SYSTEMPATH\CodeIgniter.php(951): App\Controllers\DetailAnggota->simpanKepalaKeluarga()
 9 SYSTEMPATH\CodeIgniter.php(497): CodeIgniter\CodeIgniter->runController(Object(App\Controllers\DetailAnggota))
10 SYSTEMPATH\CodeIgniter.php(340): CodeIgniter\CodeIgniter->handleRequest(null, Object(Config\Cache), false)
11 SYSTEMPATH\Boot.php(417): CodeIgniter\CodeIgniter->run()
12 SYSTEMPATH\Boot.php(68): CodeIgniter\Boot::runCodeIgniter(Object(CodeIgniter\CodeIgniter))
13 FCPATH\index.php(59): CodeIgniter\Boot::bootWeb(Object(Config\Paths))
CRITICAL - 2026-06-28 14:03:59 --> [Caused by] mysqli_sql_exception: Duplicate entry '3404126107950001' for key 'detail_anggota.nik'
in SYSTEMPATH\Database\MySQLi\Connection.php on line 300.
 1 SYSTEMPATH\Database\MySQLi\Connection.php(300): mysqli->query('INSERT INTO `detail_anggota` (`nik`, `nama`, `jenis_kelamin`, `tanggal_lahir`, `hubungan_keluarga`, `id_pekerjaan`, `penghasilan_pribadi`, `pendidikan`) VALUES (\'3404126107950001\', \'Lukas\', \'L\', \'1977-03-30\', \'Kepala Keluarga\', \'7\', \'4000000\', \'S2\')', 0)
 2 SYSTEMPATH\Database\BaseConnection.php(910): CodeIgniter\Database\MySQLi\Connection->execute('INSERT INTO `detail_anggota` (`nik`, `nama`, `jenis_kelamin`, `tanggal_lahir`, `hubungan_keluarga`, `id_pekerjaan`, `penghasilan_pribadi`, `pendidikan`) VALUES (\'3404126107950001\', \'Lukas\', \'L\', \'1977-03-30\', \'Kepala Keluarga\', \'7\', \'4000000\', \'S2\')')
 3 SYSTEMPATH\Database\BaseConnection.php(827): CodeIgniter\Database\BaseConnection->simpleQuery('INSERT INTO `detail_anggota` (`nik`, `nama`, `jenis_kelamin`, `tanggal_lahir`, `hubungan_keluarga`, `id_pekerjaan`, `penghasilan_pribadi`, `pendidikan`) VALUES (\'3404126107950001\', \'Lukas\', \'L\', \'1977-03-30\', \'Kepala Keluarga\', \'7\', \'4000000\', \'S2\')')
 4 SYSTEMPATH\Database\BaseBuilder.php(2345): CodeIgniter\Database\BaseConnection->query('INSERT INTO `detail_anggota` (`nik`, `nama`, `jenis_kelamin`, `tanggal_lahir`, `hubungan_keluarga`, `id_pekerjaan`, `penghasilan_pribadi`, `pendidikan`) VALUES (:nik:, :nama:, :jenis_kelamin:, :tanggal_lahir:, :hubungan_keluarga:, :id_pekerjaan:, :penghasilan_pribadi:, :pendidikan:)', [...], false)
 5 SYSTEMPATH\Model.php(355): CodeIgniter\Database\BaseBuilder->insert()
 6 SYSTEMPATH\BaseModel.php(899): CodeIgniter\Model->doInsert([...])
 7 SYSTEMPATH\Model.php(668): CodeIgniter\BaseModel->insert([...], true)
 8 APPPATH\Controllers\DetailAnggota.php(101): CodeIgniter\Model->insert([...])
 9 SYSTEMPATH\CodeIgniter.php(951): App\Controllers\DetailAnggota->simpanKepalaKeluarga()
10 SYSTEMPATH\CodeIgniter.php(497): CodeIgniter\CodeIgniter->runController(Object(App\Controllers\DetailAnggota))
11 SYSTEMPATH\CodeIgniter.php(340): CodeIgniter\CodeIgniter->handleRequest(null, Object(Config\Cache), false)
12 SYSTEMPATH\Boot.php(417): CodeIgniter\CodeIgniter->run()
13 SYSTEMPATH\Boot.php(68): CodeIgniter\Boot::runCodeIgniter(Object(CodeIgniter\CodeIgniter))
14 FCPATH\index.php(59): CodeIgniter\Boot::bootWeb(Object(Config\Paths))
ERROR - 2026-06-28 14:04:02 --> Duplicate entry '3404126107950001' for key 'detail_anggota.nik'
in SYSTEMPATH\Database\MySQLi\Connection.php on line 300.
 1 SYSTEMPATH\Database\MySQLi\Connection.php(300): mysqli->query('INSERT INTO `detail_anggota` (`nik`, `nama`, `jenis_kelamin`, `tanggal_lahir`, `hubungan_keluarga`, `id_pekerjaan`, `penghasilan_pribadi`, `pendidikan`) VALUES (\'3404126107950001\', \'Lukas\', \'L\', \'1977-03-30\', \'Kepala Keluarga\', \'7\', \'4000000\', \'S2\')', 0)
 2 SYSTEMPATH\Database\BaseConnection.php(910): CodeIgniter\Database\MySQLi\Connection->execute('INSERT INTO `detail_anggota` (`nik`, `nama`, `jenis_kelamin`, `tanggal_lahir`, `hubungan_keluarga`, `id_pekerjaan`, `penghasilan_pribadi`, `pendidikan`) VALUES (\'3404126107950001\', \'Lukas\', \'L\', \'1977-03-30\', \'Kepala Keluarga\', \'7\', \'4000000\', \'S2\')')
 3 SYSTEMPATH\Database\BaseConnection.php(827): CodeIgniter\Database\BaseConnection->simpleQuery('INSERT INTO `detail_anggota` (`nik`, `nama`, `jenis_kelamin`, `tanggal_lahir`, `hubungan_keluarga`, `id_pekerjaan`, `penghasilan_pribadi`, `pendidikan`) VALUES (\'3404126107950001\', \'Lukas\', \'L\', \'1977-03-30\', \'Kepala Keluarga\', \'7\', \'4000000\', \'S2\')')
 4 SYSTEMPATH\Database\BaseBuilder.php(2345): CodeIgniter\Database\BaseConnection->query('INSERT INTO `detail_anggota` (`nik`, `nama`, `jenis_kelamin`, `tanggal_lahir`, `hubungan_keluarga`, `id_pekerjaan`, `penghasilan_pribadi`, `pendidikan`) VALUES (:nik:, :nama:, :jenis_kelamin:, :tanggal_lahir:, :hubungan_keluarga:, :id_pekerjaan:, :penghasilan_pribadi:, :pendidikan:)', [...], false)
 5 SYSTEMPATH\Model.php(355): CodeIgniter\Database\BaseBuilder->insert()
 6 SYSTEMPATH\BaseModel.php(899): CodeIgniter\Model->doInsert([...])
 7 SYSTEMPATH\Model.php(668): CodeIgniter\BaseModel->insert([...], true)
 8 APPPATH\Controllers\DetailAnggota.php(101): CodeIgniter\Model->insert([...])
 9 SYSTEMPATH\CodeIgniter.php(951): App\Controllers\DetailAnggota->simpanKepalaKeluarga()
10 SYSTEMPATH\CodeIgniter.php(497): CodeIgniter\CodeIgniter->runController(Object(App\Controllers\DetailAnggota))
11 SYSTEMPATH\CodeIgniter.php(340): CodeIgniter\CodeIgniter->handleRequest(null, Object(Config\Cache), false)
12 SYSTEMPATH\Boot.php(417): CodeIgniter\CodeIgniter->run()
13 SYSTEMPATH\Boot.php(68): CodeIgniter\Boot::runCodeIgniter(Object(CodeIgniter\CodeIgniter))
14 FCPATH\index.php(59): CodeIgniter\Boot::bootWeb(Object(Config\Paths))
CRITICAL - 2026-06-28 14:04:02 --> CodeIgniter\Database\Exceptions\DatabaseException: Duplicate entry '3404126107950001' for key 'detail_anggota.nik'
[Method: POST, Route: detailanggota/simpanKepalaKeluarga]
in SYSTEMPATH\Database\BaseConnection.php on line 865.
 1 SYSTEMPATH\Database\BaseBuilder.php(2345): CodeIgniter\Database\BaseConnection->query('INSERT INTO `detail_anggota` (`nik`, `nama`, `jenis_kelamin`, `tanggal_lahir`, `hubungan_keluarga`, `id_pekerjaan`, `penghasilan_pribadi`, `pendidikan`) VALUES (:nik:, :nama:, :jenis_kelamin:, :tanggal_lahir:, :hubungan_keluarga:, :id_pekerjaan:, :penghasilan_pribadi:, :pendidikan:)', [...], false)
 2 SYSTEMPATH\Model.php(355): CodeIgniter\Database\BaseBuilder->insert()
 3 SYSTEMPATH\BaseModel.php(899): CodeIgniter\Model->doInsert([...])
 4 SYSTEMPATH\Model.php(668): CodeIgniter\BaseModel->insert([...], true)
 5 APPPATH\Controllers\DetailAnggota.php(101): CodeIgniter\Model->insert([...])
 6 SYSTEMPATH\CodeIgniter.php(951): App\Controllers\DetailAnggota->simpanKepalaKeluarga()
 7 SYSTEMPATH\CodeIgniter.php(497): CodeIgniter\CodeIgniter->runController(Object(App\Controllers\DetailAnggota))
 8 SYSTEMPATH\CodeIgniter.php(340): CodeIgniter\CodeIgniter->handleRequest(null, Object(Config\Cache), false)
 9 SYSTEMPATH\Boot.php(417): CodeIgniter\CodeIgniter->run()
10 SYSTEMPATH\Boot.php(68): CodeIgniter\Boot::runCodeIgniter(Object(CodeIgniter\CodeIgniter))
11 FCPATH\index.php(59): CodeIgniter\Boot::bootWeb(Object(Config\Paths))
CRITICAL - 2026-06-28 14:04:02 --> [Caused by] CodeIgniter\Database\Exceptions\DatabaseException: Duplicate entry '3404126107950001' for key 'detail_anggota.nik'
in SYSTEMPATH\Database\MySQLi\Connection.php on line 310.
 1 SYSTEMPATH\Database\BaseConnection.php(910): CodeIgniter\Database\MySQLi\Connection->execute('INSERT INTO `detail_anggota` (`nik`, `nama`, `jenis_kelamin`, `tanggal_lahir`, `hubungan_keluarga`, `id_pekerjaan`, `penghasilan_pribadi`, `pendidikan`) VALUES (\'3404126107950001\', \'Lukas\', \'L\', \'1977-03-30\', \'Kepala Keluarga\', \'7\', \'4000000\', \'S2\')')
 2 SYSTEMPATH\Database\BaseConnection.php(827): CodeIgniter\Database\BaseConnection->simpleQuery('INSERT INTO `detail_anggota` (`nik`, `nama`, `jenis_kelamin`, `tanggal_lahir`, `hubungan_keluarga`, `id_pekerjaan`, `penghasilan_pribadi`, `pendidikan`) VALUES (\'3404126107950001\', \'Lukas\', \'L\', \'1977-03-30\', \'Kepala Keluarga\', \'7\', \'4000000\', \'S2\')')
 3 SYSTEMPATH\Database\BaseBuilder.php(2345): CodeIgniter\Database\BaseConnection->query('INSERT INTO `detail_anggota` (`nik`, `nama`, `jenis_kelamin`, `tanggal_lahir`, `hubungan_keluarga`, `id_pekerjaan`, `penghasilan_pribadi`, `pendidikan`) VALUES (:nik:, :nama:, :jenis_kelamin:, :tanggal_lahir:, :hubungan_keluarga:, :id_pekerjaan:, :penghasilan_pribadi:, :pendidikan:)', [...], false)
 4 SYSTEMPATH\Model.php(355): CodeIgniter\Database\BaseBuilder->insert()
 5 SYSTEMPATH\BaseModel.php(899): CodeIgniter\Model->doInsert([...])
 6 SYSTEMPATH\Model.php(668): CodeIgniter\BaseModel->insert([...], true)
 7 APPPATH\Controllers\DetailAnggota.php(101): CodeIgniter\Model->insert([...])
 8 SYSTEMPATH\CodeIgniter.php(951): App\Controllers\DetailAnggota->simpanKepalaKeluarga()
 9 SYSTEMPATH\CodeIgniter.php(497): CodeIgniter\CodeIgniter->runController(Object(App\Controllers\DetailAnggota))
10 SYSTEMPATH\CodeIgniter.php(340): CodeIgniter\CodeIgniter->handleRequest(null, Object(Config\Cache), false)
11 SYSTEMPATH\Boot.php(417): CodeIgniter\CodeIgniter->run()
12 SYSTEMPATH\Boot.php(68): CodeIgniter\Boot::runCodeIgniter(Object(CodeIgniter\CodeIgniter))
13 FCPATH\index.php(59): CodeIgniter\Boot::bootWeb(Object(Config\Paths))
CRITICAL - 2026-06-28 14:04:02 --> [Caused by] mysqli_sql_exception: Duplicate entry '3404126107950001' for key 'detail_anggota.nik'
in SYSTEMPATH\Database\MySQLi\Connection.php on line 300.
 1 SYSTEMPATH\Database\MySQLi\Connection.php(300): mysqli->query('INSERT INTO `detail_anggota` (`nik`, `nama`, `jenis_kelamin`, `tanggal_lahir`, `hubungan_keluarga`, `id_pekerjaan`, `penghasilan_pribadi`, `pendidikan`) VALUES (\'3404126107950001\', \'Lukas\', \'L\', \'1977-03-30\', \'Kepala Keluarga\', \'7\', \'4000000\', \'S2\')', 0)
 2 SYSTEMPATH\Database\BaseConnection.php(910): CodeIgniter\Database\MySQLi\Connection->execute('INSERT INTO `detail_anggota` (`nik`, `nama`, `jenis_kelamin`, `tanggal_lahir`, `hubungan_keluarga`, `id_pekerjaan`, `penghasilan_pribadi`, `pendidikan`) VALUES (\'3404126107950001\', \'Lukas\', \'L\', \'1977-03-30\', \'Kepala Keluarga\', \'7\', \'4000000\', \'S2\')')
 3 SYSTEMPATH\Database\BaseConnection.php(827): CodeIgniter\Database\BaseConnection->simpleQuery('INSERT INTO `detail_anggota` (`nik`, `nama`, `jenis_kelamin`, `tanggal_lahir`, `hubungan_keluarga`, `id_pekerjaan`, `penghasilan_pribadi`, `pendidikan`) VALUES (\'3404126107950001\', \'Lukas\', \'L\', \'1977-03-30\', \'Kepala Keluarga\', \'7\', \'4000000\', \'S2\')')
 4 SYSTEMPATH\Database\BaseBuilder.php(2345): CodeIgniter\Database\BaseConnection->query('INSERT INTO `detail_anggota` (`nik`, `nama`, `jenis_kelamin`, `tanggal_lahir`, `hubungan_keluarga`, `id_pekerjaan`, `penghasilan_pribadi`, `pendidikan`) VALUES (:nik:, :nama:, :jenis_kelamin:, :tanggal_lahir:, :hubungan_keluarga:, :id_pekerjaan:, :penghasilan_pribadi:, :pendidikan:)', [...], false)
 5 SYSTEMPATH\Model.php(355): CodeIgniter\Database\BaseBuilder->insert()
 6 SYSTEMPATH\BaseModel.php(899): CodeIgniter\Model->doInsert([...])
 7 SYSTEMPATH\Model.php(668): CodeIgniter\BaseModel->insert([...], true)
 8 APPPATH\Controllers\DetailAnggota.php(101): CodeIgniter\Model->insert([...])
 9 SYSTEMPATH\CodeIgniter.php(951): App\Controllers\DetailAnggota->simpanKepalaKeluarga()
10 SYSTEMPATH\CodeIgniter.php(497): CodeIgniter\CodeIgniter->runController(Object(App\Controllers\DetailAnggota))
11 SYSTEMPATH\CodeIgniter.php(340): CodeIgniter\CodeIgniter->handleRequest(null, Object(Config\Cache), false)
12 SYSTEMPATH\Boot.php(417): CodeIgniter\CodeIgniter->run()
13 SYSTEMPATH\Boot.php(68): CodeIgniter\Boot::runCodeIgniter(Object(CodeIgniter\CodeIgniter))
14 FCPATH\index.php(59): CodeIgniter\Boot::bootWeb(Object(Config\Paths))
CRITICAL - 2026-06-28 14:08:30 --> ParseError: syntax error, unexpected token ";"
[Method: POST, Route: detailanggota/simpanKepalaKeluarga]
in APPPATH\Controllers\DetailAnggota.php on line 71.
 1 SYSTEMPATH\Autoloader\Autoloader.php(295): CodeIgniter\Autoloader\Autoloader->includeFile('C:\\laragon\\www\\program_bltd\\app\\Controllers\\DetailAnggota.php')
 2 SYSTEMPATH\Autoloader\Autoloader.php(271): CodeIgniter\Autoloader\Autoloader->loadInNamespace('App\\Controllers\\DetailAnggota')
 3 [internal function]: CodeIgniter\Autoloader\Autoloader->loadClass('App\\Controllers\\DetailAnggota')
 4 SYSTEMPATH\Router\Router.php(792): class_exists('\\App\\Controllers\\DetailAnggota')
 5 SYSTEMPATH\Router\Router.php(230): CodeIgniter\Router\Router->processRouteAttributes()
 6 SYSTEMPATH\CodeIgniter.php(829): CodeIgniter\Router\Router->handle('detailanggota/simpanKepalaKeluarga')
 7 SYSTEMPATH\CodeIgniter.php(441): CodeIgniter\CodeIgniter->tryToRouteIt(Object(CodeIgniter\Router\RouteCollection))
 8 SYSTEMPATH\CodeIgniter.php(340): CodeIgniter\CodeIgniter->handleRequest(null, Object(Config\Cache), false)
 9 SYSTEMPATH\Boot.php(417): CodeIgniter\CodeIgniter->run()
10 SYSTEMPATH\Boot.php(68): CodeIgniter\Boot::runCodeIgniter(Object(CodeIgniter\CodeIgniter))
11 FCPATH\index.php(59): CodeIgniter\Boot::bootWeb(Object(Config\Paths))
