CRITICAL - 2026-04-27 01:47:13 --> ParseError: syntax error, unexpected token "protected"
[Method: GET, Route: kriteria]
in APPPATH\Models\KriteriaModel.php on line 11.
 1 SYSTEMPATH\Autoloader\Autoloader.php(295): CodeIgniter\Autoloader\Autoloader->includeFile('C:\\laragon\\www\\program_bltd\\app\\Models\\KriteriaModel.php')
 2 SYSTEMPATH\Autoloader\Autoloader.php(271): CodeIgniter\Autoloader\Autoloader->loadInNamespace('App\\Models\\KriteriaModel')
 3 APPPATH\Controllers\Kriteria.php(10): CodeIgniter\Autoloader\Autoloader->loadClass('App\\Models\\KriteriaModel')
 4 SYSTEMPATH\CodeIgniter.php(921): App\Controllers\Kriteria->__construct()
 5 SYSTEMPATH\CodeIgniter.php(488): CodeIgniter\CodeIgniter->createController()
 6 SYSTEMPATH\CodeIgniter.php(340): CodeIgniter\CodeIgniter->handleRequest(null, Object(Config\Cache), false)
 7 SYSTEMPATH\Boot.php(417): CodeIgniter\CodeIgniter->run()
 8 SYSTEMPATH\Boot.php(68): CodeIgniter\Boot::runCodeIgniter(Object(CodeIgniter\CodeIgniter))
 9 FCPATH\index.php(59): CodeIgniter\Boot::bootWeb(Object(Config\Paths))
CRITICAL - 2026-04-27 01:47:58 --> ParseError: syntax error, unexpected token "protected"
[Method: GET, Route: kriteria]
in APPPATH\Models\KriteriaModel.php on line 11.
 1 SYSTEMPATH\Autoloader\Autoloader.php(295): CodeIgniter\Autoloader\Autoloader->includeFile('C:\\laragon\\www\\program_bltd\\app\\Models\\KriteriaModel.php')
 2 SYSTEMPATH\Autoloader\Autoloader.php(271): CodeIgniter\Autoloader\Autoloader->loadInNamespace('App\\Models\\KriteriaModel')
 3 APPPATH\Controllers\Kriteria.php(10): CodeIgniter\Autoloader\Autoloader->loadClass('App\\Models\\KriteriaModel')
 4 SYSTEMPATH\CodeIgniter.php(921): App\Controllers\Kriteria->__construct()
 5 SYSTEMPATH\CodeIgniter.php(488): CodeIgniter\CodeIgniter->createController()
 6 SYSTEMPATH\CodeIgniter.php(340): CodeIgniter\CodeIgniter->handleRequest(null, Object(Config\Cache), false)
 7 SYSTEMPATH\Boot.php(417): CodeIgniter\CodeIgniter->run()
 8 SYSTEMPATH\Boot.php(68): CodeIgniter\Boot::runCodeIgniter(Object(CodeIgniter\CodeIgniter))
 9 FCPATH\index.php(59): CodeIgniter\Boot::bootWeb(Object(Config\Paths))
WARNING - 2026-04-27 01:49:43 --> [DEPRECATED] Creation of dynamic property App\Controllers\Kriteria::$model is deprecated in APPPATH\Controllers\Kriteria.php on line 10.
 1 SYSTEMPATH\CodeIgniter.php(921): App\Controllers\Kriteria->__construct()
 2 SYSTEMPATH\CodeIgniter.php(488): CodeIgniter\CodeIgniter->createController()
 3 SYSTEMPATH\CodeIgniter.php(340): CodeIgniter\CodeIgniter->handleRequest(null, Object(Config\Cache), false)
 4 SYSTEMPATH\Boot.php(417): CodeIgniter\CodeIgniter->run()
 5 SYSTEMPATH\Boot.php(68): CodeIgniter\Boot::runCodeIgniter(Object(CodeIgniter\CodeIgniter))
 6 FCPATH\index.php(59): CodeIgniter\Boot::bootWeb(Object(Config\Paths))
WARNING - 2026-04-27 01:50:15 --> [DEPRECATED] Creation of dynamic property App\Controllers\Kriteria::$model is deprecated in APPPATH\Controllers\Kriteria.php on line 10.
 1 SYSTEMPATH\CodeIgniter.php(921): App\Controllers\Kriteria->__construct()
 2 SYSTEMPATH\CodeIgniter.php(488): CodeIgniter\CodeIgniter->createController()
 3 SYSTEMPATH\CodeIgniter.php(340): CodeIgniter\CodeIgniter->handleRequest(null, Object(Config\Cache), false)
 4 SYSTEMPATH\Boot.php(417): CodeIgniter\CodeIgniter->run()
 5 SYSTEMPATH\Boot.php(68): CodeIgniter\Boot::runCodeIgniter(Object(CodeIgniter\CodeIgniter))
 6 FCPATH\index.php(59): CodeIgniter\Boot::bootWeb(Object(Config\Paths))
WARNING - 2026-04-27 01:51:26 --> [DEPRECATED] Creation of dynamic property App\Controllers\Kriteria::$model is deprecated in APPPATH\Controllers\Kriteria.php on line 10.
 1 SYSTEMPATH\CodeIgniter.php(921): App\Controllers\Kriteria->__construct()
 2 SYSTEMPATH\CodeIgniter.php(488): CodeIgniter\CodeIgniter->createController()
 3 SYSTEMPATH\CodeIgniter.php(340): CodeIgniter\CodeIgniter->handleRequest(null, Object(Config\Cache), false)
 4 SYSTEMPATH\Boot.php(417): CodeIgniter\CodeIgniter->run()
 5 SYSTEMPATH\Boot.php(68): CodeIgniter\Boot::runCodeIgniter(Object(CodeIgniter\CodeIgniter))
 6 FCPATH\index.php(59): CodeIgniter\Boot::bootWeb(Object(Config\Paths))
WARNING - 2026-04-27 01:52:07 --> [DEPRECATED] Creation of dynamic property App\Controllers\Kriteria::$model is deprecated in APPPATH\Controllers\Kriteria.php on line 10.
 1 SYSTEMPATH\CodeIgniter.php(921): App\Controllers\Kriteria->__construct()
 2 SYSTEMPATH\CodeIgniter.php(488): CodeIgniter\CodeIgniter->createController()
 3 SYSTEMPATH\CodeIgniter.php(340): CodeIgniter\CodeIgniter->handleRequest(null, Object(Config\Cache), false)
 4 SYSTEMPATH\Boot.php(417): CodeIgniter\CodeIgniter->run()
 5 SYSTEMPATH\Boot.php(68): CodeIgniter\Boot::runCodeIgniter(Object(CodeIgniter\CodeIgniter))
 6 FCPATH\index.php(59): CodeIgniter\Boot::bootWeb(Object(Config\Paths))
WARNING - 2026-04-27 01:56:00 --> [DEPRECATED] Creation of dynamic property App\Controllers\Kriteria::$model is deprecated in APPPATH\Controllers\Kriteria.php on line 10.
 1 SYSTEMPATH\CodeIgniter.php(921): App\Controllers\Kriteria->__construct()
 2 SYSTEMPATH\CodeIgniter.php(488): CodeIgniter\CodeIgniter->createController()
 3 SYSTEMPATH\CodeIgniter.php(340): CodeIgniter\CodeIgniter->handleRequest(null, Object(Config\Cache), false)
 4 SYSTEMPATH\Boot.php(417): CodeIgniter\CodeIgniter->run()
 5 SYSTEMPATH\Boot.php(68): CodeIgniter\Boot::runCodeIgniter(Object(CodeIgniter\CodeIgniter))
 6 FCPATH\index.php(59): CodeIgniter\Boot::bootWeb(Object(Config\Paths))
WARNING - 2026-04-27 01:56:35 --> [DEPRECATED] Creation of dynamic property App\Controllers\Kriteria::$model is deprecated in APPPATH\Controllers\Kriteria.php on line 10.
 1 SYSTEMPATH\CodeIgniter.php(921): App\Controllers\Kriteria->__construct()
 2 SYSTEMPATH\CodeIgniter.php(488): CodeIgniter\CodeIgniter->createController()
 3 SYSTEMPATH\CodeIgniter.php(340): CodeIgniter\CodeIgniter->handleRequest(null, Object(Config\Cache), false)
 4 SYSTEMPATH\Boot.php(417): CodeIgniter\CodeIgniter->run()
 5 SYSTEMPATH\Boot.php(68): CodeIgniter\Boot::runCodeIgniter(Object(CodeIgniter\CodeIgniter))
 6 FCPATH\index.php(59): CodeIgniter\Boot::bootWeb(Object(Config\Paths))
WARNING - 2026-04-27 01:56:37 --> [DEPRECATED] Creation of dynamic property App\Controllers\Kriteria::$model is deprecated in APPPATH\Controllers\Kriteria.php on line 10.
 1 SYSTEMPATH\CodeIgniter.php(921): App\Controllers\Kriteria->__construct()
 2 SYSTEMPATH\CodeIgniter.php(488): CodeIgniter\CodeIgniter->createController()
 3 SYSTEMPATH\CodeIgniter.php(340): CodeIgniter\CodeIgniter->handleRequest(null, Object(Config\Cache), false)
 4 SYSTEMPATH\Boot.php(417): CodeIgniter\CodeIgniter->run()
 5 SYSTEMPATH\Boot.php(68): CodeIgniter\Boot::runCodeIgniter(Object(CodeIgniter\CodeIgniter))
 6 FCPATH\index.php(59): CodeIgniter\Boot::bootWeb(Object(Config\Paths))
WARNING - 2026-04-27 01:59:57 --> [DEPRECATED] Creation of dynamic property App\Controllers\Kriteria::$model is deprecated in APPPATH\Controllers\Kriteria.php on line 10.
 1 SYSTEMPATH\CodeIgniter.php(921): App\Controllers\Kriteria->__construct()
 2 SYSTEMPATH\CodeIgniter.php(488): CodeIgniter\CodeIgniter->createController()
 3 SYSTEMPATH\CodeIgniter.php(340): CodeIgniter\CodeIgniter->handleRequest(null, Object(Config\Cache), false)
 4 SYSTEMPATH\Boot.php(417): CodeIgniter\CodeIgniter->run()
 5 SYSTEMPATH\Boot.php(68): CodeIgniter\Boot::runCodeIgniter(Object(CodeIgniter\CodeIgniter))
 6 FCPATH\index.php(59): CodeIgniter\Boot::bootWeb(Object(Config\Paths))
WARNING - 2026-04-27 02:00:04 --> [DEPRECATED] Creation of dynamic property App\Controllers\Kriteria::$model is deprecated in APPPATH\Controllers\Kriteria.php on line 10.
 1 SYSTEMPATH\CodeIgniter.php(921): App\Controllers\Kriteria->__construct()
 2 SYSTEMPATH\CodeIgniter.php(488): CodeIgniter\CodeIgniter->createController()
 3 SYSTEMPATH\CodeIgniter.php(340): CodeIgniter\CodeIgniter->handleRequest(null, Object(Config\Cache), false)
 4 SYSTEMPATH\Boot.php(417): CodeIgniter\CodeIgniter->run()
 5 SYSTEMPATH\Boot.php(68): CodeIgniter\Boot::runCodeIgniter(Object(CodeIgniter\CodeIgniter))
 6 FCPATH\index.php(59): CodeIgniter\Boot::bootWeb(Object(Config\Paths))
WARNING - 2026-04-27 02:01:03 --> [DEPRECATED] Creation of dynamic property App\Controllers\Kriteria::$model is deprecated in APPPATH\Controllers\Kriteria.php on line 10.
 1 SYSTEMPATH\CodeIgniter.php(921): App\Controllers\Kriteria->__construct()
 2 SYSTEMPATH\CodeIgniter.php(488): CodeIgniter\CodeIgniter->createController()
 3 SYSTEMPATH\CodeIgniter.php(340): CodeIgniter\CodeIgniter->handleRequest(null, Object(Config\Cache), false)
 4 SYSTEMPATH\Boot.php(417): CodeIgniter\CodeIgniter->run()
 5 SYSTEMPATH\Boot.php(68): CodeIgniter\Boot::runCodeIgniter(Object(CodeIgniter\CodeIgniter))
 6 FCPATH\index.php(59): CodeIgniter\Boot::bootWeb(Object(Config\Paths))
WARNING - 2026-04-27 02:01:05 --> [DEPRECATED] Creation of dynamic property App\Controllers\Kriteria::$model is deprecated in APPPATH\Controllers\Kriteria.php on line 10.
 1 SYSTEMPATH\CodeIgniter.php(921): App\Controllers\Kriteria->__construct()
 2 SYSTEMPATH\CodeIgniter.php(488): CodeIgniter\CodeIgniter->createController()
 3 SYSTEMPATH\CodeIgniter.php(340): CodeIgniter\CodeIgniter->handleRequest(null, Object(Config\Cache), false)
 4 SYSTEMPATH\Boot.php(417): CodeIgniter\CodeIgniter->run()
 5 SYSTEMPATH\Boot.php(68): CodeIgniter\Boot::runCodeIgniter(Object(CodeIgniter\CodeIgniter))
 6 FCPATH\index.php(59): CodeIgniter\Boot::bootWeb(Object(Config\Paths))
WARNING - 2026-04-27 02:01:25 --> [DEPRECATED] Creation of dynamic property App\Controllers\Kriteria::$model is deprecated in APPPATH\Controllers\Kriteria.php on line 10.
 1 SYSTEMPATH\CodeIgniter.php(921): App\Controllers\Kriteria->__construct()
 2 SYSTEMPATH\CodeIgniter.php(488): CodeIgniter\CodeIgniter->createController()
 3 SYSTEMPATH\CodeIgniter.php(340): CodeIgniter\CodeIgniter->handleRequest(null, Object(Config\Cache), false)
 4 SYSTEMPATH\Boot.php(417): CodeIgniter\CodeIgniter->run()
 5 SYSTEMPATH\Boot.php(68): CodeIgniter\Boot::runCodeIgniter(Object(CodeIgniter\CodeIgniter))
 6 FCPATH\index.php(59): CodeIgniter\Boot::bootWeb(Object(Config\Paths))
WARNING - 2026-04-27 02:01:26 --> [DEPRECATED] Creation of dynamic property App\Controllers\Kriteria::$model is deprecated in APPPATH\Controllers\Kriteria.php on line 10.
 1 SYSTEMPATH\CodeIgniter.php(921): App\Controllers\Kriteria->__construct()
 2 SYSTEMPATH\CodeIgniter.php(488): CodeIgniter\CodeIgniter->createController()
 3 SYSTEMPATH\CodeIgniter.php(340): CodeIgniter\CodeIgniter->handleRequest(null, Object(Config\Cache), false)
 4 SYSTEMPATH\Boot.php(417): CodeIgniter\CodeIgniter->run()
 5 SYSTEMPATH\Boot.php(68): CodeIgniter\Boot::runCodeIgniter(Object(CodeIgniter\CodeIgniter))
 6 FCPATH\index.php(59): CodeIgniter\Boot::bootWeb(Object(Config\Paths))
WARNING - 2026-04-27 02:01:52 --> [DEPRECATED] Creation of dynamic property App\Controllers\Kriteria::$model is deprecated in APPPATH\Controllers\Kriteria.php on line 10.
 1 SYSTEMPATH\CodeIgniter.php(921): App\Controllers\Kriteria->__construct()
 2 SYSTEMPATH\CodeIgniter.php(488): CodeIgniter\CodeIgniter->createController()
 3 SYSTEMPATH\CodeIgniter.php(340): CodeIgniter\CodeIgniter->handleRequest(null, Object(Config\Cache), false)
 4 SYSTEMPATH\Boot.php(417): CodeIgniter\CodeIgniter->run()
 5 SYSTEMPATH\Boot.php(68): CodeIgniter\Boot::runCodeIgniter(Object(CodeIgniter\CodeIgniter))
 6 FCPATH\index.php(59): CodeIgniter\Boot::bootWeb(Object(Config\Paths))
WARNING - 2026-04-27 02:01:54 --> [DEPRECATED] Creation of dynamic property App\Controllers\Kriteria::$model is deprecated in APPPATH\Controllers\Kriteria.php on line 10.
 1 SYSTEMPATH\CodeIgniter.php(921): App\Controllers\Kriteria->__construct()
 2 SYSTEMPATH\CodeIgniter.php(488): CodeIgniter\CodeIgniter->createController()
 3 SYSTEMPATH\CodeIgniter.php(340): CodeIgniter\CodeIgniter->handleRequest(null, Object(Config\Cache), false)
 4 SYSTEMPATH\Boot.php(417): CodeIgniter\CodeIgniter->run()
 5 SYSTEMPATH\Boot.php(68): CodeIgniter\Boot::runCodeIgniter(Object(CodeIgniter\CodeIgniter))
 6 FCPATH\index.php(59): CodeIgniter\Boot::bootWeb(Object(Config\Paths))
WARNING - 2026-04-27 02:02:47 --> [DEPRECATED] Creation of dynamic property App\Controllers\Kriteria::$model is deprecated in APPPATH\Controllers\Kriteria.php on line 10.
 1 SYSTEMPATH\CodeIgniter.php(921): App\Controllers\Kriteria->__construct()
 2 SYSTEMPATH\CodeIgniter.php(488): CodeIgniter\CodeIgniter->createController()
 3 SYSTEMPATH\CodeIgniter.php(340): CodeIgniter\CodeIgniter->handleRequest(null, Object(Config\Cache), false)
 4 SYSTEMPATH\Boot.php(417): CodeIgniter\CodeIgniter->run()
 5 SYSTEMPATH\Boot.php(68): CodeIgniter\Boot::runCodeIgniter(Object(CodeIgniter\CodeIgniter))
 6 FCPATH\index.php(59): CodeIgniter\Boot::bootWeb(Object(Config\Paths))
WARNING - 2026-04-27 02:02:48 --> [DEPRECATED] Creation of dynamic property App\Controllers\Kriteria::$model is deprecated in APPPATH\Controllers\Kriteria.php on line 10.
 1 SYSTEMPATH\CodeIgniter.php(921): App\Controllers\Kriteria->__construct()
 2 SYSTEMPATH\CodeIgniter.php(488): CodeIgniter\CodeIgniter->createController()
 3 SYSTEMPATH\CodeIgniter.php(340): CodeIgniter\CodeIgniter->handleRequest(null, Object(Config\Cache), false)
 4 SYSTEMPATH\Boot.php(417): CodeIgniter\CodeIgniter->run()
 5 SYSTEMPATH\Boot.php(68): CodeIgniter\Boot::runCodeIgniter(Object(CodeIgniter\CodeIgniter))
 6 FCPATH\index.php(59): CodeIgniter\Boot::bootWeb(Object(Config\Paths))
WARNING - 2026-04-27 02:04:21 --> [DEPRECATED] Creation of dynamic property App\Controllers\Kriteria::$model is deprecated in APPPATH\Controllers\Kriteria.php on line 10.
 1 SYSTEMPATH\CodeIgniter.php(921): App\Controllers\Kriteria->__construct()
 2 SYSTEMPATH\CodeIgniter.php(488): CodeIgniter\CodeIgniter->createController()
 3 SYSTEMPATH\CodeIgniter.php(340): CodeIgniter\CodeIgniter->handleRequest(null, Object(Config\Cache), false)
 4 SYSTEMPATH\Boot.php(417): CodeIgniter\CodeIgniter->run()
 5 SYSTEMPATH\Boot.php(68): CodeIgniter\Boot::runCodeIgniter(Object(CodeIgniter\CodeIgniter))
 6 FCPATH\index.php(59): CodeIgniter\Boot::bootWeb(Object(Config\Paths))
WARNING - 2026-04-27 02:04:22 --> [DEPRECATED] Creation of dynamic property App\Controllers\Kriteria::$model is deprecated in APPPATH\Controllers\Kriteria.php on line 10.
 1 SYSTEMPATH\CodeIgniter.php(921): App\Controllers\Kriteria->__construct()
 2 SYSTEMPATH\CodeIgniter.php(488): CodeIgniter\CodeIgniter->createController()
 3 SYSTEMPATH\CodeIgniter.php(340): CodeIgniter\CodeIgniter->handleRequest(null, Object(Config\Cache), false)
 4 SYSTEMPATH\Boot.php(417): CodeIgniter\CodeIgniter->run()
 5 SYSTEMPATH\Boot.php(68): CodeIgniter\Boot::runCodeIgniter(Object(CodeIgniter\CodeIgniter))
 6 FCPATH\index.php(59): CodeIgniter\Boot::bootWeb(Object(Config\Paths))
WARNING - 2026-04-27 02:04:22 --> [DEPRECATED] Creation of dynamic property App\Controllers\Kriteria::$model is deprecated in APPPATH\Controllers\Kriteria.php on line 10.
 1 SYSTEMPATH\CodeIgniter.php(921): App\Controllers\Kriteria->__construct()
 2 SYSTEMPATH\CodeIgniter.php(488): CodeIgniter\CodeIgniter->createController()
 3 SYSTEMPATH\CodeIgniter.php(340): CodeIgniter\CodeIgniter->handleRequest(null, Object(Config\Cache), false)
 4 SYSTEMPATH\Boot.php(417): CodeIgniter\CodeIgniter->run()
 5 SYSTEMPATH\Boot.php(68): CodeIgniter\Boot::runCodeIgniter(Object(CodeIgniter\CodeIgniter))
 6 FCPATH\index.php(59): CodeIgniter\Boot::bootWeb(Object(Config\Paths))
WARNING - 2026-04-27 02:05:27 --> [DEPRECATED] Creation of dynamic property App\Controllers\Kriteria::$model is deprecated in APPPATH\Controllers\Kriteria.php on line 10.
 1 SYSTEMPATH\CodeIgniter.php(921): App\Controllers\Kriteria->__construct()
 2 SYSTEMPATH\CodeIgniter.php(488): CodeIgniter\CodeIgniter->createController()
 3 SYSTEMPATH\CodeIgniter.php(340): CodeIgniter\CodeIgniter->handleRequest(null, Object(Config\Cache), false)
 4 SYSTEMPATH\Boot.php(417): CodeIgniter\CodeIgniter->run()
 5 SYSTEMPATH\Boot.php(68): CodeIgniter\Boot::runCodeIgniter(Object(CodeIgniter\CodeIgniter))
 6 FCPATH\index.php(59): CodeIgniter\Boot::bootWeb(Object(Config\Paths))
WARNING - 2026-04-27 02:05:29 --> [DEPRECATED] Creation of dynamic property App\Controllers\Kriteria::$model is deprecated in APPPATH\Controllers\Kriteria.php on line 10.
 1 SYSTEMPATH\CodeIgniter.php(921): App\Controllers\Kriteria->__construct()
 2 SYSTEMPATH\CodeIgniter.php(488): CodeIgniter\CodeIgniter->createController()
 3 SYSTEMPATH\CodeIgniter.php(340): CodeIgniter\CodeIgniter->handleRequest(null, Object(Config\Cache), false)
 4 SYSTEMPATH\Boot.php(417): CodeIgniter\CodeIgniter->run()
 5 SYSTEMPATH\Boot.php(68): CodeIgniter\Boot::runCodeIgniter(Object(CodeIgniter\CodeIgniter))
 6 FCPATH\index.php(59): CodeIgniter\Boot::bootWeb(Object(Config\Paths))
WARNING - 2026-04-27 02:05:29 --> [DEPRECATED] Creation of dynamic property App\Controllers\Kriteria::$model is deprecated in APPPATH\Controllers\Kriteria.php on line 10.
 1 SYSTEMPATH\CodeIgniter.php(921): App\Controllers\Kriteria->__construct()
 2 SYSTEMPATH\CodeIgniter.php(488): CodeIgniter\CodeIgniter->createController()
 3 SYSTEMPATH\CodeIgniter.php(340): CodeIgniter\CodeIgniter->handleRequest(null, Object(Config\Cache), false)
 4 SYSTEMPATH\Boot.php(417): CodeIgniter\CodeIgniter->run()
 5 SYSTEMPATH\Boot.php(68): CodeIgniter\Boot::runCodeIgniter(Object(CodeIgniter\CodeIgniter))
 6 FCPATH\index.php(59): CodeIgniter\Boot::bootWeb(Object(Config\Paths))
WARNING - 2026-04-27 02:05:36 --> [DEPRECATED] Creation of dynamic property App\Controllers\Kriteria::$model is deprecated in APPPATH\Controllers\Kriteria.php on line 10.
 1 SYSTEMPATH\CodeIgniter.php(921): App\Controllers\Kriteria->__construct()
 2 SYSTEMPATH\CodeIgniter.php(488): CodeIgniter\CodeIgniter->createController()
 3 SYSTEMPATH\CodeIgniter.php(340): CodeIgniter\CodeIgniter->handleRequest(null, Object(Config\Cache), false)
 4 SYSTEMPATH\Boot.php(417): CodeIgniter\CodeIgniter->run()
 5 SYSTEMPATH\Boot.php(68): CodeIgniter\Boot::runCodeIgniter(Object(CodeIgniter\CodeIgniter))
 6 FCPATH\index.php(59): CodeIgniter\Boot::bootWeb(Object(Config\Paths))
WARNING - 2026-04-27 02:05:38 --> [DEPRECATED] Creation of dynamic property App\Controllers\Kriteria::$model is deprecated in APPPATH\Controllers\Kriteria.php on line 10.
 1 SYSTEMPATH\CodeIgniter.php(921): App\Controllers\Kriteria->__construct()
 2 SYSTEMPATH\CodeIgniter.php(488): CodeIgniter\CodeIgniter->createController()
 3 SYSTEMPATH\CodeIgniter.php(340): CodeIgniter\CodeIgniter->handleRequest(null, Object(Config\Cache), false)
 4 SYSTEMPATH\Boot.php(417): CodeIgniter\CodeIgniter->run()
 5 SYSTEMPATH\Boot.php(68): CodeIgniter\Boot::runCodeIgniter(Object(CodeIgniter\CodeIgniter))
 6 FCPATH\index.php(59): CodeIgniter\Boot::bootWeb(Object(Config\Paths))
WARNING - 2026-04-27 02:05:38 --> [DEPRECATED] Creation of dynamic property App\Controllers\Kriteria::$model is deprecated in APPPATH\Controllers\Kriteria.php on line 10.
 1 SYSTEMPATH\CodeIgniter.php(921): App\Controllers\Kriteria->__construct()
 2 SYSTEMPATH\CodeIgniter.php(488): CodeIgniter\CodeIgniter->createController()
 3 SYSTEMPATH\CodeIgniter.php(340): CodeIgniter\CodeIgniter->handleRequest(null, Object(Config\Cache), false)
 4 SYSTEMPATH\Boot.php(417): CodeIgniter\CodeIgniter->run()
 5 SYSTEMPATH\Boot.php(68): CodeIgniter\Boot::runCodeIgniter(Object(CodeIgniter\CodeIgniter))
 6 FCPATH\index.php(59): CodeIgniter\Boot::bootWeb(Object(Config\Paths))
WARNING - 2026-04-27 02:05:55 --> [DEPRECATED] Creation of dynamic property App\Controllers\Kriteria::$model is deprecated in APPPATH\Controllers\Kriteria.php on line 10.
 1 SYSTEMPATH\CodeIgniter.php(921): App\Controllers\Kriteria->__construct()
 2 SYSTEMPATH\CodeIgniter.php(488): CodeIgniter\CodeIgniter->createController()
 3 SYSTEMPATH\CodeIgniter.php(340): CodeIgniter\CodeIgniter->handleRequest(null, Object(Config\Cache), false)
 4 SYSTEMPATH\Boot.php(417): CodeIgniter\CodeIgniter->run()
 5 SYSTEMPATH\Boot.php(68): CodeIgniter\Boot::runCodeIgniter(Object(CodeIgniter\CodeIgniter))
 6 FCPATH\index.php(59): CodeIgniter\Boot::bootWeb(Object(Config\Paths))
WARNING - 2026-04-27 02:05:57 --> [DEPRECATED] Creation of dynamic property App\Controllers\Kriteria::$model is deprecated in APPPATH\Controllers\Kriteria.php on line 10.
 1 SYSTEMPATH\CodeIgniter.php(921): App\Controllers\Kriteria->__construct()
 2 SYSTEMPATH\CodeIgniter.php(488): CodeIgniter\CodeIgniter->createController()
 3 SYSTEMPATH\CodeIgniter.php(340): CodeIgniter\CodeIgniter->handleRequest(null, Object(Config\Cache), false)
 4 SYSTEMPATH\Boot.php(417): CodeIgniter\CodeIgniter->run()
 5 SYSTEMPATH\Boot.php(68): CodeIgniter\Boot::runCodeIgniter(Object(CodeIgniter\CodeIgniter))
 6 FCPATH\index.php(59): CodeIgniter\Boot::bootWeb(Object(Config\Paths))
WARNING - 2026-04-27 02:05:57 --> [DEPRECATED] Creation of dynamic property App\Controllers\Kriteria::$model is deprecated in APPPATH\Controllers\Kriteria.php on line 10.
 1 SYSTEMPATH\CodeIgniter.php(921): App\Controllers\Kriteria->__construct()
 2 SYSTEMPATH\CodeIgniter.php(488): CodeIgniter\CodeIgniter->createController()
 3 SYSTEMPATH\CodeIgniter.php(340): CodeIgniter\CodeIgniter->handleRequest(null, Object(Config\Cache), false)
 4 SYSTEMPATH\Boot.php(417): CodeIgniter\CodeIgniter->run()
 5 SYSTEMPATH\Boot.php(68): CodeIgniter\Boot::runCodeIgniter(Object(CodeIgniter\CodeIgniter))
 6 FCPATH\index.php(59): CodeIgniter\Boot::bootWeb(Object(Config\Paths))
WARNING - 2026-04-27 02:07:41 --> [DEPRECATED] Creation of dynamic property App\Controllers\Kriteria::$model is deprecated in APPPATH\Controllers\Kriteria.php on line 10.
 1 SYSTEMPATH\CodeIgniter.php(921): App\Controllers\Kriteria->__construct()
 2 SYSTEMPATH\CodeIgniter.php(488): CodeIgniter\CodeIgniter->createController()
 3 SYSTEMPATH\CodeIgniter.php(340): CodeIgniter\CodeIgniter->handleRequest(null, Object(Config\Cache), false)
 4 SYSTEMPATH\Boot.php(417): CodeIgniter\CodeIgniter->run()
 5 SYSTEMPATH\Boot.php(68): CodeIgniter\Boot::runCodeIgniter(Object(CodeIgniter\CodeIgniter))
 6 FCPATH\index.php(59): CodeIgniter\Boot::bootWeb(Object(Config\Paths))
WARNING - 2026-04-27 02:07:43 --> [DEPRECATED] Creation of dynamic property App\Controllers\Kriteria::$model is deprecated in APPPATH\Controllers\Kriteria.php on line 10.
 1 SYSTEMPATH\CodeIgniter.php(921): App\Controllers\Kriteria->__construct()
 2 SYSTEMPATH\CodeIgniter.php(488): CodeIgniter\CodeIgniter->createController()
 3 SYSTEMPATH\CodeIgniter.php(340): CodeIgniter\CodeIgniter->handleRequest(null, Object(Config\Cache), false)
 4 SYSTEMPATH\Boot.php(417): CodeIgniter\CodeIgniter->run()
 5 SYSTEMPATH\Boot.php(68): CodeIgniter\Boot::runCodeIgniter(Object(CodeIgniter\CodeIgniter))
 6 FCPATH\index.php(59): CodeIgniter\Boot::bootWeb(Object(Config\Paths))
WARNING - 2026-04-27 02:07:43 --> [DEPRECATED] Creation of dynamic property App\Controllers\Kriteria::$model is deprecated in APPPATH\Controllers\Kriteria.php on line 10.
 1 SYSTEMPATH\CodeIgniter.php(921): App\Controllers\Kriteria->__construct()
 2 SYSTEMPATH\CodeIgniter.php(488): CodeIgniter\CodeIgniter->createController()
 3 SYSTEMPATH\CodeIgniter.php(340): CodeIgniter\CodeIgniter->handleRequest(null, Object(Config\Cache), false)
 4 SYSTEMPATH\Boot.php(417): CodeIgniter\CodeIgniter->run()
 5 SYSTEMPATH\Boot.php(68): CodeIgniter\Boot::runCodeIgniter(Object(CodeIgniter\CodeIgniter))
 6 FCPATH\index.php(59): CodeIgniter\Boot::bootWeb(Object(Config\Paths))
WARNING - 2026-04-27 02:09:03 --> [DEPRECATED] Creation of dynamic property App\Controllers\Kriteria::$model is deprecated in APPPATH\Controllers\Kriteria.php on line 10.
 1 SYSTEMPATH\CodeIgniter.php(921): App\Controllers\Kriteria->__construct()
 2 SYSTEMPATH\CodeIgniter.php(488): CodeIgniter\CodeIgniter->createController()
 3 SYSTEMPATH\CodeIgniter.php(340): CodeIgniter\CodeIgniter->handleRequest(null, Object(Config\Cache), false)
 4 SYSTEMPATH\Boot.php(417): CodeIgniter\CodeIgniter->run()
 5 SYSTEMPATH\Boot.php(68): CodeIgniter\Boot::runCodeIgniter(Object(CodeIgniter\CodeIgniter))
 6 FCPATH\index.php(59): CodeIgniter\Boot::bootWeb(Object(Config\Paths))
WARNING - 2026-04-27 02:09:04 --> [DEPRECATED] Creation of dynamic property App\Controllers\Kriteria::$model is deprecated in APPPATH\Controllers\Kriteria.php on line 10.
 1 SYSTEMPATH\CodeIgniter.php(921): App\Controllers\Kriteria->__construct()
 2 SYSTEMPATH\CodeIgniter.php(488): CodeIgniter\CodeIgniter->createController()
 3 SYSTEMPATH\CodeIgniter.php(340): CodeIgniter\CodeIgniter->handleRequest(null, Object(Config\Cache), false)
 4 SYSTEMPATH\Boot.php(417): CodeIgniter\CodeIgniter->run()
 5 SYSTEMPATH\Boot.php(68): CodeIgniter\Boot::runCodeIgniter(Object(CodeIgniter\CodeIgniter))
 6 FCPATH\index.php(59): CodeIgniter\Boot::bootWeb(Object(Config\Paths))
WARNING - 2026-04-27 02:09:04 --> [DEPRECATED] Creation of dynamic property App\Controllers\Kriteria::$model is deprecated in APPPATH\Controllers\Kriteria.php on line 10.
 1 SYSTEMPATH\CodeIgniter.php(921): App\Controllers\Kriteria->__construct()
 2 SYSTEMPATH\CodeIgniter.php(488): CodeIgniter\CodeIgniter->createController()
 3 SYSTEMPATH\CodeIgniter.php(340): CodeIgniter\CodeIgniter->handleRequest(null, Object(Config\Cache), false)
 4 SYSTEMPATH\Boot.php(417): CodeIgniter\CodeIgniter->run()
 5 SYSTEMPATH\Boot.php(68): CodeIgniter\Boot::runCodeIgniter(Object(CodeIgniter\CodeIgniter))
 6 FCPATH\index.php(59): CodeIgniter\Boot::bootWeb(Object(Config\Paths))
WARNING - 2026-04-27 02:09:58 --> [DEPRECATED] Creation of dynamic property App\Controllers\Kriteria::$model is deprecated in APPPATH\Controllers\Kriteria.php on line 10.
 1 SYSTEMPATH\CodeIgniter.php(921): App\Controllers\Kriteria->__construct()
 2 SYSTEMPATH\CodeIgniter.php(488): CodeIgniter\CodeIgniter->createController()
 3 SYSTEMPATH\CodeIgniter.php(340): CodeIgniter\CodeIgniter->handleRequest(null, Object(Config\Cache), false)
 4 SYSTEMPATH\Boot.php(417): CodeIgniter\CodeIgniter->run()
 5 SYSTEMPATH\Boot.php(68): CodeIgniter\Boot::runCodeIgniter(Object(CodeIgniter\CodeIgniter))
 6 FCPATH\index.php(59): CodeIgniter\Boot::bootWeb(Object(Config\Paths))
WARNING - 2026-04-27 02:10:00 --> [DEPRECATED] Creation of dynamic property App\Controllers\Kriteria::$model is deprecated in APPPATH\Controllers\Kriteria.php on line 10.
 1 SYSTEMPATH\CodeIgniter.php(921): App\Controllers\Kriteria->__construct()
 2 SYSTEMPATH\CodeIgniter.php(488): CodeIgniter\CodeIgniter->createController()
 3 SYSTEMPATH\CodeIgniter.php(340): CodeIgniter\CodeIgniter->handleRequest(null, Object(Config\Cache), false)
 4 SYSTEMPATH\Boot.php(417): CodeIgniter\CodeIgniter->run()
 5 SYSTEMPATH\Boot.php(68): CodeIgniter\Boot::runCodeIgniter(Object(CodeIgniter\CodeIgniter))
 6 FCPATH\index.php(59): CodeIgniter\Boot::bootWeb(Object(Config\Paths))
WARNING - 2026-04-27 02:10:00 --> [DEPRECATED] Creation of dynamic property App\Controllers\Kriteria::$model is deprecated in APPPATH\Controllers\Kriteria.php on line 10.
 1 SYSTEMPATH\CodeIgniter.php(921): App\Controllers\Kriteria->__construct()
 2 SYSTEMPATH\CodeIgniter.php(488): CodeIgniter\CodeIgniter->createController()
 3 SYSTEMPATH\CodeIgniter.php(340): CodeIgniter\CodeIgniter->handleRequest(null, Object(Config\Cache), false)
 4 SYSTEMPATH\Boot.php(417): CodeIgniter\CodeIgniter->run()
 5 SYSTEMPATH\Boot.php(68): CodeIgniter\Boot::runCodeIgniter(Object(CodeIgniter\CodeIgniter))
 6 FCPATH\index.php(59): CodeIgniter\Boot::bootWeb(Object(Config\Paths))
WARNING - 2026-04-27 02:10:19 --> [DEPRECATED] Creation of dynamic property App\Controllers\Kriteria::$model is deprecated in APPPATH\Controllers\Kriteria.php on line 10.
 1 SYSTEMPATH\CodeIgniter.php(921): App\Controllers\Kriteria->__construct()
 2 SYSTEMPATH\CodeIgniter.php(488): CodeIgniter\CodeIgniter->createController()
 3 SYSTEMPATH\CodeIgniter.php(340): CodeIgniter\CodeIgniter->handleRequest(null, Object(Config\Cache), false)
 4 SYSTEMPATH\Boot.php(417): CodeIgniter\CodeIgniter->run()
 5 SYSTEMPATH\Boot.php(68): CodeIgniter\Boot::runCodeIgniter(Object(CodeIgniter\CodeIgniter))
 6 FCPATH\index.php(59): CodeIgniter\Boot::bootWeb(Object(Config\Paths))
WARNING - 2026-04-27 02:10:20 --> [DEPRECATED] Creation of dynamic property App\Controllers\Kriteria::$model is deprecated in APPPATH\Controllers\Kriteria.php on line 10.
 1 SYSTEMPATH\CodeIgniter.php(921): App\Controllers\Kriteria->__construct()
 2 SYSTEMPATH\CodeIgniter.php(488): CodeIgniter\CodeIgniter->createController()
 3 SYSTEMPATH\CodeIgniter.php(340): CodeIgniter\CodeIgniter->handleRequest(null, Object(Config\Cache), false)
 4 SYSTEMPATH\Boot.php(417): CodeIgniter\CodeIgniter->run()
 5 SYSTEMPATH\Boot.php(68): CodeIgniter\Boot::runCodeIgniter(Object(CodeIgniter\CodeIgniter))
 6 FCPATH\index.php(59): CodeIgniter\Boot::bootWeb(Object(Config\Paths))
WARNING - 2026-04-27 02:10:20 --> [DEPRECATED] Creation of dynamic property App\Controllers\Kriteria::$model is deprecated in APPPATH\Controllers\Kriteria.php on line 10.
 1 SYSTEMPATH\CodeIgniter.php(921): App\Controllers\Kriteria->__construct()
 2 SYSTEMPATH\CodeIgniter.php(488): CodeIgniter\CodeIgniter->createController()
 3 SYSTEMPATH\CodeIgniter.php(340): CodeIgniter\CodeIgniter->handleRequest(null, Object(Config\Cache), false)
 4 SYSTEMPATH\Boot.php(417): CodeIgniter\CodeIgniter->run()
 5 SYSTEMPATH\Boot.php(68): CodeIgniter\Boot::runCodeIgniter(Object(CodeIgniter\CodeIgniter))
 6 FCPATH\index.php(59): CodeIgniter\Boot::bootWeb(Object(Config\Paths))
WARNING - 2026-04-27 02:12:25 --> [DEPRECATED] Creation of dynamic property App\Controllers\Kriteria::$model is deprecated in APPPATH\Controllers\Kriteria.php on line 10.
 1 SYSTEMPATH\CodeIgniter.php(921): App\Controllers\Kriteria->__construct()
 2 SYSTEMPATH\CodeIgniter.php(488): CodeIgniter\CodeIgniter->createController()
 3 SYSTEMPATH\CodeIgniter.php(340): CodeIgniter\CodeIgniter->handleRequest(null, Object(Config\Cache), false)
 4 SYSTEMPATH\Boot.php(417): CodeIgniter\CodeIgniter->run()
 5 SYSTEMPATH\Boot.php(68): CodeIgniter\Boot::runCodeIgniter(Object(CodeIgniter\CodeIgniter))
 6 FCPATH\index.php(59): CodeIgniter\Boot::bootWeb(Object(Config\Paths))
WARNING - 2026-04-27 02:12:27 --> [DEPRECATED] Creation of dynamic property App\Controllers\Kriteria::$model is deprecated in APPPATH\Controllers\Kriteria.php on line 10.
 1 SYSTEMPATH\CodeIgniter.php(921): App\Controllers\Kriteria->__construct()
 2 SYSTEMPATH\CodeIgniter.php(488): CodeIgniter\CodeIgniter->createController()
 3 SYSTEMPATH\CodeIgniter.php(340): CodeIgniter\CodeIgniter->handleRequest(null, Object(Config\Cache), false)
 4 SYSTEMPATH\Boot.php(417): CodeIgniter\CodeIgniter->run()
 5 SYSTEMPATH\Boot.php(68): CodeIgniter\Boot::runCodeIgniter(Object(CodeIgniter\CodeIgniter))
 6 FCPATH\index.php(59): CodeIgniter\Boot::bootWeb(Object(Config\Paths))
WARNING - 2026-04-27 02:12:27 --> [DEPRECATED] Creation of dynamic property App\Controllers\Kriteria::$model is deprecated in APPPATH\Controllers\Kriteria.php on line 10.
 1 SYSTEMPATH\CodeIgniter.php(921): App\Controllers\Kriteria->__construct()
 2 SYSTEMPATH\CodeIgniter.php(488): CodeIgniter\CodeIgniter->createController()
 3 SYSTEMPATH\CodeIgniter.php(340): CodeIgniter\CodeIgniter->handleRequest(null, Object(Config\Cache), false)
 4 SYSTEMPATH\Boot.php(417): CodeIgniter\CodeIgniter->run()
 5 SYSTEMPATH\Boot.php(68): CodeIgniter\Boot::runCodeIgniter(Object(CodeIgniter\CodeIgniter))
 6 FCPATH\index.php(59): CodeIgniter\Boot::bootWeb(Object(Config\Paths))
WARNING - 2026-04-27 02:12:27 --> [DEPRECATED] Creation of dynamic property App\Controllers\Kriteria::$model is deprecated in APPPATH\Controllers\Kriteria.php on line 10.
 1 SYSTEMPATH\CodeIgniter.php(921): App\Controllers\Kriteria->__construct()
 2 SYSTEMPATH\CodeIgniter.php(488): CodeIgniter\CodeIgniter->createController()
 3 SYSTEMPATH\CodeIgniter.php(340): CodeIgniter\CodeIgniter->handleRequest(null, Object(Config\Cache), false)
 4 SYSTEMPATH\Boot.php(417): CodeIgniter\CodeIgniter->run()
 5 SYSTEMPATH\Boot.php(68): CodeIgniter\Boot::runCodeIgniter(Object(CodeIgniter\CodeIgniter))
 6 FCPATH\index.php(59): CodeIgniter\Boot::bootWeb(Object(Config\Paths))
WARNING - 2026-04-27 02:14:07 --> [DEPRECATED] Creation of dynamic property App\Controllers\Kriteria::$model is deprecated in APPPATH\Controllers\Kriteria.php on line 10.
 1 SYSTEMPATH\CodeIgniter.php(921): App\Controllers\Kriteria->__construct()
 2 SYSTEMPATH\CodeIgniter.php(488): CodeIgniter\CodeIgniter->createController()
 3 SYSTEMPATH\CodeIgniter.php(340): CodeIgniter\CodeIgniter->handleRequest(null, Object(Config\Cache), false)
 4 SYSTEMPATH\Boot.php(417): CodeIgniter\CodeIgniter->run()
 5 SYSTEMPATH\Boot.php(68): CodeIgniter\Boot::runCodeIgniter(Object(CodeIgniter\CodeIgniter))
 6 FCPATH\index.php(59): CodeIgniter\Boot::bootWeb(Object(Config\Paths))
CRITICAL - 2026-04-27 02:14:07 --> ErrorException: Undefined variable $isEditable
[Method: GET, Route: kriteria]
in APPPATH\Views\Kriteria\kriteria_view.php on line 63.
 1 APPPATH\Views\Kriteria\kriteria_view.php(63): CodeIgniter\Debug\Exceptions->errorHandler(2, 'Undefined variable $isEditable', 'C:\\laragon\\www\\program_bltd\\app\\Views\\Kriteria\\kriteria_view.php', 63)
 2 SYSTEMPATH\View\View.php(240): include('C:\\laragon\\www\\program_bltd\\app\\Views\\Kriteria\\kriteria_view.php')
 3 SYSTEMPATH\View\View.php(243): CodeIgniter\View\View->CodeIgniter\View\{closure}()
 4 SYSTEMPATH\Common.php(1250): CodeIgniter\View\View->render('kriteria/kriteria_view', [], true)
 5 APPPATH\Controllers\Kriteria.php(14): view('kriteria/kriteria_view')
 6 SYSTEMPATH\CodeIgniter.php(951): App\Controllers\Kriteria->index()
 7 SYSTEMPATH\CodeIgniter.php(497): CodeIgniter\CodeIgniter->runController(Object(App\Controllers\Kriteria))
 8 SYSTEMPATH\CodeIgniter.php(340): CodeIgniter\CodeIgniter->handleRequest(null, Object(Config\Cache), false)
 9 SYSTEMPATH\Boot.php(417): CodeIgniter\CodeIgniter->run()
10 SYSTEMPATH\Boot.php(68): CodeIgniter\Boot::runCodeIgniter(Object(CodeIgniter\CodeIgniter))
11 FCPATH\index.php(59): CodeIgniter\Boot::bootWeb(Object(Config\Paths))
WARNING - 2026-04-27 02:15:55 --> [DEPRECATED] Creation of dynamic property App\Controllers\Kriteria::$model is deprecated in APPPATH\Controllers\Kriteria.php on line 10.
 1 SYSTEMPATH\CodeIgniter.php(921): App\Controllers\Kriteria->__construct()
 2 SYSTEMPATH\CodeIgniter.php(488): CodeIgniter\CodeIgniter->createController()
 3 SYSTEMPATH\CodeIgniter.php(340): CodeIgniter\CodeIgniter->handleRequest(null, Object(Config\Cache), false)
 4 SYSTEMPATH\Boot.php(417): CodeIgniter\CodeIgniter->run()
 5 SYSTEMPATH\Boot.php(68): CodeIgniter\Boot::runCodeIgniter(Object(CodeIgniter\CodeIgniter))
 6 FCPATH\index.php(59): CodeIgniter\Boot::bootWeb(Object(Config\Paths))
WARNING - 2026-04-27 02:15:57 --> [DEPRECATED] Creation of dynamic property App\Controllers\Kriteria::$model is deprecated in APPPATH\Controllers\Kriteria.php on line 10.
 1 SYSTEMPATH\CodeIgniter.php(921): App\Controllers\Kriteria->__construct()
 2 SYSTEMPATH\CodeIgniter.php(488): CodeIgniter\CodeIgniter->createController()
 3 SYSTEMPATH\CodeIgniter.php(340): CodeIgniter\CodeIgniter->handleRequest(null, Object(Config\Cache), false)
 4 SYSTEMPATH\Boot.php(417): CodeIgniter\CodeIgniter->run()
 5 SYSTEMPATH\Boot.php(68): CodeIgniter\Boot::runCodeIgniter(Object(CodeIgniter\CodeIgniter))
 6 FCPATH\index.php(59): CodeIgniter\Boot::bootWeb(Object(Config\Paths))
WARNING - 2026-04-27 02:15:57 --> [DEPRECATED] Creation of dynamic property App\Controllers\Kriteria::$model is deprecated in APPPATH\Controllers\Kriteria.php on line 10.
 1 SYSTEMPATH\CodeIgniter.php(921): App\Controllers\Kriteria->__construct()
 2 SYSTEMPATH\CodeIgniter.php(488): CodeIgniter\CodeIgniter->createController()
 3 SYSTEMPATH\CodeIgniter.php(340): CodeIgniter\CodeIgniter->handleRequest(null, Object(Config\Cache), false)
 4 SYSTEMPATH\Boot.php(417): CodeIgniter\CodeIgniter->run()
 5 SYSTEMPATH\Boot.php(68): CodeIgniter\Boot::runCodeIgniter(Object(CodeIgniter\CodeIgniter))
 6 FCPATH\index.php(59): CodeIgniter\Boot::bootWeb(Object(Config\Paths))
WARNING - 2026-04-27 02:15:57 --> [DEPRECATED] Creation of dynamic property App\Controllers\Kriteria::$model is deprecated in APPPATH\Controllers\Kriteria.php on line 10.
 1 SYSTEMPATH\CodeIgniter.php(921): App\Controllers\Kriteria->__construct()
 2 SYSTEMPATH\CodeIgniter.php(488): CodeIgniter\CodeIgniter->createController()
 3 SYSTEMPATH\CodeIgniter.php(340): CodeIgniter\CodeIgniter->handleRequest(null, Object(Config\Cache), false)
 4 SYSTEMPATH\Boot.php(417): CodeIgniter\CodeIgniter->run()
 5 SYSTEMPATH\Boot.php(68): CodeIgniter\Boot::runCodeIgniter(Object(CodeIgniter\CodeIgniter))
 6 FCPATH\index.php(59): CodeIgniter\Boot::bootWeb(Object(Config\Paths))
WARNING - 2026-04-27 02:21:35 --> [DEPRECATED] Creation of dynamic property App\Controllers\Kriteria::$model is deprecated in APPPATH\Controllers\Kriteria.php on line 10.
 1 SYSTEMPATH\CodeIgniter.php(921): App\Controllers\Kriteria->__construct()
 2 SYSTEMPATH\CodeIgniter.php(488): CodeIgniter\CodeIgniter->createController()
 3 SYSTEMPATH\CodeIgniter.php(340): CodeIgniter\CodeIgniter->handleRequest(null, Object(Config\Cache), false)
 4 SYSTEMPATH\Boot.php(417): CodeIgniter\CodeIgniter->run()
 5 SYSTEMPATH\Boot.php(68): CodeIgniter\Boot::runCodeIgniter(Object(CodeIgniter\CodeIgniter))
 6 FCPATH\index.php(59): CodeIgniter\Boot::bootWeb(Object(Config\Paths))
CRITICAL - 2026-04-27 02:21:35 --> ErrorException: Undefined variable $isEditable
[Method: GET, Route: kriteria]
in APPPATH\Views\Kriteria\kriteria_view.php on line 62.
 1 APPPATH\Views\Kriteria\kriteria_view.php(62): CodeIgniter\Debug\Exceptions->errorHandler(2, 'Undefined variable $isEditable', 'C:\\laragon\\www\\program_bltd\\app\\Views\\Kriteria\\kriteria_view.php', 62)
 2 SYSTEMPATH\View\View.php(240): include('C:\\laragon\\www\\program_bltd\\app\\Views\\Kriteria\\kriteria_view.php')
 3 SYSTEMPATH\View\View.php(243): CodeIgniter\View\View->CodeIgniter\View\{closure}()
 4 SYSTEMPATH\Common.php(1250): CodeIgniter\View\View->render('kriteria/kriteria_view', [], true)
 5 APPPATH\Controllers\Kriteria.php(17): view('kriteria/kriteria_view')
 6 SYSTEMPATH\CodeIgniter.php(951): App\Controllers\Kriteria->index()
 7 SYSTEMPATH\CodeIgniter.php(497): CodeIgniter\CodeIgniter->runController(Object(App\Controllers\Kriteria))
 8 SYSTEMPATH\CodeIgniter.php(340): CodeIgniter\CodeIgniter->handleRequest(null, Object(Config\Cache), false)
 9 SYSTEMPATH\Boot.php(417): CodeIgniter\CodeIgniter->run()
10 SYSTEMPATH\Boot.php(68): CodeIgniter\Boot::runCodeIgniter(Object(CodeIgniter\CodeIgniter))
11 FCPATH\index.php(59): CodeIgniter\Boot::bootWeb(Object(Config\Paths))
WARNING - 2026-04-27 02:22:59 --> [DEPRECATED] Creation of dynamic property App\Controllers\Kriteria::$model is deprecated in APPPATH\Controllers\Kriteria.php on line 10.
 1 SYSTEMPATH\CodeIgniter.php(921): App\Controllers\Kriteria->__construct()
 2 SYSTEMPATH\CodeIgniter.php(488): CodeIgniter\CodeIgniter->createController()
 3 SYSTEMPATH\CodeIgniter.php(340): CodeIgniter\CodeIgniter->handleRequest(null, Object(Config\Cache), false)
 4 SYSTEMPATH\Boot.php(417): CodeIgniter\CodeIgniter->run()
 5 SYSTEMPATH\Boot.php(68): CodeIgniter\Boot::runCodeIgniter(Object(CodeIgniter\CodeIgniter))
 6 FCPATH\index.php(59): CodeIgniter\Boot::bootWeb(Object(Config\Paths))
CRITICAL - 2026-04-27 02:22:59 --> ErrorException: Undefined variable $isEditable
[Method: GET, Route: kriteria]
in APPPATH\Views\Kriteria\kriteria_view.php on line 62.
 1 APPPATH\Views\Kriteria\kriteria_view.php(62): CodeIgniter\Debug\Exceptions->errorHandler(2, 'Undefined variable $isEditable', 'C:\\laragon\\www\\program_bltd\\app\\Views\\Kriteria\\kriteria_view.php', 62)
 2 SYSTEMPATH\View\View.php(240): include('C:\\laragon\\www\\program_bltd\\app\\Views\\Kriteria\\kriteria_view.php')
 3 SYSTEMPATH\View\View.php(243): CodeIgniter\View\View->CodeIgniter\View\{closure}()
 4 SYSTEMPATH\Common.php(1250): CodeIgniter\View\View->render('kriteria/kriteria_view', [], true)
 5 APPPATH\Controllers\Kriteria.php(17): view('kriteria/kriteria_view')
 6 SYSTEMPATH\CodeIgniter.php(951): App\Controllers\Kriteria->index()
 7 SYSTEMPATH\CodeIgniter.php(497): CodeIgniter\CodeIgniter->runController(Object(App\Controllers\Kriteria))
 8 SYSTEMPATH\CodeIgniter.php(340): CodeIgniter\CodeIgniter->handleRequest(null, Object(Config\Cache), false)
 9 SYSTEMPATH\Boot.php(417): CodeIgniter\CodeIgniter->run()
10 SYSTEMPATH\Boot.php(68): CodeIgniter\Boot::runCodeIgniter(Object(CodeIgniter\CodeIgniter))
11 FCPATH\index.php(59): CodeIgniter\Boot::bootWeb(Object(Config\Paths))
WARNING - 2026-04-27 02:23:48 --> [DEPRECATED] Creation of dynamic property App\Controllers\Kriteria::$model is deprecated in APPPATH\Controllers\Kriteria.php on line 10.
 1 SYSTEMPATH\CodeIgniter.php(921): App\Controllers\Kriteria->__construct()
 2 SYSTEMPATH\CodeIgniter.php(488): CodeIgniter\CodeIgniter->createController()
 3 SYSTEMPATH\CodeIgniter.php(340): CodeIgniter\CodeIgniter->handleRequest(null, Object(Config\Cache), false)
 4 SYSTEMPATH\Boot.php(417): CodeIgniter\CodeIgniter->run()
 5 SYSTEMPATH\Boot.php(68): CodeIgniter\Boot::runCodeIgniter(Object(CodeIgniter\CodeIgniter))
 6 FCPATH\index.php(59): CodeIgniter\Boot::bootWeb(Object(Config\Paths))
CRITICAL - 2026-04-27 02:23:48 --> ErrorException: Undefined variable $isEditable
[Method: GET, Route: kriteria]
in APPPATH\Views\Kriteria\kriteria_view.php on line 62.
 1 APPPATH\Views\Kriteria\kriteria_view.php(62): CodeIgniter\Debug\Exceptions->errorHandler(2, 'Undefined variable $isEditable', 'C:\\laragon\\www\\program_bltd\\app\\Views\\Kriteria\\kriteria_view.php', 62)
 2 SYSTEMPATH\View\View.php(240): include('C:\\laragon\\www\\program_bltd\\app\\Views\\Kriteria\\kriteria_view.php')
 3 SYSTEMPATH\View\View.php(243): CodeIgniter\View\View->CodeIgniter\View\{closure}()
 4 SYSTEMPATH\Common.php(1250): CodeIgniter\View\View->render('kriteria/kriteria_view', [], true)
 5 APPPATH\Controllers\Kriteria.php(17): view('kriteria/kriteria_view')
 6 SYSTEMPATH\CodeIgniter.php(951): App\Controllers\Kriteria->index()
 7 SYSTEMPATH\CodeIgniter.php(497): CodeIgniter\CodeIgniter->runController(Object(App\Controllers\Kriteria))
 8 SYSTEMPATH\CodeIgniter.php(340): CodeIgniter\CodeIgniter->handleRequest(null, Object(Config\Cache), false)
 9 SYSTEMPATH\Boot.php(417): CodeIgniter\CodeIgniter->run()
10 SYSTEMPATH\Boot.php(68): CodeIgniter\Boot::runCodeIgniter(Object(CodeIgniter\CodeIgniter))
11 FCPATH\index.php(59): CodeIgniter\Boot::bootWeb(Object(Config\Paths))
WARNING - 2026-04-27 02:24:30 --> [DEPRECATED] Creation of dynamic property App\Controllers\Kriteria::$model is deprecated in APPPATH\Controllers\Kriteria.php on line 10.
 1 SYSTEMPATH\CodeIgniter.php(921): App\Controllers\Kriteria->__construct()
 2 SYSTEMPATH\CodeIgniter.php(488): CodeIgniter\CodeIgniter->createController()
 3 SYSTEMPATH\CodeIgniter.php(340): CodeIgniter\CodeIgniter->handleRequest(null, Object(Config\Cache), false)
 4 SYSTEMPATH\Boot.php(417): CodeIgniter\CodeIgniter->run()
 5 SYSTEMPATH\Boot.php(68): CodeIgniter\Boot::runCodeIgniter(Object(CodeIgniter\CodeIgniter))
 6 FCPATH\index.php(59): CodeIgniter\Boot::bootWeb(Object(Config\Paths))
WARNING - 2026-04-27 02:24:32 --> [DEPRECATED] Creation of dynamic property App\Controllers\Kriteria::$model is deprecated in APPPATH\Controllers\Kriteria.php on line 10.
 1 SYSTEMPATH\CodeIgniter.php(921): App\Controllers\Kriteria->__construct()
 2 SYSTEMPATH\CodeIgniter.php(488): CodeIgniter\CodeIgniter->createController()
 3 SYSTEMPATH\CodeIgniter.php(340): CodeIgniter\CodeIgniter->handleRequest(null, Object(Config\Cache), false)
 4 SYSTEMPATH\Boot.php(417): CodeIgniter\CodeIgniter->run()
 5 SYSTEMPATH\Boot.php(68): CodeIgniter\Boot::runCodeIgniter(Object(CodeIgniter\CodeIgniter))
 6 FCPATH\index.php(59): CodeIgniter\Boot::bootWeb(Object(Config\Paths))
WARNING - 2026-04-27 02:24:32 --> [DEPRECATED] Creation of dynamic property App\Controllers\Kriteria::$model is deprecated in APPPATH\Controllers\Kriteria.php on line 10.
 1 SYSTEMPATH\CodeIgniter.php(921): App\Controllers\Kriteria->__construct()
 2 SYSTEMPATH\CodeIgniter.php(488): CodeIgniter\CodeIgniter->createController()
 3 SYSTEMPATH\CodeIgniter.php(340): CodeIgniter\CodeIgniter->handleRequest(null, Object(Config\Cache), false)
 4 SYSTEMPATH\Boot.php(417): CodeIgniter\CodeIgniter->run()
 5 SYSTEMPATH\Boot.php(68): CodeIgniter\Boot::runCodeIgniter(Object(CodeIgniter\CodeIgniter))
 6 FCPATH\index.php(59): CodeIgniter\Boot::bootWeb(Object(Config\Paths))
WARNING - 2026-04-27 02:24:32 --> [DEPRECATED] Creation of dynamic property App\Controllers\Kriteria::$model is deprecated in APPPATH\Controllers\Kriteria.php on line 10.
 1 SYSTEMPATH\CodeIgniter.php(921): App\Controllers\Kriteria->__construct()
 2 SYSTEMPATH\CodeIgniter.php(488): CodeIgniter\CodeIgniter->createController()
 3 SYSTEMPATH\CodeIgniter.php(340): CodeIgniter\CodeIgniter->handleRequest(null, Object(Config\Cache), false)
 4 SYSTEMPATH\Boot.php(417): CodeIgniter\CodeIgniter->run()
 5 SYSTEMPATH\Boot.php(68): CodeIgniter\Boot::runCodeIgniter(Object(CodeIgniter\CodeIgniter))
 6 FCPATH\index.php(59): CodeIgniter\Boot::bootWeb(Object(Config\Paths))
WARNING - 2026-04-27 02:24:36 --> [DEPRECATED] Creation of dynamic property App\Controllers\Kriteria::$model is deprecated in APPPATH\Controllers\Kriteria.php on line 10.
 1 SYSTEMPATH\CodeIgniter.php(921): App\Controllers\Kriteria->__construct()
 2 SYSTEMPATH\CodeIgniter.php(488): CodeIgniter\CodeIgniter->createController()
 3 SYSTEMPATH\CodeIgniter.php(340): CodeIgniter\CodeIgniter->handleRequest(null, Object(Config\Cache), false)
 4 SYSTEMPATH\Boot.php(417): CodeIgniter\CodeIgniter->run()
 5 SYSTEMPATH\Boot.php(68): CodeIgniter\Boot::runCodeIgniter(Object(CodeIgniter\CodeIgniter))
 6 FCPATH\index.php(59): CodeIgniter\Boot::bootWeb(Object(Config\Paths))
WARNING - 2026-04-27 02:24:38 --> [DEPRECATED] Creation of dynamic property App\Controllers\Kriteria::$model is deprecated in APPPATH\Controllers\Kriteria.php on line 10.
 1 SYSTEMPATH\CodeIgniter.php(921): App\Controllers\Kriteria->__construct()
 2 SYSTEMPATH\CodeIgniter.php(488): CodeIgniter\CodeIgniter->createController()
 3 SYSTEMPATH\CodeIgniter.php(340): CodeIgniter\CodeIgniter->handleRequest(null, Object(Config\Cache), false)
 4 SYSTEMPATH\Boot.php(417): CodeIgniter\CodeIgniter->run()
 5 SYSTEMPATH\Boot.php(68): CodeIgniter\Boot::runCodeIgniter(Object(CodeIgniter\CodeIgniter))
 6 FCPATH\index.php(59): CodeIgniter\Boot::bootWeb(Object(Config\Paths))
WARNING - 2026-04-27 02:24:38 --> [DEPRECATED] Creation of dynamic property App\Controllers\Kriteria::$model is deprecated in APPPATH\Controllers\Kriteria.php on line 10.
 1 SYSTEMPATH\CodeIgniter.php(921): App\Controllers\Kriteria->__construct()
 2 SYSTEMPATH\CodeIgniter.php(488): CodeIgniter\CodeIgniter->createController()
 3 SYSTEMPATH\CodeIgniter.php(340): CodeIgniter\CodeIgniter->handleRequest(null, Object(Config\Cache), false)
 4 SYSTEMPATH\Boot.php(417): CodeIgniter\CodeIgniter->run()
 5 SYSTEMPATH\Boot.php(68): CodeIgniter\Boot::runCodeIgniter(Object(CodeIgniter\CodeIgniter))
 6 FCPATH\index.php(59): CodeIgniter\Boot::bootWeb(Object(Config\Paths))
WARNING - 2026-04-27 02:24:38 --> [DEPRECATED] Creation of dynamic property App\Controllers\Kriteria::$model is deprecated in APPPATH\Controllers\Kriteria.php on line 10.
 1 SYSTEMPATH\CodeIgniter.php(921): App\Controllers\Kriteria->__construct()
 2 SYSTEMPATH\CodeIgniter.php(488): CodeIgniter\CodeIgniter->createController()
 3 SYSTEMPATH\CodeIgniter.php(340): CodeIgniter\CodeIgniter->handleRequest(null, Object(Config\Cache), false)
 4 SYSTEMPATH\Boot.php(417): CodeIgniter\CodeIgniter->run()
 5 SYSTEMPATH\Boot.php(68): CodeIgniter\Boot::runCodeIgniter(Object(CodeIgniter\CodeIgniter))
 6 FCPATH\index.php(59): CodeIgniter\Boot::bootWeb(Object(Config\Paths))
WARNING - 2026-04-27 02:24:48 --> [DEPRECATED] Creation of dynamic property App\Controllers\Kriteria::$model is deprecated in APPPATH\Controllers\Kriteria.php on line 10.
 1 SYSTEMPATH\CodeIgniter.php(921): App\Controllers\Kriteria->__construct()
 2 SYSTEMPATH\CodeIgniter.php(488): CodeIgniter\CodeIgniter->createController()
 3 SYSTEMPATH\CodeIgniter.php(340): CodeIgniter\CodeIgniter->handleRequest(null, Object(Config\Cache), false)
 4 SYSTEMPATH\Boot.php(417): CodeIgniter\CodeIgniter->run()
 5 SYSTEMPATH\Boot.php(68): CodeIgniter\Boot::runCodeIgniter(Object(CodeIgniter\CodeIgniter))
 6 FCPATH\index.php(59): CodeIgniter\Boot::bootWeb(Object(Config\Paths))
WARNING - 2026-04-27 02:24:50 --> [DEPRECATED] Creation of dynamic property App\Controllers\Kriteria::$model is deprecated in APPPATH\Controllers\Kriteria.php on line 10.
 1 SYSTEMPATH\CodeIgniter.php(921): App\Controllers\Kriteria->__construct()
 2 SYSTEMPATH\CodeIgniter.php(488): CodeIgniter\CodeIgniter->createController()
 3 SYSTEMPATH\CodeIgniter.php(340): CodeIgniter\CodeIgniter->handleRequest(null, Object(Config\Cache), false)
 4 SYSTEMPATH\Boot.php(417): CodeIgniter\CodeIgniter->run()
 5 SYSTEMPATH\Boot.php(68): CodeIgniter\Boot::runCodeIgniter(Object(CodeIgniter\CodeIgniter))
 6 FCPATH\index.php(59): CodeIgniter\Boot::bootWeb(Object(Config\Paths))
WARNING - 2026-04-27 02:24:50 --> [DEPRECATED] Creation of dynamic property App\Controllers\Kriteria::$model is deprecated in APPPATH\Controllers\Kriteria.php on line 10.
 1 SYSTEMPATH\CodeIgniter.php(921): App\Controllers\Kriteria->__construct()
 2 SYSTEMPATH\CodeIgniter.php(488): CodeIgniter\CodeIgniter->createController()
 3 SYSTEMPATH\CodeIgniter.php(340): CodeIgniter\CodeIgniter->handleRequest(null, Object(Config\Cache), false)
 4 SYSTEMPATH\Boot.php(417): CodeIgniter\CodeIgniter->run()
 5 SYSTEMPATH\Boot.php(68): CodeIgniter\Boot::runCodeIgniter(Object(CodeIgniter\CodeIgniter))
 6 FCPATH\index.php(59): CodeIgniter\Boot::bootWeb(Object(Config\Paths))
WARNING - 2026-04-27 02:24:50 --> [DEPRECATED] Creation of dynamic property App\Controllers\Kriteria::$model is deprecated in APPPATH\Controllers\Kriteria.php on line 10.
 1 SYSTEMPATH\CodeIgniter.php(921): App\Controllers\Kriteria->__construct()
 2 SYSTEMPATH\CodeIgniter.php(488): CodeIgniter\CodeIgniter->createController()
 3 SYSTEMPATH\CodeIgniter.php(340): CodeIgniter\CodeIgniter->handleRequest(null, Object(Config\Cache), false)
 4 SYSTEMPATH\Boot.php(417): CodeIgniter\CodeIgniter->run()
 5 SYSTEMPATH\Boot.php(68): CodeIgniter\Boot::runCodeIgniter(Object(CodeIgniter\CodeIgniter))
 6 FCPATH\index.php(59): CodeIgniter\Boot::bootWeb(Object(Config\Paths))
WARNING - 2026-04-27 02:24:54 --> [DEPRECATED] Creation of dynamic property App\Controllers\Kriteria::$model is deprecated in APPPATH\Controllers\Kriteria.php on line 10.
 1 SYSTEMPATH\CodeIgniter.php(921): App\Controllers\Kriteria->__construct()
 2 SYSTEMPATH\CodeIgniter.php(488): CodeIgniter\CodeIgniter->createController()
 3 SYSTEMPATH\CodeIgniter.php(340): CodeIgniter\CodeIgniter->handleRequest(null, Object(Config\Cache), false)
 4 SYSTEMPATH\Boot.php(417): CodeIgniter\CodeIgniter->run()
 5 SYSTEMPATH\Boot.php(68): CodeIgniter\Boot::runCodeIgniter(Object(CodeIgniter\CodeIgniter))
 6 FCPATH\index.php(59): CodeIgniter\Boot::bootWeb(Object(Config\Paths))
WARNING - 2026-04-27 02:24:55 --> [DEPRECATED] Creation of dynamic property App\Controllers\Kriteria::$model is deprecated in APPPATH\Controllers\Kriteria.php on line 10.
 1 SYSTEMPATH\CodeIgniter.php(921): App\Controllers\Kriteria->__construct()
 2 SYSTEMPATH\CodeIgniter.php(488): CodeIgniter\CodeIgniter->createController()
 3 SYSTEMPATH\CodeIgniter.php(340): CodeIgniter\CodeIgniter->handleRequest(null, Object(Config\Cache), false)
 4 SYSTEMPATH\Boot.php(417): CodeIgniter\CodeIgniter->run()
 5 SYSTEMPATH\Boot.php(68): CodeIgniter\Boot::runCodeIgniter(Object(CodeIgniter\CodeIgniter))
 6 FCPATH\index.php(59): CodeIgniter\Boot::bootWeb(Object(Config\Paths))
WARNING - 2026-04-27 02:24:55 --> [DEPRECATED] Creation of dynamic property App\Controllers\Kriteria::$model is deprecated in APPPATH\Controllers\Kriteria.php on line 10.
 1 SYSTEMPATH\CodeIgniter.php(921): App\Controllers\Kriteria->__construct()
 2 SYSTEMPATH\CodeIgniter.php(488): CodeIgniter\CodeIgniter->createController()
 3 SYSTEMPATH\CodeIgniter.php(340): CodeIgniter\CodeIgniter->handleRequest(null, Object(Config\Cache), false)
 4 SYSTEMPATH\Boot.php(417): CodeIgniter\CodeIgniter->run()
 5 SYSTEMPATH\Boot.php(68): CodeIgniter\Boot::runCodeIgniter(Object(CodeIgniter\CodeIgniter))
 6 FCPATH\index.php(59): CodeIgniter\Boot::bootWeb(Object(Config\Paths))
WARNING - 2026-04-27 02:24:55 --> [DEPRECATED] Creation of dynamic property App\Controllers\Kriteria::$model is deprecated in APPPATH\Controllers\Kriteria.php on line 10.
 1 SYSTEMPATH\CodeIgniter.php(921): App\Controllers\Kriteria->__construct()
 2 SYSTEMPATH\CodeIgniter.php(488): CodeIgniter\CodeIgniter->createController()
 3 SYSTEMPATH\CodeIgniter.php(340): CodeIgniter\CodeIgniter->handleRequest(null, Object(Config\Cache), false)
 4 SYSTEMPATH\Boot.php(417): CodeIgniter\CodeIgniter->run()
 5 SYSTEMPATH\Boot.php(68): CodeIgniter\Boot::runCodeIgniter(Object(CodeIgniter\CodeIgniter))
 6 FCPATH\index.php(59): CodeIgniter\Boot::bootWeb(Object(Config\Paths))
WARNING - 2026-04-27 02:26:06 --> [DEPRECATED] Creation of dynamic property App\Controllers\Kriteria::$model is deprecated in APPPATH\Controllers\Kriteria.php on line 10.
 1 SYSTEMPATH\CodeIgniter.php(921): App\Controllers\Kriteria->__construct()
 2 SYSTEMPATH\CodeIgniter.php(488): CodeIgniter\CodeIgniter->createController()
 3 SYSTEMPATH\CodeIgniter.php(340): CodeIgniter\CodeIgniter->handleRequest(null, Object(Config\Cache), false)
 4 SYSTEMPATH\Boot.php(417): CodeIgniter\CodeIgniter->run()
 5 SYSTEMPATH\Boot.php(68): CodeIgniter\Boot::runCodeIgniter(Object(CodeIgniter\CodeIgniter))
 6 FCPATH\index.php(59): CodeIgniter\Boot::bootWeb(Object(Config\Paths))
WARNING - 2026-04-27 02:26:08 --> [DEPRECATED] Creation of dynamic property App\Controllers\Kriteria::$model is deprecated in APPPATH\Controllers\Kriteria.php on line 10.
 1 SYSTEMPATH\CodeIgniter.php(921): App\Controllers\Kriteria->__construct()
 2 SYSTEMPATH\CodeIgniter.php(488): CodeIgniter\CodeIgniter->createController()
 3 SYSTEMPATH\CodeIgniter.php(340): CodeIgniter\CodeIgniter->handleRequest(null, Object(Config\Cache), false)
 4 SYSTEMPATH\Boot.php(417): CodeIgniter\CodeIgniter->run()
 5 SYSTEMPATH\Boot.php(68): CodeIgniter\Boot::runCodeIgniter(Object(CodeIgniter\CodeIgniter))
 6 FCPATH\index.php(59): CodeIgniter\Boot::bootWeb(Object(Config\Paths))
WARNING - 2026-04-27 02:26:08 --> [DEPRECATED] Creation of dynamic property App\Controllers\Kriteria::$model is deprecated in APPPATH\Controllers\Kriteria.php on line 10.
 1 SYSTEMPATH\CodeIgniter.php(921): App\Controllers\Kriteria->__construct()
 2 SYSTEMPATH\CodeIgniter.php(488): CodeIgniter\CodeIgniter->createController()
 3 SYSTEMPATH\CodeIgniter.php(340): CodeIgniter\CodeIgniter->handleRequest(null, Object(Config\Cache), false)
 4 SYSTEMPATH\Boot.php(417): CodeIgniter\CodeIgniter->run()
 5 SYSTEMPATH\Boot.php(68): CodeIgniter\Boot::runCodeIgniter(Object(CodeIgniter\CodeIgniter))
 6 FCPATH\index.php(59): CodeIgniter\Boot::bootWeb(Object(Config\Paths))
WARNING - 2026-04-27 02:26:08 --> [DEPRECATED] Creation of dynamic property App\Controllers\Kriteria::$model is deprecated in APPPATH\Controllers\Kriteria.php on line 10.
 1 SYSTEMPATH\CodeIgniter.php(921): App\Controllers\Kriteria->__construct()
 2 SYSTEMPATH\CodeIgniter.php(488): CodeIgniter\CodeIgniter->createController()
 3 SYSTEMPATH\CodeIgniter.php(340): CodeIgniter\CodeIgniter->handleRequest(null, Object(Config\Cache), false)
 4 SYSTEMPATH\Boot.php(417): CodeIgniter\CodeIgniter->run()
 5 SYSTEMPATH\Boot.php(68): CodeIgniter\Boot::runCodeIgniter(Object(CodeIgniter\CodeIgniter))
 6 FCPATH\index.php(59): CodeIgniter\Boot::bootWeb(Object(Config\Paths))
WARNING - 2026-04-27 02:26:15 --> [DEPRECATED] Creation of dynamic property App\Controllers\Kriteria::$model is deprecated in APPPATH\Controllers\Kriteria.php on line 10.
 1 SYSTEMPATH\CodeIgniter.php(921): App\Controllers\Kriteria->__construct()
 2 SYSTEMPATH\CodeIgniter.php(488): CodeIgniter\CodeIgniter->createController()
 3 SYSTEMPATH\CodeIgniter.php(340): CodeIgniter\CodeIgniter->handleRequest(null, Object(Config\Cache), false)
 4 SYSTEMPATH\Boot.php(417): CodeIgniter\CodeIgniter->run()
 5 SYSTEMPATH\Boot.php(68): CodeIgniter\Boot::runCodeIgniter(Object(CodeIgniter\CodeIgniter))
 6 FCPATH\index.php(59): CodeIgniter\Boot::bootWeb(Object(Config\Paths))
WARNING - 2026-04-27 02:26:17 --> [DEPRECATED] Creation of dynamic property App\Controllers\Kriteria::$model is deprecated in APPPATH\Controllers\Kriteria.php on line 10.
 1 SYSTEMPATH\CodeIgniter.php(921): App\Controllers\Kriteria->__construct()
 2 SYSTEMPATH\CodeIgniter.php(488): CodeIgniter\CodeIgniter->createController()
 3 SYSTEMPATH\CodeIgniter.php(340): CodeIgniter\CodeIgniter->handleRequest(null, Object(Config\Cache), false)
 4 SYSTEMPATH\Boot.php(417): CodeIgniter\CodeIgniter->run()
 5 SYSTEMPATH\Boot.php(68): CodeIgniter\Boot::runCodeIgniter(Object(CodeIgniter\CodeIgniter))
 6 FCPATH\index.php(59): CodeIgniter\Boot::bootWeb(Object(Config\Paths))
WARNING - 2026-04-27 02:26:17 --> [DEPRECATED] Creation of dynamic property App\Controllers\Kriteria::$model is deprecated in APPPATH\Controllers\Kriteria.php on line 10.
 1 SYSTEMPATH\CodeIgniter.php(921): App\Controllers\Kriteria->__construct()
 2 SYSTEMPATH\CodeIgniter.php(488): CodeIgniter\CodeIgniter->createController()
 3 SYSTEMPATH\CodeIgniter.php(340): CodeIgniter\CodeIgniter->handleRequest(null, Object(Config\Cache), false)
 4 SYSTEMPATH\Boot.php(417): CodeIgniter\CodeIgniter->run()
 5 SYSTEMPATH\Boot.php(68): CodeIgniter\Boot::runCodeIgniter(Object(CodeIgniter\CodeIgniter))
 6 FCPATH\index.php(59): CodeIgniter\Boot::bootWeb(Object(Config\Paths))
WARNING - 2026-04-27 02:26:17 --> [DEPRECATED] Creation of dynamic property App\Controllers\Kriteria::$model is deprecated in APPPATH\Controllers\Kriteria.php on line 10.
 1 SYSTEMPATH\CodeIgniter.php(921): App\Controllers\Kriteria->__construct()
 2 SYSTEMPATH\CodeIgniter.php(488): CodeIgniter\CodeIgniter->createController()
 3 SYSTEMPATH\CodeIgniter.php(340): CodeIgniter\CodeIgniter->handleRequest(null, Object(Config\Cache), false)
 4 SYSTEMPATH\Boot.php(417): CodeIgniter\CodeIgniter->run()
 5 SYSTEMPATH\Boot.php(68): CodeIgniter\Boot::runCodeIgniter(Object(CodeIgniter\CodeIgniter))
 6 FCPATH\index.php(59): CodeIgniter\Boot::bootWeb(Object(Config\Paths))
WARNING - 2026-04-27 02:27:00 --> [DEPRECATED] Creation of dynamic property App\Controllers\Kriteria::$model is deprecated in APPPATH\Controllers\Kriteria.php on line 10.
 1 SYSTEMPATH\CodeIgniter.php(921): App\Controllers\Kriteria->__construct()
 2 SYSTEMPATH\CodeIgniter.php(488): CodeIgniter\CodeIgniter->createController()
 3 SYSTEMPATH\CodeIgniter.php(340): CodeIgniter\CodeIgniter->handleRequest(null, Object(Config\Cache), false)
 4 SYSTEMPATH\Boot.php(417): CodeIgniter\CodeIgniter->run()
 5 SYSTEMPATH\Boot.php(68): CodeIgniter\Boot::runCodeIgniter(Object(CodeIgniter\CodeIgniter))
 6 FCPATH\index.php(59): CodeIgniter\Boot::bootWeb(Object(Config\Paths))
WARNING - 2026-04-27 02:27:01 --> [DEPRECATED] Creation of dynamic property App\Controllers\Kriteria::$model is deprecated in APPPATH\Controllers\Kriteria.php on line 10.
 1 SYSTEMPATH\CodeIgniter.php(921): App\Controllers\Kriteria->__construct()
 2 SYSTEMPATH\CodeIgniter.php(488): CodeIgniter\CodeIgniter->createController()
 3 SYSTEMPATH\CodeIgniter.php(340): CodeIgniter\CodeIgniter->handleRequest(null, Object(Config\Cache), false)
 4 SYSTEMPATH\Boot.php(417): CodeIgniter\CodeIgniter->run()
 5 SYSTEMPATH\Boot.php(68): CodeIgniter\Boot::runCodeIgniter(Object(CodeIgniter\CodeIgniter))
 6 FCPATH\index.php(59): CodeIgniter\Boot::bootWeb(Object(Config\Paths))
WARNING - 2026-04-27 02:27:02 --> [DEPRECATED] Creation of dynamic property App\Controllers\Kriteria::$model is deprecated in APPPATH\Controllers\Kriteria.php on line 10.
 1 SYSTEMPATH\CodeIgniter.php(921): App\Controllers\Kriteria->__construct()
 2 SYSTEMPATH\CodeIgniter.php(488): CodeIgniter\CodeIgniter->createController()
 3 SYSTEMPATH\CodeIgniter.php(340): CodeIgniter\CodeIgniter->handleRequest(null, Object(Config\Cache), false)
 4 SYSTEMPATH\Boot.php(417): CodeIgniter\CodeIgniter->run()
 5 SYSTEMPATH\Boot.php(68): CodeIgniter\Boot::runCodeIgniter(Object(CodeIgniter\CodeIgniter))
 6 FCPATH\index.php(59): CodeIgniter\Boot::bootWeb(Object(Config\Paths))
WARNING - 2026-04-27 02:27:02 --> [DEPRECATED] Creation of dynamic property App\Controllers\Kriteria::$model is deprecated in APPPATH\Controllers\Kriteria.php on line 10.
 1 SYSTEMPATH\CodeIgniter.php(921): App\Controllers\Kriteria->__construct()
 2 SYSTEMPATH\CodeIgniter.php(488): CodeIgniter\CodeIgniter->createController()
 3 SYSTEMPATH\CodeIgniter.php(340): CodeIgniter\CodeIgniter->handleRequest(null, Object(Config\Cache), false)
 4 SYSTEMPATH\Boot.php(417): CodeIgniter\CodeIgniter->run()
 5 SYSTEMPATH\Boot.php(68): CodeIgniter\Boot::runCodeIgniter(Object(CodeIgniter\CodeIgniter))
 6 FCPATH\index.php(59): CodeIgniter\Boot::bootWeb(Object(Config\Paths))
WARNING - 2026-04-27 02:27:34 --> [DEPRECATED] Creation of dynamic property App\Controllers\Kriteria::$model is deprecated in APPPATH\Controllers\Kriteria.php on line 10.
 1 SYSTEMPATH\CodeIgniter.php(921): App\Controllers\Kriteria->__construct()
 2 SYSTEMPATH\CodeIgniter.php(488): CodeIgniter\CodeIgniter->createController()
 3 SYSTEMPATH\CodeIgniter.php(340): CodeIgniter\CodeIgniter->handleRequest(null, Object(Config\Cache), false)
 4 SYSTEMPATH\Boot.php(417): CodeIgniter\CodeIgniter->run()
 5 SYSTEMPATH\Boot.php(68): CodeIgniter\Boot::runCodeIgniter(Object(CodeIgniter\CodeIgniter))
 6 FCPATH\index.php(59): CodeIgniter\Boot::bootWeb(Object(Config\Paths))
WARNING - 2026-04-27 02:27:36 --> [DEPRECATED] Creation of dynamic property App\Controllers\Kriteria::$model is deprecated in APPPATH\Controllers\Kriteria.php on line 10.
 1 SYSTEMPATH\CodeIgniter.php(921): App\Controllers\Kriteria->__construct()
 2 SYSTEMPATH\CodeIgniter.php(488): CodeIgniter\CodeIgniter->createController()
 3 SYSTEMPATH\CodeIgniter.php(340): CodeIgniter\CodeIgniter->handleRequest(null, Object(Config\Cache), false)
 4 SYSTEMPATH\Boot.php(417): CodeIgniter\CodeIgniter->run()
 5 SYSTEMPATH\Boot.php(68): CodeIgniter\Boot::runCodeIgniter(Object(CodeIgniter\CodeIgniter))
 6 FCPATH\index.php(59): CodeIgniter\Boot::bootWeb(Object(Config\Paths))
WARNING - 2026-04-27 02:27:36 --> [DEPRECATED] Creation of dynamic property App\Controllers\Kriteria::$model is deprecated in APPPATH\Controllers\Kriteria.php on line 10.
 1 SYSTEMPATH\CodeIgniter.php(921): App\Controllers\Kriteria->__construct()
 2 SYSTEMPATH\CodeIgniter.php(488): CodeIgniter\CodeIgniter->createController()
 3 SYSTEMPATH\CodeIgniter.php(340): CodeIgniter\CodeIgniter->handleRequest(null, Object(Config\Cache), false)
 4 SYSTEMPATH\Boot.php(417): CodeIgniter\CodeIgniter->run()
 5 SYSTEMPATH\Boot.php(68): CodeIgniter\Boot::runCodeIgniter(Object(CodeIgniter\CodeIgniter))
 6 FCPATH\index.php(59): CodeIgniter\Boot::bootWeb(Object(Config\Paths))
WARNING - 2026-04-27 02:27:36 --> [DEPRECATED] Creation of dynamic property App\Controllers\Kriteria::$model is deprecated in APPPATH\Controllers\Kriteria.php on line 10.
 1 SYSTEMPATH\CodeIgniter.php(921): App\Controllers\Kriteria->__construct()
 2 SYSTEMPATH\CodeIgniter.php(488): CodeIgniter\CodeIgniter->createController()
 3 SYSTEMPATH\CodeIgniter.php(340): CodeIgniter\CodeIgniter->handleRequest(null, Object(Config\Cache), false)
 4 SYSTEMPATH\Boot.php(417): CodeIgniter\CodeIgniter->run()
 5 SYSTEMPATH\Boot.php(68): CodeIgniter\Boot::runCodeIgniter(Object(CodeIgniter\CodeIgniter))
 6 FCPATH\index.php(59): CodeIgniter\Boot::bootWeb(Object(Config\Paths))
WARNING - 2026-04-27 02:28:11 --> [DEPRECATED] Creation of dynamic property App\Controllers\Kriteria::$model is deprecated in APPPATH\Controllers\Kriteria.php on line 10.
 1 SYSTEMPATH\CodeIgniter.php(921): App\Controllers\Kriteria->__construct()
 2 SYSTEMPATH\CodeIgniter.php(488): CodeIgniter\CodeIgniter->createController()
 3 SYSTEMPATH\CodeIgniter.php(340): CodeIgniter\CodeIgniter->handleRequest(null, Object(Config\Cache), false)
 4 SYSTEMPATH\Boot.php(417): CodeIgniter\CodeIgniter->run()
 5 SYSTEMPATH\Boot.php(68): CodeIgniter\Boot::runCodeIgniter(Object(CodeIgniter\CodeIgniter))
 6 FCPATH\index.php(59): CodeIgniter\Boot::bootWeb(Object(Config\Paths))
WARNING - 2026-04-27 02:28:13 --> [DEPRECATED] Creation of dynamic property App\Controllers\Kriteria::$model is deprecated in APPPATH\Controllers\Kriteria.php on line 10.
 1 SYSTEMPATH\CodeIgniter.php(921): App\Controllers\Kriteria->__construct()
 2 SYSTEMPATH\CodeIgniter.php(488): CodeIgniter\CodeIgniter->createController()
 3 SYSTEMPATH\CodeIgniter.php(340): CodeIgniter\CodeIgniter->handleRequest(null, Object(Config\Cache), false)
 4 SYSTEMPATH\Boot.php(417): CodeIgniter\CodeIgniter->run()
 5 SYSTEMPATH\Boot.php(68): CodeIgniter\Boot::runCodeIgniter(Object(CodeIgniter\CodeIgniter))
 6 FCPATH\index.php(59): CodeIgniter\Boot::bootWeb(Object(Config\Paths))
WARNING - 2026-04-27 02:28:13 --> [DEPRECATED] Creation of dynamic property App\Controllers\Kriteria::$model is deprecated in APPPATH\Controllers\Kriteria.php on line 10.
 1 SYSTEMPATH\CodeIgniter.php(921): App\Controllers\Kriteria->__construct()
 2 SYSTEMPATH\CodeIgniter.php(488): CodeIgniter\CodeIgniter->createController()
 3 SYSTEMPATH\CodeIgniter.php(340): CodeIgniter\CodeIgniter->handleRequest(null, Object(Config\Cache), false)
 4 SYSTEMPATH\Boot.php(417): CodeIgniter\CodeIgniter->run()
 5 SYSTEMPATH\Boot.php(68): CodeIgniter\Boot::runCodeIgniter(Object(CodeIgniter\CodeIgniter))
 6 FCPATH\index.php(59): CodeIgniter\Boot::bootWeb(Object(Config\Paths))
WARNING - 2026-04-27 02:28:13 --> [DEPRECATED] Creation of dynamic property App\Controllers\Kriteria::$model is deprecated in APPPATH\Controllers\Kriteria.php on line 10.
 1 SYSTEMPATH\CodeIgniter.php(921): App\Controllers\Kriteria->__construct()
 2 SYSTEMPATH\CodeIgniter.php(488): CodeIgniter\CodeIgniter->createController()
 3 SYSTEMPATH\CodeIgniter.php(340): CodeIgniter\CodeIgniter->handleRequest(null, Object(Config\Cache), false)
 4 SYSTEMPATH\Boot.php(417): CodeIgniter\CodeIgniter->run()
 5 SYSTEMPATH\Boot.php(68): CodeIgniter\Boot::runCodeIgniter(Object(CodeIgniter\CodeIgniter))
 6 FCPATH\index.php(59): CodeIgniter\Boot::bootWeb(Object(Config\Paths))
WARNING - 2026-04-27 02:28:25 --> [DEPRECATED] Creation of dynamic property App\Controllers\Kriteria::$model is deprecated in APPPATH\Controllers\Kriteria.php on line 10.
 1 SYSTEMPATH\CodeIgniter.php(921): App\Controllers\Kriteria->__construct()
 2 SYSTEMPATH\CodeIgniter.php(488): CodeIgniter\CodeIgniter->createController()
 3 SYSTEMPATH\CodeIgniter.php(340): CodeIgniter\CodeIgniter->handleRequest(null, Object(Config\Cache), false)
 4 SYSTEMPATH\Boot.php(417): CodeIgniter\CodeIgniter->run()
 5 SYSTEMPATH\Boot.php(68): CodeIgniter\Boot::runCodeIgniter(Object(CodeIgniter\CodeIgniter))
 6 FCPATH\index.php(59): CodeIgniter\Boot::bootWeb(Object(Config\Paths))
WARNING - 2026-04-27 02:28:27 --> [DEPRECATED] Creation of dynamic property App\Controllers\Kriteria::$model is deprecated in APPPATH\Controllers\Kriteria.php on line 10.
 1 SYSTEMPATH\CodeIgniter.php(921): App\Controllers\Kriteria->__construct()
 2 SYSTEMPATH\CodeIgniter.php(488): CodeIgniter\CodeIgniter->createController()
 3 SYSTEMPATH\CodeIgniter.php(340): CodeIgniter\CodeIgniter->handleRequest(null, Object(Config\Cache), false)
 4 SYSTEMPATH\Boot.php(417): CodeIgniter\CodeIgniter->run()
 5 SYSTEMPATH\Boot.php(68): CodeIgniter\Boot::runCodeIgniter(Object(CodeIgniter\CodeIgniter))
 6 FCPATH\index.php(59): CodeIgniter\Boot::bootWeb(Object(Config\Paths))
WARNING - 2026-04-27 02:28:27 --> [DEPRECATED] Creation of dynamic property App\Controllers\Kriteria::$model is deprecated in APPPATH\Controllers\Kriteria.php on line 10.
 1 SYSTEMPATH\CodeIgniter.php(921): App\Controllers\Kriteria->__construct()
 2 SYSTEMPATH\CodeIgniter.php(488): CodeIgniter\CodeIgniter->createController()
 3 SYSTEMPATH\CodeIgniter.php(340): CodeIgniter\CodeIgniter->handleRequest(null, Object(Config\Cache), false)
 4 SYSTEMPATH\Boot.php(417): CodeIgniter\CodeIgniter->run()
 5 SYSTEMPATH\Boot.php(68): CodeIgniter\Boot::runCodeIgniter(Object(CodeIgniter\CodeIgniter))
 6 FCPATH\index.php(59): CodeIgniter\Boot::bootWeb(Object(Config\Paths))
WARNING - 2026-04-27 02:28:27 --> [DEPRECATED] Creation of dynamic property App\Controllers\Kriteria::$model is deprecated in APPPATH\Controllers\Kriteria.php on line 10.
 1 SYSTEMPATH\CodeIgniter.php(921): App\Controllers\Kriteria->__construct()
 2 SYSTEMPATH\CodeIgniter.php(488): CodeIgniter\CodeIgniter->createController()
 3 SYSTEMPATH\CodeIgniter.php(340): CodeIgniter\CodeIgniter->handleRequest(null, Object(Config\Cache), false)
 4 SYSTEMPATH\Boot.php(417): CodeIgniter\CodeIgniter->run()
 5 SYSTEMPATH\Boot.php(68): CodeIgniter\Boot::runCodeIgniter(Object(CodeIgniter\CodeIgniter))
 6 FCPATH\index.php(59): CodeIgniter\Boot::bootWeb(Object(Config\Paths))
WARNING - 2026-04-27 02:30:19 --> [DEPRECATED] Creation of dynamic property App\Controllers\Kriteria::$model is deprecated in APPPATH\Controllers\Kriteria.php on line 10.
 1 SYSTEMPATH\CodeIgniter.php(921): App\Controllers\Kriteria->__construct()
 2 SYSTEMPATH\CodeIgniter.php(488): CodeIgniter\CodeIgniter->createController()
 3 SYSTEMPATH\CodeIgniter.php(340): CodeIgniter\CodeIgniter->handleRequest(null, Object(Config\Cache), false)
 4 SYSTEMPATH\Boot.php(417): CodeIgniter\CodeIgniter->run()
 5 SYSTEMPATH\Boot.php(68): CodeIgniter\Boot::runCodeIgniter(Object(CodeIgniter\CodeIgniter))
 6 FCPATH\index.php(59): CodeIgniter\Boot::bootWeb(Object(Config\Paths))
WARNING - 2026-04-27 02:30:21 --> [DEPRECATED] Creation of dynamic property App\Controllers\Kriteria::$model is deprecated in APPPATH\Controllers\Kriteria.php on line 10.
 1 SYSTEMPATH\CodeIgniter.php(921): App\Controllers\Kriteria->__construct()
 2 SYSTEMPATH\CodeIgniter.php(488): CodeIgniter\CodeIgniter->createController()
 3 SYSTEMPATH\CodeIgniter.php(340): CodeIgniter\CodeIgniter->handleRequest(null, Object(Config\Cache), false)
 4 SYSTEMPATH\Boot.php(417): CodeIgniter\CodeIgniter->run()
 5 SYSTEMPATH\Boot.php(68): CodeIgniter\Boot::runCodeIgniter(Object(CodeIgniter\CodeIgniter))
 6 FCPATH\index.php(59): CodeIgniter\Boot::bootWeb(Object(Config\Paths))
WARNING - 2026-04-27 02:30:21 --> [DEPRECATED] Creation of dynamic property App\Controllers\Kriteria::$model is deprecated in APPPATH\Controllers\Kriteria.php on line 10.
 1 SYSTEMPATH\CodeIgniter.php(921): App\Controllers\Kriteria->__construct()
 2 SYSTEMPATH\CodeIgniter.php(488): CodeIgniter\CodeIgniter->createController()
 3 SYSTEMPATH\CodeIgniter.php(340): CodeIgniter\CodeIgniter->handleRequest(null, Object(Config\Cache), false)
 4 SYSTEMPATH\Boot.php(417): CodeIgniter\CodeIgniter->run()
 5 SYSTEMPATH\Boot.php(68): CodeIgniter\Boot::runCodeIgniter(Object(CodeIgniter\CodeIgniter))
 6 FCPATH\index.php(59): CodeIgniter\Boot::bootWeb(Object(Config\Paths))
WARNING - 2026-04-27 02:30:21 --> [DEPRECATED] Creation of dynamic property App\Controllers\Kriteria::$model is deprecated in APPPATH\Controllers\Kriteria.php on line 10.
 1 SYSTEMPATH\CodeIgniter.php(921): App\Controllers\Kriteria->__construct()
 2 SYSTEMPATH\CodeIgniter.php(488): CodeIgniter\CodeIgniter->createController()
 3 SYSTEMPATH\CodeIgniter.php(340): CodeIgniter\CodeIgniter->handleRequest(null, Object(Config\Cache), false)
 4 SYSTEMPATH\Boot.php(417): CodeIgniter\CodeIgniter->run()
 5 SYSTEMPATH\Boot.php(68): CodeIgniter\Boot::runCodeIgniter(Object(CodeIgniter\CodeIgniter))
 6 FCPATH\index.php(59): CodeIgniter\Boot::bootWeb(Object(Config\Paths))
WARNING - 2026-04-27 02:31:02 --> [DEPRECATED] Creation of dynamic property App\Controllers\Kriteria::$model is deprecated in APPPATH\Controllers\Kriteria.php on line 10.
 1 SYSTEMPATH\CodeIgniter.php(921): App\Controllers\Kriteria->__construct()
 2 SYSTEMPATH\CodeIgniter.php(488): CodeIgniter\CodeIgniter->createController()
 3 SYSTEMPATH\CodeIgniter.php(340): CodeIgniter\CodeIgniter->handleRequest(null, Object(Config\Cache), false)
 4 SYSTEMPATH\Boot.php(417): CodeIgniter\CodeIgniter->run()
 5 SYSTEMPATH\Boot.php(68): CodeIgniter\Boot::runCodeIgniter(Object(CodeIgniter\CodeIgniter))
 6 FCPATH\index.php(59): CodeIgniter\Boot::bootWeb(Object(Config\Paths))
WARNING - 2026-04-27 02:31:04 --> [DEPRECATED] Creation of dynamic property App\Controllers\Kriteria::$model is deprecated in APPPATH\Controllers\Kriteria.php on line 10.
 1 SYSTEMPATH\CodeIgniter.php(921): App\Controllers\Kriteria->__construct()
 2 SYSTEMPATH\CodeIgniter.php(488): CodeIgniter\CodeIgniter->createController()
 3 SYSTEMPATH\CodeIgniter.php(340): CodeIgniter\CodeIgniter->handleRequest(null, Object(Config\Cache), false)
 4 SYSTEMPATH\Boot.php(417): CodeIgniter\CodeIgniter->run()
 5 SYSTEMPATH\Boot.php(68): CodeIgniter\Boot::runCodeIgniter(Object(CodeIgniter\CodeIgniter))
 6 FCPATH\index.php(59): CodeIgniter\Boot::bootWeb(Object(Config\Paths))
WARNING - 2026-04-27 02:31:04 --> [DEPRECATED] Creation of dynamic property App\Controllers\Kriteria::$model is deprecated in APPPATH\Controllers\Kriteria.php on line 10.
 1 SYSTEMPATH\CodeIgniter.php(921): App\Controllers\Kriteria->__construct()
 2 SYSTEMPATH\CodeIgniter.php(488): CodeIgniter\CodeIgniter->createController()
 3 SYSTEMPATH\CodeIgniter.php(340): CodeIgniter\CodeIgniter->handleRequest(null, Object(Config\Cache), false)
 4 SYSTEMPATH\Boot.php(417): CodeIgniter\CodeIgniter->run()
 5 SYSTEMPATH\Boot.php(68): CodeIgniter\Boot::runCodeIgniter(Object(CodeIgniter\CodeIgniter))
 6 FCPATH\index.php(59): CodeIgniter\Boot::bootWeb(Object(Config\Paths))
WARNING - 2026-04-27 02:31:04 --> [DEPRECATED] Creation of dynamic property App\Controllers\Kriteria::$model is deprecated in APPPATH\Controllers\Kriteria.php on line 10.
 1 SYSTEMPATH\CodeIgniter.php(921): App\Controllers\Kriteria->__construct()
 2 SYSTEMPATH\CodeIgniter.php(488): CodeIgniter\CodeIgniter->createController()
 3 SYSTEMPATH\CodeIgniter.php(340): CodeIgniter\CodeIgniter->handleRequest(null, Object(Config\Cache), false)
 4 SYSTEMPATH\Boot.php(417): CodeIgniter\CodeIgniter->run()
 5 SYSTEMPATH\Boot.php(68): CodeIgniter\Boot::runCodeIgniter(Object(CodeIgniter\CodeIgniter))
 6 FCPATH\index.php(59): CodeIgniter\Boot::bootWeb(Object(Config\Paths))
WARNING - 2026-04-27 02:31:47 --> [DEPRECATED] Creation of dynamic property App\Controllers\Kriteria::$model is deprecated in APPPATH\Controllers\Kriteria.php on line 10.
 1 SYSTEMPATH\CodeIgniter.php(921): App\Controllers\Kriteria->__construct()
 2 SYSTEMPATH\CodeIgniter.php(488): CodeIgniter\CodeIgniter->createController()
 3 SYSTEMPATH\CodeIgniter.php(340): CodeIgniter\CodeIgniter->handleRequest(null, Object(Config\Cache), false)
 4 SYSTEMPATH\Boot.php(417): CodeIgniter\CodeIgniter->run()
 5 SYSTEMPATH\Boot.php(68): CodeIgniter\Boot::runCodeIgniter(Object(CodeIgniter\CodeIgniter))
 6 FCPATH\index.php(59): CodeIgniter\Boot::bootWeb(Object(Config\Paths))
WARNING - 2026-04-27 02:31:48 --> [DEPRECATED] Creation of dynamic property App\Controllers\Kriteria::$model is deprecated in APPPATH\Controllers\Kriteria.php on line 10.
 1 SYSTEMPATH\CodeIgniter.php(921): App\Controllers\Kriteria->__construct()
 2 SYSTEMPATH\CodeIgniter.php(488): CodeIgniter\CodeIgniter->createController()
 3 SYSTEMPATH\CodeIgniter.php(340): CodeIgniter\CodeIgniter->handleRequest(null, Object(Config\Cache), false)
 4 SYSTEMPATH\Boot.php(417): CodeIgniter\CodeIgniter->run()
 5 SYSTEMPATH\Boot.php(68): CodeIgniter\Boot::runCodeIgniter(Object(CodeIgniter\CodeIgniter))
 6 FCPATH\index.php(59): CodeIgniter\Boot::bootWeb(Object(Config\Paths))
WARNING - 2026-04-27 02:31:48 --> [DEPRECATED] Creation of dynamic property App\Controllers\Kriteria::$model is deprecated in APPPATH\Controllers\Kriteria.php on line 10.
 1 SYSTEMPATH\CodeIgniter.php(921): App\Controllers\Kriteria->__construct()
 2 SYSTEMPATH\CodeIgniter.php(488): CodeIgniter\CodeIgniter->createController()
 3 SYSTEMPATH\CodeIgniter.php(340): CodeIgniter\CodeIgniter->handleRequest(null, Object(Config\Cache), false)
 4 SYSTEMPATH\Boot.php(417): CodeIgniter\CodeIgniter->run()
 5 SYSTEMPATH\Boot.php(68): CodeIgniter\Boot::runCodeIgniter(Object(CodeIgniter\CodeIgniter))
 6 FCPATH\index.php(59): CodeIgniter\Boot::bootWeb(Object(Config\Paths))
WARNING - 2026-04-27 02:31:48 --> [DEPRECATED] Creation of dynamic property App\Controllers\Kriteria::$model is deprecated in APPPATH\Controllers\Kriteria.php on line 10.
 1 SYSTEMPATH\CodeIgniter.php(921): App\Controllers\Kriteria->__construct()
 2 SYSTEMPATH\CodeIgniter.php(488): CodeIgniter\CodeIgniter->createController()
 3 SYSTEMPATH\CodeIgniter.php(340): CodeIgniter\CodeIgniter->handleRequest(null, Object(Config\Cache), false)
 4 SYSTEMPATH\Boot.php(417): CodeIgniter\CodeIgniter->run()
 5 SYSTEMPATH\Boot.php(68): CodeIgniter\Boot::runCodeIgniter(Object(CodeIgniter\CodeIgniter))
 6 FCPATH\index.php(59): CodeIgniter\Boot::bootWeb(Object(Config\Paths))
WARNING - 2026-04-27 02:32:31 --> [DEPRECATED] Creation of dynamic property App\Controllers\Kriteria::$model is deprecated in APPPATH\Controllers\Kriteria.php on line 10.
 1 SYSTEMPATH\CodeIgniter.php(921): App\Controllers\Kriteria->__construct()
 2 SYSTEMPATH\CodeIgniter.php(488): CodeIgniter\CodeIgniter->createController()
 3 SYSTEMPATH\CodeIgniter.php(340): CodeIgniter\CodeIgniter->handleRequest(null, Object(Config\Cache), false)
 4 SYSTEMPATH\Boot.php(417): CodeIgniter\CodeIgniter->run()
 5 SYSTEMPATH\Boot.php(68): CodeIgniter\Boot::runCodeIgniter(Object(CodeIgniter\CodeIgniter))
 6 FCPATH\index.php(59): CodeIgniter\Boot::bootWeb(Object(Config\Paths))
WARNING - 2026-04-27 02:32:33 --> [DEPRECATED] Creation of dynamic property App\Controllers\Kriteria::$model is deprecated in APPPATH\Controllers\Kriteria.php on line 10.
 1 SYSTEMPATH\CodeIgniter.php(921): App\Controllers\Kriteria->__construct()
 2 SYSTEMPATH\CodeIgniter.php(488): CodeIgniter\CodeIgniter->createController()
 3 SYSTEMPATH\CodeIgniter.php(340): CodeIgniter\CodeIgniter->handleRequest(null, Object(Config\Cache), false)
 4 SYSTEMPATH\Boot.php(417): CodeIgniter\CodeIgniter->run()
 5 SYSTEMPATH\Boot.php(68): CodeIgniter\Boot::runCodeIgniter(Object(CodeIgniter\CodeIgniter))
 6 FCPATH\index.php(59): CodeIgniter\Boot::bootWeb(Object(Config\Paths))
WARNING - 2026-04-27 02:32:33 --> [DEPRECATED] Creation of dynamic property App\Controllers\Kriteria::$model is deprecated in APPPATH\Controllers\Kriteria.php on line 10.
 1 SYSTEMPATH\CodeIgniter.php(921): App\Controllers\Kriteria->__construct()
 2 SYSTEMPATH\CodeIgniter.php(488): CodeIgniter\CodeIgniter->createController()
 3 SYSTEMPATH\CodeIgniter.php(340): CodeIgniter\CodeIgniter->handleRequest(null, Object(Config\Cache), false)
 4 SYSTEMPATH\Boot.php(417): CodeIgniter\CodeIgniter->run()
 5 SYSTEMPATH\Boot.php(68): CodeIgniter\Boot::runCodeIgniter(Object(CodeIgniter\CodeIgniter))
 6 FCPATH\index.php(59): CodeIgniter\Boot::bootWeb(Object(Config\Paths))
WARNING - 2026-04-27 02:32:33 --> [DEPRECATED] Creation of dynamic property App\Controllers\Kriteria::$model is deprecated in APPPATH\Controllers\Kriteria.php on line 10.
 1 SYSTEMPATH\CodeIgniter.php(921): App\Controllers\Kriteria->__construct()
 2 SYSTEMPATH\CodeIgniter.php(488): CodeIgniter\CodeIgniter->createController()
 3 SYSTEMPATH\CodeIgniter.php(340): CodeIgniter\CodeIgniter->handleRequest(null, Object(Config\Cache), false)
 4 SYSTEMPATH\Boot.php(417): CodeIgniter\CodeIgniter->run()
 5 SYSTEMPATH\Boot.php(68): CodeIgniter\Boot::runCodeIgniter(Object(CodeIgniter\CodeIgniter))
 6 FCPATH\index.php(59): CodeIgniter\Boot::bootWeb(Object(Config\Paths))
WARNING - 2026-04-27 02:33:24 --> [DEPRECATED] Creation of dynamic property App\Controllers\Kriteria::$model is deprecated in APPPATH\Controllers\Kriteria.php on line 10.
 1 SYSTEMPATH\CodeIgniter.php(921): App\Controllers\Kriteria->__construct()
 2 SYSTEMPATH\CodeIgniter.php(488): CodeIgniter\CodeIgniter->createController()
 3 SYSTEMPATH\CodeIgniter.php(340): CodeIgniter\CodeIgniter->handleRequest(null, Object(Config\Cache), false)
 4 SYSTEMPATH\Boot.php(417): CodeIgniter\CodeIgniter->run()
 5 SYSTEMPATH\Boot.php(68): CodeIgniter\Boot::runCodeIgniter(Object(CodeIgniter\CodeIgniter))
 6 FCPATH\index.php(59): CodeIgniter\Boot::bootWeb(Object(Config\Paths))
WARNING - 2026-04-27 02:33:25 --> [DEPRECATED] Creation of dynamic property App\Controllers\Kriteria::$model is deprecated in APPPATH\Controllers\Kriteria.php on line 10.
 1 SYSTEMPATH\CodeIgniter.php(921): App\Controllers\Kriteria->__construct()
 2 SYSTEMPATH\CodeIgniter.php(488): CodeIgniter\CodeIgniter->createController()
 3 SYSTEMPATH\CodeIgniter.php(340): CodeIgniter\CodeIgniter->handleRequest(null, Object(Config\Cache), false)
 4 SYSTEMPATH\Boot.php(417): CodeIgniter\CodeIgniter->run()
 5 SYSTEMPATH\Boot.php(68): CodeIgniter\Boot::runCodeIgniter(Object(CodeIgniter\CodeIgniter))
 6 FCPATH\index.php(59): CodeIgniter\Boot::bootWeb(Object(Config\Paths))
WARNING - 2026-04-27 02:33:25 --> [DEPRECATED] Creation of dynamic property App\Controllers\Kriteria::$model is deprecated in APPPATH\Controllers\Kriteria.php on line 10.
 1 SYSTEMPATH\CodeIgniter.php(921): App\Controllers\Kriteria->__construct()
 2 SYSTEMPATH\CodeIgniter.php(488): CodeIgniter\CodeIgniter->createController()
 3 SYSTEMPATH\CodeIgniter.php(340): CodeIgniter\CodeIgniter->handleRequest(null, Object(Config\Cache), false)
 4 SYSTEMPATH\Boot.php(417): CodeIgniter\CodeIgniter->run()
 5 SYSTEMPATH\Boot.php(68): CodeIgniter\Boot::runCodeIgniter(Object(CodeIgniter\CodeIgniter))
 6 FCPATH\index.php(59): CodeIgniter\Boot::bootWeb(Object(Config\Paths))
WARNING - 2026-04-27 02:33:25 --> [DEPRECATED] Creation of dynamic property App\Controllers\Kriteria::$model is deprecated in APPPATH\Controllers\Kriteria.php on line 10.
 1 SYSTEMPATH\CodeIgniter.php(921): App\Controllers\Kriteria->__construct()
 2 SYSTEMPATH\CodeIgniter.php(488): CodeIgniter\CodeIgniter->createController()
 3 SYSTEMPATH\CodeIgniter.php(340): CodeIgniter\CodeIgniter->handleRequest(null, Object(Config\Cache), false)
 4 SYSTEMPATH\Boot.php(417): CodeIgniter\CodeIgniter->run()
 5 SYSTEMPATH\Boot.php(68): CodeIgniter\Boot::runCodeIgniter(Object(CodeIgniter\CodeIgniter))
 6 FCPATH\index.php(59): CodeIgniter\Boot::bootWeb(Object(Config\Paths))
WARNING - 2026-04-27 02:33:55 --> [DEPRECATED] Creation of dynamic property App\Controllers\Kriteria::$model is deprecated in APPPATH\Controllers\Kriteria.php on line 10.
 1 SYSTEMPATH\CodeIgniter.php(921): App\Controllers\Kriteria->__construct()
 2 SYSTEMPATH\CodeIgniter.php(488): CodeIgniter\CodeIgniter->createController()
 3 SYSTEMPATH\CodeIgniter.php(340): CodeIgniter\CodeIgniter->handleRequest(null, Object(Config\Cache), false)
 4 SYSTEMPATH\Boot.php(417): CodeIgniter\CodeIgniter->run()
 5 SYSTEMPATH\Boot.php(68): CodeIgniter\Boot::runCodeIgniter(Object(CodeIgniter\CodeIgniter))
 6 FCPATH\index.php(59): CodeIgniter\Boot::bootWeb(Object(Config\Paths))
WARNING - 2026-04-27 02:33:57 --> [DEPRECATED] Creation of dynamic property App\Controllers\Kriteria::$model is deprecated in APPPATH\Controllers\Kriteria.php on line 10.
 1 SYSTEMPATH\CodeIgniter.php(921): App\Controllers\Kriteria->__construct()
 2 SYSTEMPATH\CodeIgniter.php(488): CodeIgniter\CodeIgniter->createController()
 3 SYSTEMPATH\CodeIgniter.php(340): CodeIgniter\CodeIgniter->handleRequest(null, Object(Config\Cache), false)
 4 SYSTEMPATH\Boot.php(417): CodeIgniter\CodeIgniter->run()
 5 SYSTEMPATH\Boot.php(68): CodeIgniter\Boot::runCodeIgniter(Object(CodeIgniter\CodeIgniter))
 6 FCPATH\index.php(59): CodeIgniter\Boot::bootWeb(Object(Config\Paths))
WARNING - 2026-04-27 02:33:57 --> [DEPRECATED] Creation of dynamic property App\Controllers\Kriteria::$model is deprecated in APPPATH\Controllers\Kriteria.php on line 10.
 1 SYSTEMPATH\CodeIgniter.php(921): App\Controllers\Kriteria->__construct()
 2 SYSTEMPATH\CodeIgniter.php(488): CodeIgniter\CodeIgniter->createController()
 3 SYSTEMPATH\CodeIgniter.php(340): CodeIgniter\CodeIgniter->handleRequest(null, Object(Config\Cache), false)
 4 SYSTEMPATH\Boot.php(417): CodeIgniter\CodeIgniter->run()
 5 SYSTEMPATH\Boot.php(68): CodeIgniter\Boot::runCodeIgniter(Object(CodeIgniter\CodeIgniter))
 6 FCPATH\index.php(59): CodeIgniter\Boot::bootWeb(Object(Config\Paths))
WARNING - 2026-04-27 02:33:57 --> [DEPRECATED] Creation of dynamic property App\Controllers\Kriteria::$model is deprecated in APPPATH\Controllers\Kriteria.php on line 10.
 1 SYSTEMPATH\CodeIgniter.php(921): App\Controllers\Kriteria->__construct()
 2 SYSTEMPATH\CodeIgniter.php(488): CodeIgniter\CodeIgniter->createController()
 3 SYSTEMPATH\CodeIgniter.php(340): CodeIgniter\CodeIgniter->handleRequest(null, Object(Config\Cache), false)
 4 SYSTEMPATH\Boot.php(417): CodeIgniter\CodeIgniter->run()
 5 SYSTEMPATH\Boot.php(68): CodeIgniter\Boot::runCodeIgniter(Object(CodeIgniter\CodeIgniter))
 6 FCPATH\index.php(59): CodeIgniter\Boot::bootWeb(Object(Config\Paths))
WARNING - 2026-04-27 02:34:37 --> [DEPRECATED] Creation of dynamic property App\Controllers\Kriteria::$model is deprecated in APPPATH\Controllers\Kriteria.php on line 10.
 1 SYSTEMPATH\CodeIgniter.php(921): App\Controllers\Kriteria->__construct()
 2 SYSTEMPATH\CodeIgniter.php(488): CodeIgniter\CodeIgniter->createController()
 3 SYSTEMPATH\CodeIgniter.php(340): CodeIgniter\CodeIgniter->handleRequest(null, Object(Config\Cache), false)
 4 SYSTEMPATH\Boot.php(417): CodeIgniter\CodeIgniter->run()
 5 SYSTEMPATH\Boot.php(68): CodeIgniter\Boot::runCodeIgniter(Object(CodeIgniter\CodeIgniter))
 6 FCPATH\index.php(59): CodeIgniter\Boot::bootWeb(Object(Config\Paths))
WARNING - 2026-04-27 02:34:39 --> [DEPRECATED] Creation of dynamic property App\Controllers\Kriteria::$model is deprecated in APPPATH\Controllers\Kriteria.php on line 10.
 1 SYSTEMPATH\CodeIgniter.php(921): App\Controllers\Kriteria->__construct()
 2 SYSTEMPATH\CodeIgniter.php(488): CodeIgniter\CodeIgniter->createController()
 3 SYSTEMPATH\CodeIgniter.php(340): CodeIgniter\CodeIgniter->handleRequest(null, Object(Config\Cache), false)
 4 SYSTEMPATH\Boot.php(417): CodeIgniter\CodeIgniter->run()
 5 SYSTEMPATH\Boot.php(68): CodeIgniter\Boot::runCodeIgniter(Object(CodeIgniter\CodeIgniter))
 6 FCPATH\index.php(59): CodeIgniter\Boot::bootWeb(Object(Config\Paths))
WARNING - 2026-04-27 02:34:39 --> [DEPRECATED] Creation of dynamic property App\Controllers\Kriteria::$model is deprecated in APPPATH\Controllers\Kriteria.php on line 10.
 1 SYSTEMPATH\CodeIgniter.php(921): App\Controllers\Kriteria->__construct()
 2 SYSTEMPATH\CodeIgniter.php(488): CodeIgniter\CodeIgniter->createController()
 3 SYSTEMPATH\CodeIgniter.php(340): CodeIgniter\CodeIgniter->handleRequest(null, Object(Config\Cache), false)
 4 SYSTEMPATH\Boot.php(417): CodeIgniter\CodeIgniter->run()
 5 SYSTEMPATH\Boot.php(68): CodeIgniter\Boot::runCodeIgniter(Object(CodeIgniter\CodeIgniter))
 6 FCPATH\index.php(59): CodeIgniter\Boot::bootWeb(Object(Config\Paths))
WARNING - 2026-04-27 02:34:39 --> [DEPRECATED] Creation of dynamic property App\Controllers\Kriteria::$model is deprecated in APPPATH\Controllers\Kriteria.php on line 10.
 1 SYSTEMPATH\CodeIgniter.php(921): App\Controllers\Kriteria->__construct()
 2 SYSTEMPATH\CodeIgniter.php(488): CodeIgniter\CodeIgniter->createController()
 3 SYSTEMPATH\CodeIgniter.php(340): CodeIgniter\CodeIgniter->handleRequest(null, Object(Config\Cache), false)
 4 SYSTEMPATH\Boot.php(417): CodeIgniter\CodeIgniter->run()
 5 SYSTEMPATH\Boot.php(68): CodeIgniter\Boot::runCodeIgniter(Object(CodeIgniter\CodeIgniter))
 6 FCPATH\index.php(59): CodeIgniter\Boot::bootWeb(Object(Config\Paths))
WARNING - 2026-04-27 02:34:50 --> [DEPRECATED] Creation of dynamic property App\Controllers\Kriteria::$model is deprecated in APPPATH\Controllers\Kriteria.php on line 10.
 1 SYSTEMPATH\CodeIgniter.php(921): App\Controllers\Kriteria->__construct()
 2 SYSTEMPATH\CodeIgniter.php(488): CodeIgniter\CodeIgniter->createController()
 3 SYSTEMPATH\CodeIgniter.php(340): CodeIgniter\CodeIgniter->handleRequest(null, Object(Config\Cache), false)
 4 SYSTEMPATH\Boot.php(417): CodeIgniter\CodeIgniter->run()
 5 SYSTEMPATH\Boot.php(68): CodeIgniter\Boot::runCodeIgniter(Object(CodeIgniter\CodeIgniter))
 6 FCPATH\index.php(59): CodeIgniter\Boot::bootWeb(Object(Config\Paths))
WARNING - 2026-04-27 02:34:52 --> [DEPRECATED] Creation of dynamic property App\Controllers\Kriteria::$model is deprecated in APPPATH\Controllers\Kriteria.php on line 10.
 1 SYSTEMPATH\CodeIgniter.php(921): App\Controllers\Kriteria->__construct()
 2 SYSTEMPATH\CodeIgniter.php(488): CodeIgniter\CodeIgniter->createController()
 3 SYSTEMPATH\CodeIgniter.php(340): CodeIgniter\CodeIgniter->handleRequest(null, Object(Config\Cache), false)
 4 SYSTEMPATH\Boot.php(417): CodeIgniter\CodeIgniter->run()
 5 SYSTEMPATH\Boot.php(68): CodeIgniter\Boot::runCodeIgniter(Object(CodeIgniter\CodeIgniter))
 6 FCPATH\index.php(59): CodeIgniter\Boot::bootWeb(Object(Config\Paths))
WARNING - 2026-04-27 02:34:52 --> [DEPRECATED] Creation of dynamic property App\Controllers\Kriteria::$model is deprecated in APPPATH\Controllers\Kriteria.php on line 10.
 1 SYSTEMPATH\CodeIgniter.php(921): App\Controllers\Kriteria->__construct()
 2 SYSTEMPATH\CodeIgniter.php(488): CodeIgniter\CodeIgniter->createController()
 3 SYSTEMPATH\CodeIgniter.php(340): CodeIgniter\CodeIgniter->handleRequest(null, Object(Config\Cache), false)
 4 SYSTEMPATH\Boot.php(417): CodeIgniter\CodeIgniter->run()
 5 SYSTEMPATH\Boot.php(68): CodeIgniter\Boot::runCodeIgniter(Object(CodeIgniter\CodeIgniter))
 6 FCPATH\index.php(59): CodeIgniter\Boot::bootWeb(Object(Config\Paths))
WARNING - 2026-04-27 02:34:52 --> [DEPRECATED] Creation of dynamic property App\Controllers\Kriteria::$model is deprecated in APPPATH\Controllers\Kriteria.php on line 10.
 1 SYSTEMPATH\CodeIgniter.php(921): App\Controllers\Kriteria->__construct()
 2 SYSTEMPATH\CodeIgniter.php(488): CodeIgniter\CodeIgniter->createController()
 3 SYSTEMPATH\CodeIgniter.php(340): CodeIgniter\CodeIgniter->handleRequest(null, Object(Config\Cache), false)
 4 SYSTEMPATH\Boot.php(417): CodeIgniter\CodeIgniter->run()
 5 SYSTEMPATH\Boot.php(68): CodeIgniter\Boot::runCodeIgniter(Object(CodeIgniter\CodeIgniter))
 6 FCPATH\index.php(59): CodeIgniter\Boot::bootWeb(Object(Config\Paths))
WARNING - 2026-04-27 02:36:57 --> [DEPRECATED] Creation of dynamic property App\Controllers\Kriteria::$model is deprecated in APPPATH\Controllers\Kriteria.php on line 10.
 1 SYSTEMPATH\CodeIgniter.php(921): App\Controllers\Kriteria->__construct()
 2 SYSTEMPATH\CodeIgniter.php(488): CodeIgniter\CodeIgniter->createController()
 3 SYSTEMPATH\CodeIgniter.php(340): CodeIgniter\CodeIgniter->handleRequest(null, Object(Config\Cache), false)
 4 SYSTEMPATH\Boot.php(417): CodeIgniter\CodeIgniter->run()
 5 SYSTEMPATH\Boot.php(68): CodeIgniter\Boot::runCodeIgniter(Object(CodeIgniter\CodeIgniter))
 6 FCPATH\index.php(59): CodeIgniter\Boot::bootWeb(Object(Config\Paths))
WARNING - 2026-04-27 02:36:59 --> [DEPRECATED] Creation of dynamic property App\Controllers\Kriteria::$model is deprecated in APPPATH\Controllers\Kriteria.php on line 10.
 1 SYSTEMPATH\CodeIgniter.php(921): App\Controllers\Kriteria->__construct()
 2 SYSTEMPATH\CodeIgniter.php(488): CodeIgniter\CodeIgniter->createController()
 3 SYSTEMPATH\CodeIgniter.php(340): CodeIgniter\CodeIgniter->handleRequest(null, Object(Config\Cache), false)
 4 SYSTEMPATH\Boot.php(417): CodeIgniter\CodeIgniter->run()
 5 SYSTEMPATH\Boot.php(68): CodeIgniter\Boot::runCodeIgniter(Object(CodeIgniter\CodeIgniter))
 6 FCPATH\index.php(59): CodeIgniter\Boot::bootWeb(Object(Config\Paths))
WARNING - 2026-04-27 02:36:59 --> [DEPRECATED] Creation of dynamic property App\Controllers\Kriteria::$model is deprecated in APPPATH\Controllers\Kriteria.php on line 10.
 1 SYSTEMPATH\CodeIgniter.php(921): App\Controllers\Kriteria->__construct()
 2 SYSTEMPATH\CodeIgniter.php(488): CodeIgniter\CodeIgniter->createController()
 3 SYSTEMPATH\CodeIgniter.php(340): CodeIgniter\CodeIgniter->handleRequest(null, Object(Config\Cache), false)
 4 SYSTEMPATH\Boot.php(417): CodeIgniter\CodeIgniter->run()
 5 SYSTEMPATH\Boot.php(68): CodeIgniter\Boot::runCodeIgniter(Object(CodeIgniter\CodeIgniter))
 6 FCPATH\index.php(59): CodeIgniter\Boot::bootWeb(Object(Config\Paths))
WARNING - 2026-04-27 02:36:59 --> [DEPRECATED] Creation of dynamic property App\Controllers\Kriteria::$model is deprecated in APPPATH\Controllers\Kriteria.php on line 10.
 1 SYSTEMPATH\CodeIgniter.php(921): App\Controllers\Kriteria->__construct()
 2 SYSTEMPATH\CodeIgniter.php(488): CodeIgniter\CodeIgniter->createController()
 3 SYSTEMPATH\CodeIgniter.php(340): CodeIgniter\CodeIgniter->handleRequest(null, Object(Config\Cache), false)
 4 SYSTEMPATH\Boot.php(417): CodeIgniter\CodeIgniter->run()
 5 SYSTEMPATH\Boot.php(68): CodeIgniter\Boot::runCodeIgniter(Object(CodeIgniter\CodeIgniter))
 6 FCPATH\index.php(59): CodeIgniter\Boot::bootWeb(Object(Config\Paths))
WARNING - 2026-04-27 02:37:30 --> [DEPRECATED] Creation of dynamic property App\Controllers\Kriteria::$model is deprecated in APPPATH\Controllers\Kriteria.php on line 10.
 1 SYSTEMPATH\CodeIgniter.php(921): App\Controllers\Kriteria->__construct()
 2 SYSTEMPATH\CodeIgniter.php(488): CodeIgniter\CodeIgniter->createController()
 3 SYSTEMPATH\CodeIgniter.php(340): CodeIgniter\CodeIgniter->handleRequest(null, Object(Config\Cache), false)
 4 SYSTEMPATH\Boot.php(417): CodeIgniter\CodeIgniter->run()
 5 SYSTEMPATH\Boot.php(68): CodeIgniter\Boot::runCodeIgniter(Object(CodeIgniter\CodeIgniter))
 6 FCPATH\index.php(59): CodeIgniter\Boot::bootWeb(Object(Config\Paths))
WARNING - 2026-04-27 02:37:31 --> [DEPRECATED] Creation of dynamic property App\Controllers\Kriteria::$model is deprecated in APPPATH\Controllers\Kriteria.php on line 10.
 1 SYSTEMPATH\CodeIgniter.php(921): App\Controllers\Kriteria->__construct()
 2 SYSTEMPATH\CodeIgniter.php(488): CodeIgniter\CodeIgniter->createController()
 3 SYSTEMPATH\CodeIgniter.php(340): CodeIgniter\CodeIgniter->handleRequest(null, Object(Config\Cache), false)
 4 SYSTEMPATH\Boot.php(417): CodeIgniter\CodeIgniter->run()
 5 SYSTEMPATH\Boot.php(68): CodeIgniter\Boot::runCodeIgniter(Object(CodeIgniter\CodeIgniter))
 6 FCPATH\index.php(59): CodeIgniter\Boot::bootWeb(Object(Config\Paths))
WARNING - 2026-04-27 02:37:31 --> [DEPRECATED] Creation of dynamic property App\Controllers\Kriteria::$model is deprecated in APPPATH\Controllers\Kriteria.php on line 10.
 1 SYSTEMPATH\CodeIgniter.php(921): App\Controllers\Kriteria->__construct()
 2 SYSTEMPATH\CodeIgniter.php(488): CodeIgniter\CodeIgniter->createController()
 3 SYSTEMPATH\CodeIgniter.php(340): CodeIgniter\CodeIgniter->handleRequest(null, Object(Config\Cache), false)
 4 SYSTEMPATH\Boot.php(417): CodeIgniter\CodeIgniter->run()
 5 SYSTEMPATH\Boot.php(68): CodeIgniter\Boot::runCodeIgniter(Object(CodeIgniter\CodeIgniter))
 6 FCPATH\index.php(59): CodeIgniter\Boot::bootWeb(Object(Config\Paths))
WARNING - 2026-04-27 02:37:31 --> [DEPRECATED] Creation of dynamic property App\Controllers\Kriteria::$model is deprecated in APPPATH\Controllers\Kriteria.php on line 10.
 1 SYSTEMPATH\CodeIgniter.php(921): App\Controllers\Kriteria->__construct()
 2 SYSTEMPATH\CodeIgniter.php(488): CodeIgniter\CodeIgniter->createController()
 3 SYSTEMPATH\CodeIgniter.php(340): CodeIgniter\CodeIgniter->handleRequest(null, Object(Config\Cache), false)
 4 SYSTEMPATH\Boot.php(417): CodeIgniter\CodeIgniter->run()
 5 SYSTEMPATH\Boot.php(68): CodeIgniter\Boot::runCodeIgniter(Object(CodeIgniter\CodeIgniter))
 6 FCPATH\index.php(59): CodeIgniter\Boot::bootWeb(Object(Config\Paths))
WARNING - 2026-04-27 02:37:54 --> [DEPRECATED] Creation of dynamic property App\Controllers\Kriteria::$model is deprecated in APPPATH\Controllers\Kriteria.php on line 10.
 1 SYSTEMPATH\CodeIgniter.php(921): App\Controllers\Kriteria->__construct()
 2 SYSTEMPATH\CodeIgniter.php(488): CodeIgniter\CodeIgniter->createController()
 3 SYSTEMPATH\CodeIgniter.php(340): CodeIgniter\CodeIgniter->handleRequest(null, Object(Config\Cache), false)
 4 SYSTEMPATH\Boot.php(417): CodeIgniter\CodeIgniter->run()
 5 SYSTEMPATH\Boot.php(68): CodeIgniter\Boot::runCodeIgniter(Object(CodeIgniter\CodeIgniter))
 6 FCPATH\index.php(59): CodeIgniter\Boot::bootWeb(Object(Config\Paths))
WARNING - 2026-04-27 02:37:55 --> [DEPRECATED] Creation of dynamic property App\Controllers\Kriteria::$model is deprecated in APPPATH\Controllers\Kriteria.php on line 10.
 1 SYSTEMPATH\CodeIgniter.php(921): App\Controllers\Kriteria->__construct()
 2 SYSTEMPATH\CodeIgniter.php(488): CodeIgniter\CodeIgniter->createController()
 3 SYSTEMPATH\CodeIgniter.php(340): CodeIgniter\CodeIgniter->handleRequest(null, Object(Config\Cache), false)
 4 SYSTEMPATH\Boot.php(417): CodeIgniter\CodeIgniter->run()
 5 SYSTEMPATH\Boot.php(68): CodeIgniter\Boot::runCodeIgniter(Object(CodeIgniter\CodeIgniter))
 6 FCPATH\index.php(59): CodeIgniter\Boot::bootWeb(Object(Config\Paths))
WARNING - 2026-04-27 02:37:55 --> [DEPRECATED] Creation of dynamic property App\Controllers\Kriteria::$model is deprecated in APPPATH\Controllers\Kriteria.php on line 10.
 1 SYSTEMPATH\CodeIgniter.php(921): App\Controllers\Kriteria->__construct()
 2 SYSTEMPATH\CodeIgniter.php(488): CodeIgniter\CodeIgniter->createController()
 3 SYSTEMPATH\CodeIgniter.php(340): CodeIgniter\CodeIgniter->handleRequest(null, Object(Config\Cache), false)
 4 SYSTEMPATH\Boot.php(417): CodeIgniter\CodeIgniter->run()
 5 SYSTEMPATH\Boot.php(68): CodeIgniter\Boot::runCodeIgniter(Object(CodeIgniter\CodeIgniter))
 6 FCPATH\index.php(59): CodeIgniter\Boot::bootWeb(Object(Config\Paths))
WARNING - 2026-04-27 02:37:55 --> [DEPRECATED] Creation of dynamic property App\Controllers\Kriteria::$model is deprecated in APPPATH\Controllers\Kriteria.php on line 10.
 1 SYSTEMPATH\CodeIgniter.php(921): App\Controllers\Kriteria->__construct()
 2 SYSTEMPATH\CodeIgniter.php(488): CodeIgniter\CodeIgniter->createController()
 3 SYSTEMPATH\CodeIgniter.php(340): CodeIgniter\CodeIgniter->handleRequest(null, Object(Config\Cache), false)
 4 SYSTEMPATH\Boot.php(417): CodeIgniter\CodeIgniter->run()
 5 SYSTEMPATH\Boot.php(68): CodeIgniter\Boot::runCodeIgniter(Object(CodeIgniter\CodeIgniter))
 6 FCPATH\index.php(59): CodeIgniter\Boot::bootWeb(Object(Config\Paths))
WARNING - 2026-04-27 02:37:59 --> [DEPRECATED] Creation of dynamic property App\Controllers\Kriteria::$model is deprecated in APPPATH\Controllers\Kriteria.php on line 10.
 1 SYSTEMPATH\CodeIgniter.php(921): App\Controllers\Kriteria->__construct()
 2 SYSTEMPATH\CodeIgniter.php(488): CodeIgniter\CodeIgniter->createController()
 3 SYSTEMPATH\CodeIgniter.php(340): CodeIgniter\CodeIgniter->handleRequest(null, Object(Config\Cache), false)
 4 SYSTEMPATH\Boot.php(417): CodeIgniter\CodeIgniter->run()
 5 SYSTEMPATH\Boot.php(68): CodeIgniter\Boot::runCodeIgniter(Object(CodeIgniter\CodeIgniter))
 6 FCPATH\index.php(59): CodeIgniter\Boot::bootWeb(Object(Config\Paths))
WARNING - 2026-04-27 02:38:01 --> [DEPRECATED] Creation of dynamic property App\Controllers\Kriteria::$model is deprecated in APPPATH\Controllers\Kriteria.php on line 10.
 1 SYSTEMPATH\CodeIgniter.php(921): App\Controllers\Kriteria->__construct()
 2 SYSTEMPATH\CodeIgniter.php(488): CodeIgniter\CodeIgniter->createController()
 3 SYSTEMPATH\CodeIgniter.php(340): CodeIgniter\CodeIgniter->handleRequest(null, Object(Config\Cache), false)
 4 SYSTEMPATH\Boot.php(417): CodeIgniter\CodeIgniter->run()
 5 SYSTEMPATH\Boot.php(68): CodeIgniter\Boot::runCodeIgniter(Object(CodeIgniter\CodeIgniter))
 6 FCPATH\index.php(59): CodeIgniter\Boot::bootWeb(Object(Config\Paths))
WARNING - 2026-04-27 02:38:01 --> [DEPRECATED] Creation of dynamic property App\Controllers\Kriteria::$model is deprecated in APPPATH\Controllers\Kriteria.php on line 10.
 1 SYSTEMPATH\CodeIgniter.php(921): App\Controllers\Kriteria->__construct()
 2 SYSTEMPATH\CodeIgniter.php(488): CodeIgniter\CodeIgniter->createController()
 3 SYSTEMPATH\CodeIgniter.php(340): CodeIgniter\CodeIgniter->handleRequest(null, Object(Config\Cache), false)
 4 SYSTEMPATH\Boot.php(417): CodeIgniter\CodeIgniter->run()
 5 SYSTEMPATH\Boot.php(68): CodeIgniter\Boot::runCodeIgniter(Object(CodeIgniter\CodeIgniter))
 6 FCPATH\index.php(59): CodeIgniter\Boot::bootWeb(Object(Config\Paths))
WARNING - 2026-04-27 02:38:01 --> [DEPRECATED] Creation of dynamic property App\Controllers\Kriteria::$model is deprecated in APPPATH\Controllers\Kriteria.php on line 10.
 1 SYSTEMPATH\CodeIgniter.php(921): App\Controllers\Kriteria->__construct()
 2 SYSTEMPATH\CodeIgniter.php(488): CodeIgniter\CodeIgniter->createController()
 3 SYSTEMPATH\CodeIgniter.php(340): CodeIgniter\CodeIgniter->handleRequest(null, Object(Config\Cache), false)
 4 SYSTEMPATH\Boot.php(417): CodeIgniter\CodeIgniter->run()
 5 SYSTEMPATH\Boot.php(68): CodeIgniter\Boot::runCodeIgniter(Object(CodeIgniter\CodeIgniter))
 6 FCPATH\index.php(59): CodeIgniter\Boot::bootWeb(Object(Config\Paths))
WARNING - 2026-04-27 02:38:25 --> [DEPRECATED] Creation of dynamic property App\Controllers\Kriteria::$model is deprecated in APPPATH\Controllers\Kriteria.php on line 10.
 1 SYSTEMPATH\CodeIgniter.php(921): App\Controllers\Kriteria->__construct()
 2 SYSTEMPATH\CodeIgniter.php(488): CodeIgniter\CodeIgniter->createController()
 3 SYSTEMPATH\CodeIgniter.php(340): CodeIgniter\CodeIgniter->handleRequest(null, Object(Config\Cache), false)
 4 SYSTEMPATH\Boot.php(417): CodeIgniter\CodeIgniter->run()
 5 SYSTEMPATH\Boot.php(68): CodeIgniter\Boot::runCodeIgniter(Object(CodeIgniter\CodeIgniter))
 6 FCPATH\index.php(59): CodeIgniter\Boot::bootWeb(Object(Config\Paths))
WARNING - 2026-04-27 02:38:27 --> [DEPRECATED] Creation of dynamic property App\Controllers\Kriteria::$model is deprecated in APPPATH\Controllers\Kriteria.php on line 10.
 1 SYSTEMPATH\CodeIgniter.php(921): App\Controllers\Kriteria->__construct()
 2 SYSTEMPATH\CodeIgniter.php(488): CodeIgniter\CodeIgniter->createController()
 3 SYSTEMPATH\CodeIgniter.php(340): CodeIgniter\CodeIgniter->handleRequest(null, Object(Config\Cache), false)
 4 SYSTEMPATH\Boot.php(417): CodeIgniter\CodeIgniter->run()
 5 SYSTEMPATH\Boot.php(68): CodeIgniter\Boot::runCodeIgniter(Object(CodeIgniter\CodeIgniter))
 6 FCPATH\index.php(59): CodeIgniter\Boot::bootWeb(Object(Config\Paths))
WARNING - 2026-04-27 02:38:27 --> [DEPRECATED] Creation of dynamic property App\Controllers\Kriteria::$model is deprecated in APPPATH\Controllers\Kriteria.php on line 10.
 1 SYSTEMPATH\CodeIgniter.php(921): App\Controllers\Kriteria->__construct()
 2 SYSTEMPATH\CodeIgniter.php(488): CodeIgniter\CodeIgniter->createController()
 3 SYSTEMPATH\CodeIgniter.php(340): CodeIgniter\CodeIgniter->handleRequest(null, Object(Config\Cache), false)
 4 SYSTEMPATH\Boot.php(417): CodeIgniter\CodeIgniter->run()
 5 SYSTEMPATH\Boot.php(68): CodeIgniter\Boot::runCodeIgniter(Object(CodeIgniter\CodeIgniter))
 6 FCPATH\index.php(59): CodeIgniter\Boot::bootWeb(Object(Config\Paths))
WARNING - 2026-04-27 02:38:27 --> [DEPRECATED] Creation of dynamic property App\Controllers\Kriteria::$model is deprecated in APPPATH\Controllers\Kriteria.php on line 10.
 1 SYSTEMPATH\CodeIgniter.php(921): App\Controllers\Kriteria->__construct()
 2 SYSTEMPATH\CodeIgniter.php(488): CodeIgniter\CodeIgniter->createController()
 3 SYSTEMPATH\CodeIgniter.php(340): CodeIgniter\CodeIgniter->handleRequest(null, Object(Config\Cache), false)
 4 SYSTEMPATH\Boot.php(417): CodeIgniter\CodeIgniter->run()
 5 SYSTEMPATH\Boot.php(68): CodeIgniter\Boot::runCodeIgniter(Object(CodeIgniter\CodeIgniter))
 6 FCPATH\index.php(59): CodeIgniter\Boot::bootWeb(Object(Config\Paths))
WARNING - 2026-04-27 02:39:03 --> [DEPRECATED] Creation of dynamic property App\Controllers\Kriteria::$model is deprecated in APPPATH\Controllers\Kriteria.php on line 10.
 1 SYSTEMPATH\CodeIgniter.php(921): App\Controllers\Kriteria->__construct()
 2 SYSTEMPATH\CodeIgniter.php(488): CodeIgniter\CodeIgniter->createController()
 3 SYSTEMPATH\CodeIgniter.php(340): CodeIgniter\CodeIgniter->handleRequest(null, Object(Config\Cache), false)
 4 SYSTEMPATH\Boot.php(417): CodeIgniter\CodeIgniter->run()
 5 SYSTEMPATH\Boot.php(68): CodeIgniter\Boot::runCodeIgniter(Object(CodeIgniter\CodeIgniter))
 6 FCPATH\index.php(59): CodeIgniter\Boot::bootWeb(Object(Config\Paths))
WARNING - 2026-04-27 02:39:05 --> [DEPRECATED] Creation of dynamic property App\Controllers\Kriteria::$model is deprecated in APPPATH\Controllers\Kriteria.php on line 10.
 1 SYSTEMPATH\CodeIgniter.php(921): App\Controllers\Kriteria->__construct()
 2 SYSTEMPATH\CodeIgniter.php(488): CodeIgniter\CodeIgniter->createController()
 3 SYSTEMPATH\CodeIgniter.php(340): CodeIgniter\CodeIgniter->handleRequest(null, Object(Config\Cache), false)
 4 SYSTEMPATH\Boot.php(417): CodeIgniter\CodeIgniter->run()
 5 SYSTEMPATH\Boot.php(68): CodeIgniter\Boot::runCodeIgniter(Object(CodeIgniter\CodeIgniter))
 6 FCPATH\index.php(59): CodeIgniter\Boot::bootWeb(Object(Config\Paths))
WARNING - 2026-04-27 02:39:05 --> [DEPRECATED] Creation of dynamic property App\Controllers\Kriteria::$model is deprecated in APPPATH\Controllers\Kriteria.php on line 10.
 1 SYSTEMPATH\CodeIgniter.php(921): App\Controllers\Kriteria->__construct()
 2 SYSTEMPATH\CodeIgniter.php(488): CodeIgniter\CodeIgniter->createController()
 3 SYSTEMPATH\CodeIgniter.php(340): CodeIgniter\CodeIgniter->handleRequest(null, Object(Config\Cache), false)
 4 SYSTEMPATH\Boot.php(417): CodeIgniter\CodeIgniter->run()
 5 SYSTEMPATH\Boot.php(68): CodeIgniter\Boot::runCodeIgniter(Object(CodeIgniter\CodeIgniter))
 6 FCPATH\index.php(59): CodeIgniter\Boot::bootWeb(Object(Config\Paths))
WARNING - 2026-04-27 02:39:06 --> [DEPRECATED] Creation of dynamic property App\Controllers\Kriteria::$model is deprecated in APPPATH\Controllers\Kriteria.php on line 10.
 1 SYSTEMPATH\CodeIgniter.php(921): App\Controllers\Kriteria->__construct()
 2 SYSTEMPATH\CodeIgniter.php(488): CodeIgniter\CodeIgniter->createController()
 3 SYSTEMPATH\CodeIgniter.php(340): CodeIgniter\CodeIgniter->handleRequest(null, Object(Config\Cache), false)
 4 SYSTEMPATH\Boot.php(417): CodeIgniter\CodeIgniter->run()
 5 SYSTEMPATH\Boot.php(68): CodeIgniter\Boot::runCodeIgniter(Object(CodeIgniter\CodeIgniter))
 6 FCPATH\index.php(59): CodeIgniter\Boot::bootWeb(Object(Config\Paths))
WARNING - 2026-04-27 02:40:29 --> [DEPRECATED] Creation of dynamic property App\Controllers\Kriteria::$model is deprecated in APPPATH\Controllers\Kriteria.php on line 10.
 1 SYSTEMPATH\CodeIgniter.php(921): App\Controllers\Kriteria->__construct()
 2 SYSTEMPATH\CodeIgniter.php(488): CodeIgniter\CodeIgniter->createController()
 3 SYSTEMPATH\CodeIgniter.php(340): CodeIgniter\CodeIgniter->handleRequest(null, Object(Config\Cache), false)
 4 SYSTEMPATH\Boot.php(417): CodeIgniter\CodeIgniter->run()
 5 SYSTEMPATH\Boot.php(68): CodeIgniter\Boot::runCodeIgniter(Object(CodeIgniter\CodeIgniter))
 6 FCPATH\index.php(59): CodeIgniter\Boot::bootWeb(Object(Config\Paths))
WARNING - 2026-04-27 02:40:31 --> [DEPRECATED] Creation of dynamic property App\Controllers\Kriteria::$model is deprecated in APPPATH\Controllers\Kriteria.php on line 10.
 1 SYSTEMPATH\CodeIgniter.php(921): App\Controllers\Kriteria->__construct()
 2 SYSTEMPATH\CodeIgniter.php(488): CodeIgniter\CodeIgniter->createController()
 3 SYSTEMPATH\CodeIgniter.php(340): CodeIgniter\CodeIgniter->handleRequest(null, Object(Config\Cache), false)
 4 SYSTEMPATH\Boot.php(417): CodeIgniter\CodeIgniter->run()
 5 SYSTEMPATH\Boot.php(68): CodeIgniter\Boot::runCodeIgniter(Object(CodeIgniter\CodeIgniter))
 6 FCPATH\index.php(59): CodeIgniter\Boot::bootWeb(Object(Config\Paths))
WARNING - 2026-04-27 02:40:31 --> [DEPRECATED] Creation of dynamic property App\Controllers\Kriteria::$model is deprecated in APPPATH\Controllers\Kriteria.php on line 10.
 1 SYSTEMPATH\CodeIgniter.php(921): App\Controllers\Kriteria->__construct()
 2 SYSTEMPATH\CodeIgniter.php(488): CodeIgniter\CodeIgniter->createController()
 3 SYSTEMPATH\CodeIgniter.php(340): CodeIgniter\CodeIgniter->handleRequest(null, Object(Config\Cache), false)
 4 SYSTEMPATH\Boot.php(417): CodeIgniter\CodeIgniter->run()
 5 SYSTEMPATH\Boot.php(68): CodeIgniter\Boot::runCodeIgniter(Object(CodeIgniter\CodeIgniter))
 6 FCPATH\index.php(59): CodeIgniter\Boot::bootWeb(Object(Config\Paths))
WARNING - 2026-04-27 02:40:31 --> [DEPRECATED] Creation of dynamic property App\Controllers\Kriteria::$model is deprecated in APPPATH\Controllers\Kriteria.php on line 10.
 1 SYSTEMPATH\CodeIgniter.php(921): App\Controllers\Kriteria->__construct()
 2 SYSTEMPATH\CodeIgniter.php(488): CodeIgniter\CodeIgniter->createController()
 3 SYSTEMPATH\CodeIgniter.php(340): CodeIgniter\CodeIgniter->handleRequest(null, Object(Config\Cache), false)
 4 SYSTEMPATH\Boot.php(417): CodeIgniter\CodeIgniter->run()
 5 SYSTEMPATH\Boot.php(68): CodeIgniter\Boot::runCodeIgniter(Object(CodeIgniter\CodeIgniter))
 6 FCPATH\index.php(59): CodeIgniter\Boot::bootWeb(Object(Config\Paths))
WARNING - 2026-04-27 02:40:40 --> [DEPRECATED] Creation of dynamic property App\Controllers\Kriteria::$model is deprecated in APPPATH\Controllers\Kriteria.php on line 10.
 1 SYSTEMPATH\CodeIgniter.php(921): App\Controllers\Kriteria->__construct()
 2 SYSTEMPATH\CodeIgniter.php(488): CodeIgniter\CodeIgniter->createController()
 3 SYSTEMPATH\CodeIgniter.php(340): CodeIgniter\CodeIgniter->handleRequest(null, Object(Config\Cache), false)
 4 SYSTEMPATH\Boot.php(417): CodeIgniter\CodeIgniter->run()
 5 SYSTEMPATH\Boot.php(68): CodeIgniter\Boot::runCodeIgniter(Object(CodeIgniter\CodeIgniter))
 6 FCPATH\index.php(59): CodeIgniter\Boot::bootWeb(Object(Config\Paths))
WARNING - 2026-04-27 02:40:42 --> [DEPRECATED] Creation of dynamic property App\Controllers\Kriteria::$model is deprecated in APPPATH\Controllers\Kriteria.php on line 10.
 1 SYSTEMPATH\CodeIgniter.php(921): App\Controllers\Kriteria->__construct()
 2 SYSTEMPATH\CodeIgniter.php(488): CodeIgniter\CodeIgniter->createController()
 3 SYSTEMPATH\CodeIgniter.php(340): CodeIgniter\CodeIgniter->handleRequest(null, Object(Config\Cache), false)
 4 SYSTEMPATH\Boot.php(417): CodeIgniter\CodeIgniter->run()
 5 SYSTEMPATH\Boot.php(68): CodeIgniter\Boot::runCodeIgniter(Object(CodeIgniter\CodeIgniter))
 6 FCPATH\index.php(59): CodeIgniter\Boot::bootWeb(Object(Config\Paths))
WARNING - 2026-04-27 02:40:42 --> [DEPRECATED] Creation of dynamic property App\Controllers\Kriteria::$model is deprecated in APPPATH\Controllers\Kriteria.php on line 10.
 1 SYSTEMPATH\CodeIgniter.php(921): App\Controllers\Kriteria->__construct()
 2 SYSTEMPATH\CodeIgniter.php(488): CodeIgniter\CodeIgniter->createController()
 3 SYSTEMPATH\CodeIgniter.php(340): CodeIgniter\CodeIgniter->handleRequest(null, Object(Config\Cache), false)
 4 SYSTEMPATH\Boot.php(417): CodeIgniter\CodeIgniter->run()
 5 SYSTEMPATH\Boot.php(68): CodeIgniter\Boot::runCodeIgniter(Object(CodeIgniter\CodeIgniter))
 6 FCPATH\index.php(59): CodeIgniter\Boot::bootWeb(Object(Config\Paths))
WARNING - 2026-04-27 02:40:42 --> [DEPRECATED] Creation of dynamic property App\Controllers\Kriteria::$model is deprecated in APPPATH\Controllers\Kriteria.php on line 10.
 1 SYSTEMPATH\CodeIgniter.php(921): App\Controllers\Kriteria->__construct()
 2 SYSTEMPATH\CodeIgniter.php(488): CodeIgniter\CodeIgniter->createController()
 3 SYSTEMPATH\CodeIgniter.php(340): CodeIgniter\CodeIgniter->handleRequest(null, Object(Config\Cache), false)
 4 SYSTEMPATH\Boot.php(417): CodeIgniter\CodeIgniter->run()
 5 SYSTEMPATH\Boot.php(68): CodeIgniter\Boot::runCodeIgniter(Object(CodeIgniter\CodeIgniter))
 6 FCPATH\index.php(59): CodeIgniter\Boot::bootWeb(Object(Config\Paths))
WARNING - 2026-04-27 02:41:09 --> [DEPRECATED] Creation of dynamic property App\Controllers\Kriteria::$model is deprecated in APPPATH\Controllers\Kriteria.php on line 10.
 1 SYSTEMPATH\CodeIgniter.php(921): App\Controllers\Kriteria->__construct()
 2 SYSTEMPATH\CodeIgniter.php(488): CodeIgniter\CodeIgniter->createController()
 3 SYSTEMPATH\CodeIgniter.php(340): CodeIgniter\CodeIgniter->handleRequest(null, Object(Config\Cache), false)
 4 SYSTEMPATH\Boot.php(417): CodeIgniter\CodeIgniter->run()
 5 SYSTEMPATH\Boot.php(68): CodeIgniter\Boot::runCodeIgniter(Object(CodeIgniter\CodeIgniter))
 6 FCPATH\index.php(59): CodeIgniter\Boot::bootWeb(Object(Config\Paths))
WARNING - 2026-04-27 02:41:10 --> [DEPRECATED] Creation of dynamic property App\Controllers\Kriteria::$model is deprecated in APPPATH\Controllers\Kriteria.php on line 10.
 1 SYSTEMPATH\CodeIgniter.php(921): App\Controllers\Kriteria->__construct()
 2 SYSTEMPATH\CodeIgniter.php(488): CodeIgniter\CodeIgniter->createController()
 3 SYSTEMPATH\CodeIgniter.php(340): CodeIgniter\CodeIgniter->handleRequest(null, Object(Config\Cache), false)
 4 SYSTEMPATH\Boot.php(417): CodeIgniter\CodeIgniter->run()
 5 SYSTEMPATH\Boot.php(68): CodeIgniter\Boot::runCodeIgniter(Object(CodeIgniter\CodeIgniter))
 6 FCPATH\index.php(59): CodeIgniter\Boot::bootWeb(Object(Config\Paths))
WARNING - 2026-04-27 02:41:10 --> [DEPRECATED] Creation of dynamic property App\Controllers\Kriteria::$model is deprecated in APPPATH\Controllers\Kriteria.php on line 10.
 1 SYSTEMPATH\CodeIgniter.php(921): App\Controllers\Kriteria->__construct()
 2 SYSTEMPATH\CodeIgniter.php(488): CodeIgniter\CodeIgniter->createController()
 3 SYSTEMPATH\CodeIgniter.php(340): CodeIgniter\CodeIgniter->handleRequest(null, Object(Config\Cache), false)
 4 SYSTEMPATH\Boot.php(417): CodeIgniter\CodeIgniter->run()
 5 SYSTEMPATH\Boot.php(68): CodeIgniter\Boot::runCodeIgniter(Object(CodeIgniter\CodeIgniter))
 6 FCPATH\index.php(59): CodeIgniter\Boot::bootWeb(Object(Config\Paths))
WARNING - 2026-04-27 02:41:10 --> [DEPRECATED] Creation of dynamic property App\Controllers\Kriteria::$model is deprecated in APPPATH\Controllers\Kriteria.php on line 10.
 1 SYSTEMPATH\CodeIgniter.php(921): App\Controllers\Kriteria->__construct()
 2 SYSTEMPATH\CodeIgniter.php(488): CodeIgniter\CodeIgniter->createController()
 3 SYSTEMPATH\CodeIgniter.php(340): CodeIgniter\CodeIgniter->handleRequest(null, Object(Config\Cache), false)
 4 SYSTEMPATH\Boot.php(417): CodeIgniter\CodeIgniter->run()
 5 SYSTEMPATH\Boot.php(68): CodeIgniter\Boot::runCodeIgniter(Object(CodeIgniter\CodeIgniter))
 6 FCPATH\index.php(59): CodeIgniter\Boot::bootWeb(Object(Config\Paths))
WARNING - 2026-04-27 02:41:14 --> [DEPRECATED] Creation of dynamic property App\Controllers\Kriteria::$model is deprecated in APPPATH\Controllers\Kriteria.php on line 10.
 1 SYSTEMPATH\CodeIgniter.php(921): App\Controllers\Kriteria->__construct()
 2 SYSTEMPATH\CodeIgniter.php(488): CodeIgniter\CodeIgniter->createController()
 3 SYSTEMPATH\CodeIgniter.php(340): CodeIgniter\CodeIgniter->handleRequest(null, Object(Config\Cache), false)
 4 SYSTEMPATH\Boot.php(417): CodeIgniter\CodeIgniter->run()
 5 SYSTEMPATH\Boot.php(68): CodeIgniter\Boot::runCodeIgniter(Object(CodeIgniter\CodeIgniter))
 6 FCPATH\index.php(59): CodeIgniter\Boot::bootWeb(Object(Config\Paths))
WARNING - 2026-04-27 02:41:16 --> [DEPRECATED] Creation of dynamic property App\Controllers\Kriteria::$model is deprecated in APPPATH\Controllers\Kriteria.php on line 10.
 1 SYSTEMPATH\CodeIgniter.php(921): App\Controllers\Kriteria->__construct()
 2 SYSTEMPATH\CodeIgniter.php(488): CodeIgniter\CodeIgniter->createController()
 3 SYSTEMPATH\CodeIgniter.php(340): CodeIgniter\CodeIgniter->handleRequest(null, Object(Config\Cache), false)
 4 SYSTEMPATH\Boot.php(417): CodeIgniter\CodeIgniter->run()
 5 SYSTEMPATH\Boot.php(68): CodeIgniter\Boot::runCodeIgniter(Object(CodeIgniter\CodeIgniter))
 6 FCPATH\index.php(59): CodeIgniter\Boot::bootWeb(Object(Config\Paths))
WARNING - 2026-04-27 02:41:16 --> [DEPRECATED] Creation of dynamic property App\Controllers\Kriteria::$model is deprecated in APPPATH\Controllers\Kriteria.php on line 10.
 1 SYSTEMPATH\CodeIgniter.php(921): App\Controllers\Kriteria->__construct()
 2 SYSTEMPATH\CodeIgniter.php(488): CodeIgniter\CodeIgniter->createController()
 3 SYSTEMPATH\CodeIgniter.php(340): CodeIgniter\CodeIgniter->handleRequest(null, Object(Config\Cache), false)
 4 SYSTEMPATH\Boot.php(417): CodeIgniter\CodeIgniter->run()
 5 SYSTEMPATH\Boot.php(68): CodeIgniter\Boot::runCodeIgniter(Object(CodeIgniter\CodeIgniter))
 6 FCPATH\index.php(59): CodeIgniter\Boot::bootWeb(Object(Config\Paths))
WARNING - 2026-04-27 02:41:16 --> [DEPRECATED] Creation of dynamic property App\Controllers\Kriteria::$model is deprecated in APPPATH\Controllers\Kriteria.php on line 10.
 1 SYSTEMPATH\CodeIgniter.php(921): App\Controllers\Kriteria->__construct()
 2 SYSTEMPATH\CodeIgniter.php(488): CodeIgniter\CodeIgniter->createController()
 3 SYSTEMPATH\CodeIgniter.php(340): CodeIgniter\CodeIgniter->handleRequest(null, Object(Config\Cache), false)
 4 SYSTEMPATH\Boot.php(417): CodeIgniter\CodeIgniter->run()
 5 SYSTEMPATH\Boot.php(68): CodeIgniter\Boot::runCodeIgniter(Object(CodeIgniter\CodeIgniter))
 6 FCPATH\index.php(59): CodeIgniter\Boot::bootWeb(Object(Config\Paths))
WARNING - 2026-04-27 02:41:40 --> [DEPRECATED] Creation of dynamic property App\Controllers\Kriteria::$model is deprecated in APPPATH\Controllers\Kriteria.php on line 10.
 1 SYSTEMPATH\CodeIgniter.php(921): App\Controllers\Kriteria->__construct()
 2 SYSTEMPATH\CodeIgniter.php(488): CodeIgniter\CodeIgniter->createController()
 3 SYSTEMPATH\CodeIgniter.php(340): CodeIgniter\CodeIgniter->handleRequest(null, Object(Config\Cache), false)
 4 SYSTEMPATH\Boot.php(417): CodeIgniter\CodeIgniter->run()
 5 SYSTEMPATH\Boot.php(68): CodeIgniter\Boot::runCodeIgniter(Object(CodeIgniter\CodeIgniter))
 6 FCPATH\index.php(59): CodeIgniter\Boot::bootWeb(Object(Config\Paths))
WARNING - 2026-04-27 02:41:42 --> [DEPRECATED] Creation of dynamic property App\Controllers\Kriteria::$model is deprecated in APPPATH\Controllers\Kriteria.php on line 10.
 1 SYSTEMPATH\CodeIgniter.php(921): App\Controllers\Kriteria->__construct()
 2 SYSTEMPATH\CodeIgniter.php(488): CodeIgniter\CodeIgniter->createController()
 3 SYSTEMPATH\CodeIgniter.php(340): CodeIgniter\CodeIgniter->handleRequest(null, Object(Config\Cache), false)
 4 SYSTEMPATH\Boot.php(417): CodeIgniter\CodeIgniter->run()
 5 SYSTEMPATH\Boot.php(68): CodeIgniter\Boot::runCodeIgniter(Object(CodeIgniter\CodeIgniter))
 6 FCPATH\index.php(59): CodeIgniter\Boot::bootWeb(Object(Config\Paths))
WARNING - 2026-04-27 02:41:42 --> [DEPRECATED] Creation of dynamic property App\Controllers\Kriteria::$model is deprecated in APPPATH\Controllers\Kriteria.php on line 10.
 1 SYSTEMPATH\CodeIgniter.php(921): App\Controllers\Kriteria->__construct()
 2 SYSTEMPATH\CodeIgniter.php(488): CodeIgniter\CodeIgniter->createController()
 3 SYSTEMPATH\CodeIgniter.php(340): CodeIgniter\CodeIgniter->handleRequest(null, Object(Config\Cache), false)
 4 SYSTEMPATH\Boot.php(417): CodeIgniter\CodeIgniter->run()
 5 SYSTEMPATH\Boot.php(68): CodeIgniter\Boot::runCodeIgniter(Object(CodeIgniter\CodeIgniter))
 6 FCPATH\index.php(59): CodeIgniter\Boot::bootWeb(Object(Config\Paths))
WARNING - 2026-04-27 02:41:42 --> [DEPRECATED] Creation of dynamic property App\Controllers\Kriteria::$model is deprecated in APPPATH\Controllers\Kriteria.php on line 10.
 1 SYSTEMPATH\CodeIgniter.php(921): App\Controllers\Kriteria->__construct()
 2 SYSTEMPATH\CodeIgniter.php(488): CodeIgniter\CodeIgniter->createController()
 3 SYSTEMPATH\CodeIgniter.php(340): CodeIgniter\CodeIgniter->handleRequest(null, Object(Config\Cache), false)
 4 SYSTEMPATH\Boot.php(417): CodeIgniter\CodeIgniter->run()
 5 SYSTEMPATH\Boot.php(68): CodeIgniter\Boot::runCodeIgniter(Object(CodeIgniter\CodeIgniter))
 6 FCPATH\index.php(59): CodeIgniter\Boot::bootWeb(Object(Config\Paths))
WARNING - 2026-04-27 02:42:26 --> [DEPRECATED] Creation of dynamic property App\Controllers\Kriteria::$model is deprecated in APPPATH\Controllers\Kriteria.php on line 10.
 1 SYSTEMPATH\CodeIgniter.php(921): App\Controllers\Kriteria->__construct()
 2 SYSTEMPATH\CodeIgniter.php(488): CodeIgniter\CodeIgniter->createController()
 3 SYSTEMPATH\CodeIgniter.php(340): CodeIgniter\CodeIgniter->handleRequest(null, Object(Config\Cache), false)
 4 SYSTEMPATH\Boot.php(417): CodeIgniter\CodeIgniter->run()
 5 SYSTEMPATH\Boot.php(68): CodeIgniter\Boot::runCodeIgniter(Object(CodeIgniter\CodeIgniter))
 6 FCPATH\index.php(59): CodeIgniter\Boot::bootWeb(Object(Config\Paths))
WARNING - 2026-04-27 02:42:27 --> [DEPRECATED] Creation of dynamic property App\Controllers\Kriteria::$model is deprecated in APPPATH\Controllers\Kriteria.php on line 10.
 1 SYSTEMPATH\CodeIgniter.php(921): App\Controllers\Kriteria->__construct()
 2 SYSTEMPATH\CodeIgniter.php(488): CodeIgniter\CodeIgniter->createController()
 3 SYSTEMPATH\CodeIgniter.php(340): CodeIgniter\CodeIgniter->handleRequest(null, Object(Config\Cache), false)
 4 SYSTEMPATH\Boot.php(417): CodeIgniter\CodeIgniter->run()
 5 SYSTEMPATH\Boot.php(68): CodeIgniter\Boot::runCodeIgniter(Object(CodeIgniter\CodeIgniter))
 6 FCPATH\index.php(59): CodeIgniter\Boot::bootWeb(Object(Config\Paths))
WARNING - 2026-04-27 02:42:27 --> [DEPRECATED] Creation of dynamic property App\Controllers\Kriteria::$model is deprecated in APPPATH\Controllers\Kriteria.php on line 10.
 1 SYSTEMPATH\CodeIgniter.php(921): App\Controllers\Kriteria->__construct()
 2 SYSTEMPATH\CodeIgniter.php(488): CodeIgniter\CodeIgniter->createController()
 3 SYSTEMPATH\CodeIgniter.php(340): CodeIgniter\CodeIgniter->handleRequest(null, Object(Config\Cache), false)
 4 SYSTEMPATH\Boot.php(417): CodeIgniter\CodeIgniter->run()
 5 SYSTEMPATH\Boot.php(68): CodeIgniter\Boot::runCodeIgniter(Object(CodeIgniter\CodeIgniter))
 6 FCPATH\index.php(59): CodeIgniter\Boot::bootWeb(Object(Config\Paths))
WARNING - 2026-04-27 02:42:27 --> [DEPRECATED] Creation of dynamic property App\Controllers\Kriteria::$model is deprecated in APPPATH\Controllers\Kriteria.php on line 10.
 1 SYSTEMPATH\CodeIgniter.php(921): App\Controllers\Kriteria->__construct()
 2 SYSTEMPATH\CodeIgniter.php(488): CodeIgniter\CodeIgniter->createController()
 3 SYSTEMPATH\CodeIgniter.php(340): CodeIgniter\CodeIgniter->handleRequest(null, Object(Config\Cache), false)
 4 SYSTEMPATH\Boot.php(417): CodeIgniter\CodeIgniter->run()
 5 SYSTEMPATH\Boot.php(68): CodeIgniter\Boot::runCodeIgniter(Object(CodeIgniter\CodeIgniter))
 6 FCPATH\index.php(59): CodeIgniter\Boot::bootWeb(Object(Config\Paths))
WARNING - 2026-04-27 02:43:02 --> [DEPRECATED] Creation of dynamic property App\Controllers\Kriteria::$model is deprecated in APPPATH\Controllers\Kriteria.php on line 10.
 1 SYSTEMPATH\CodeIgniter.php(921): App\Controllers\Kriteria->__construct()
 2 SYSTEMPATH\CodeIgniter.php(488): CodeIgniter\CodeIgniter->createController()
 3 SYSTEMPATH\CodeIgniter.php(340): CodeIgniter\CodeIgniter->handleRequest(null, Object(Config\Cache), false)
 4 SYSTEMPATH\Boot.php(417): CodeIgniter\CodeIgniter->run()
 5 SYSTEMPATH\Boot.php(68): CodeIgniter\Boot::runCodeIgniter(Object(CodeIgniter\CodeIgniter))
 6 FCPATH\index.php(59): CodeIgniter\Boot::bootWeb(Object(Config\Paths))
WARNING - 2026-04-27 02:43:02 --> [DEPRECATED] Creation of dynamic property App\Controllers\Kriteria::$model is deprecated in APPPATH\Controllers\Kriteria.php on line 10.
 1 SYSTEMPATH\CodeIgniter.php(921): App\Controllers\Kriteria->__construct()
 2 SYSTEMPATH\CodeIgniter.php(488): CodeIgniter\CodeIgniter->createController()
 3 SYSTEMPATH\CodeIgniter.php(340): CodeIgniter\CodeIgniter->handleRequest(null, Object(Config\Cache), false)
 4 SYSTEMPATH\Boot.php(417): CodeIgniter\CodeIgniter->run()
 5 SYSTEMPATH\Boot.php(68): CodeIgniter\Boot::runCodeIgniter(Object(CodeIgniter\CodeIgniter))
 6 FCPATH\index.php(59): CodeIgniter\Boot::bootWeb(Object(Config\Paths))
WARNING - 2026-04-27 02:43:02 --> [DEPRECATED] Creation of dynamic property App\Controllers\Kriteria::$model is deprecated in APPPATH\Controllers\Kriteria.php on line 10.
 1 SYSTEMPATH\CodeIgniter.php(921): App\Controllers\Kriteria->__construct()
 2 SYSTEMPATH\CodeIgniter.php(488): CodeIgniter\CodeIgniter->createController()
 3 SYSTEMPATH\CodeIgniter.php(340): CodeIgniter\CodeIgniter->handleRequest(null, Object(Config\Cache), false)
 4 SYSTEMPATH\Boot.php(417): CodeIgniter\CodeIgniter->run()
 5 SYSTEMPATH\Boot.php(68): CodeIgniter\Boot::runCodeIgniter(Object(CodeIgniter\CodeIgniter))
 6 FCPATH\index.php(59): CodeIgniter\Boot::bootWeb(Object(Config\Paths))
WARNING - 2026-04-27 02:43:02 --> [DEPRECATED] Creation of dynamic property App\Controllers\Kriteria::$model is deprecated in APPPATH\Controllers\Kriteria.php on line 10.
 1 SYSTEMPATH\CodeIgniter.php(921): App\Controllers\Kriteria->__construct()
 2 SYSTEMPATH\CodeIgniter.php(488): CodeIgniter\CodeIgniter->createController()
 3 SYSTEMPATH\CodeIgniter.php(340): CodeIgniter\CodeIgniter->handleRequest(null, Object(Config\Cache), false)
 4 SYSTEMPATH\Boot.php(417): CodeIgniter\CodeIgniter->run()
 5 SYSTEMPATH\Boot.php(68): CodeIgniter\Boot::runCodeIgniter(Object(CodeIgniter\CodeIgniter))
 6 FCPATH\index.php(59): CodeIgniter\Boot::bootWeb(Object(Config\Paths))
WARNING - 2026-04-27 02:43:11 --> [DEPRECATED] Creation of dynamic property App\Controllers\Kriteria::$model is deprecated in APPPATH\Controllers\Kriteria.php on line 10.
 1 SYSTEMPATH\CodeIgniter.php(921): App\Controllers\Kriteria->__construct()
 2 SYSTEMPATH\CodeIgniter.php(488): CodeIgniter\CodeIgniter->createController()
 3 SYSTEMPATH\CodeIgniter.php(340): CodeIgniter\CodeIgniter->handleRequest(null, Object(Config\Cache), false)
 4 SYSTEMPATH\Boot.php(417): CodeIgniter\CodeIgniter->run()
 5 SYSTEMPATH\Boot.php(68): CodeIgniter\Boot::runCodeIgniter(Object(CodeIgniter\CodeIgniter))
 6 FCPATH\index.php(59): CodeIgniter\Boot::bootWeb(Object(Config\Paths))
WARNING - 2026-04-27 02:43:11 --> [DEPRECATED] Creation of dynamic property App\Controllers\Kriteria::$model is deprecated in APPPATH\Controllers\Kriteria.php on line 10.
 1 SYSTEMPATH\CodeIgniter.php(921): App\Controllers\Kriteria->__construct()
 2 SYSTEMPATH\CodeIgniter.php(488): CodeIgniter\CodeIgniter->createController()
 3 SYSTEMPATH\CodeIgniter.php(340): CodeIgniter\CodeIgniter->handleRequest(null, Object(Config\Cache), false)
 4 SYSTEMPATH\Boot.php(417): CodeIgniter\CodeIgniter->run()
 5 SYSTEMPATH\Boot.php(68): CodeIgniter\Boot::runCodeIgniter(Object(CodeIgniter\CodeIgniter))
 6 FCPATH\index.php(59): CodeIgniter\Boot::bootWeb(Object(Config\Paths))
WARNING - 2026-04-27 02:43:11 --> [DEPRECATED] Creation of dynamic property App\Controllers\Kriteria::$model is deprecated in APPPATH\Controllers\Kriteria.php on line 10.
 1 SYSTEMPATH\CodeIgniter.php(921): App\Controllers\Kriteria->__construct()
 2 SYSTEMPATH\CodeIgniter.php(488): CodeIgniter\CodeIgniter->createController()
 3 SYSTEMPATH\CodeIgniter.php(340): CodeIgniter\CodeIgniter->handleRequest(null, Object(Config\Cache), false)
 4 SYSTEMPATH\Boot.php(417): CodeIgniter\CodeIgniter->run()
 5 SYSTEMPATH\Boot.php(68): CodeIgniter\Boot::runCodeIgniter(Object(CodeIgniter\CodeIgniter))
 6 FCPATH\index.php(59): CodeIgniter\Boot::bootWeb(Object(Config\Paths))
WARNING - 2026-04-27 02:43:11 --> [DEPRECATED] Creation of dynamic property App\Controllers\Kriteria::$model is deprecated in APPPATH\Controllers\Kriteria.php on line 10.
 1 SYSTEMPATH\CodeIgniter.php(921): App\Controllers\Kriteria->__construct()
 2 SYSTEMPATH\CodeIgniter.php(488): CodeIgniter\CodeIgniter->createController()
 3 SYSTEMPATH\CodeIgniter.php(340): CodeIgniter\CodeIgniter->handleRequest(null, Object(Config\Cache), false)
 4 SYSTEMPATH\Boot.php(417): CodeIgniter\CodeIgniter->run()
 5 SYSTEMPATH\Boot.php(68): CodeIgniter\Boot::runCodeIgniter(Object(CodeIgniter\CodeIgniter))
 6 FCPATH\index.php(59): CodeIgniter\Boot::bootWeb(Object(Config\Paths))
WARNING - 2026-04-27 02:43:31 --> [DEPRECATED] Creation of dynamic property App\Controllers\Kriteria::$model is deprecated in APPPATH\Controllers\Kriteria.php on line 10.
 1 SYSTEMPATH\CodeIgniter.php(921): App\Controllers\Kriteria->__construct()
 2 SYSTEMPATH\CodeIgniter.php(488): CodeIgniter\CodeIgniter->createController()
 3 SYSTEMPATH\CodeIgniter.php(340): CodeIgniter\CodeIgniter->handleRequest(null, Object(Config\Cache), false)
 4 SYSTEMPATH\Boot.php(417): CodeIgniter\CodeIgniter->run()
 5 SYSTEMPATH\Boot.php(68): CodeIgniter\Boot::runCodeIgniter(Object(CodeIgniter\CodeIgniter))
 6 FCPATH\index.php(59): CodeIgniter\Boot::bootWeb(Object(Config\Paths))
WARNING - 2026-04-27 02:43:31 --> [DEPRECATED] Creation of dynamic property App\Controllers\Kriteria::$model is deprecated in APPPATH\Controllers\Kriteria.php on line 10.
 1 SYSTEMPATH\CodeIgniter.php(921): App\Controllers\Kriteria->__construct()
 2 SYSTEMPATH\CodeIgniter.php(488): CodeIgniter\CodeIgniter->createController()
 3 SYSTEMPATH\CodeIgniter.php(340): CodeIgniter\CodeIgniter->handleRequest(null, Object(Config\Cache), false)
 4 SYSTEMPATH\Boot.php(417): CodeIgniter\CodeIgniter->run()
 5 SYSTEMPATH\Boot.php(68): CodeIgniter\Boot::runCodeIgniter(Object(CodeIgniter\CodeIgniter))
 6 FCPATH\index.php(59): CodeIgniter\Boot::bootWeb(Object(Config\Paths))
WARNING - 2026-04-27 02:43:31 --> [DEPRECATED] Creation of dynamic property App\Controllers\Kriteria::$model is deprecated in APPPATH\Controllers\Kriteria.php on line 10.
 1 SYSTEMPATH\CodeIgniter.php(921): App\Controllers\Kriteria->__construct()
 2 SYSTEMPATH\CodeIgniter.php(488): CodeIgniter\CodeIgniter->createController()
 3 SYSTEMPATH\CodeIgniter.php(340): CodeIgniter\CodeIgniter->handleRequest(null, Object(Config\Cache), false)
 4 SYSTEMPATH\Boot.php(417): CodeIgniter\CodeIgniter->run()
 5 SYSTEMPATH\Boot.php(68): CodeIgniter\Boot::runCodeIgniter(Object(CodeIgniter\CodeIgniter))
 6 FCPATH\index.php(59): CodeIgniter\Boot::bootWeb(Object(Config\Paths))
WARNING - 2026-04-27 02:43:31 --> [DEPRECATED] Creation of dynamic property App\Controllers\Kriteria::$model is deprecated in APPPATH\Controllers\Kriteria.php on line 10.
 1 SYSTEMPATH\CodeIgniter.php(921): App\Controllers\Kriteria->__construct()
 2 SYSTEMPATH\CodeIgniter.php(488): CodeIgniter\CodeIgniter->createController()
 3 SYSTEMPATH\CodeIgniter.php(340): CodeIgniter\CodeIgniter->handleRequest(null, Object(Config\Cache), false)
 4 SYSTEMPATH\Boot.php(417): CodeIgniter\CodeIgniter->run()
 5 SYSTEMPATH\Boot.php(68): CodeIgniter\Boot::runCodeIgniter(Object(CodeIgniter\CodeIgniter))
 6 FCPATH\index.php(59): CodeIgniter\Boot::bootWeb(Object(Config\Paths))
WARNING - 2026-04-27 02:54:13 --> [DEPRECATED] Creation of dynamic property App\Controllers\Kriteria::$model is deprecated in APPPATH\Controllers\Kriteria.php on line 10.
 1 SYSTEMPATH\CodeIgniter.php(921): App\Controllers\Kriteria->__construct()
 2 SYSTEMPATH\CodeIgniter.php(488): CodeIgniter\CodeIgniter->createController()
 3 SYSTEMPATH\CodeIgniter.php(340): CodeIgniter\CodeIgniter->handleRequest(null, Object(Config\Cache), false)
 4 SYSTEMPATH\Boot.php(417): CodeIgniter\CodeIgniter->run()
 5 SYSTEMPATH\Boot.php(68): CodeIgniter\Boot::runCodeIgniter(Object(CodeIgniter\CodeIgniter))
 6 FCPATH\index.php(59): CodeIgniter\Boot::bootWeb(Object(Config\Paths))
WARNING - 2026-04-27 02:54:14 --> [DEPRECATED] Creation of dynamic property App\Controllers\Kriteria::$model is deprecated in APPPATH\Controllers\Kriteria.php on line 10.
 1 SYSTEMPATH\CodeIgniter.php(921): App\Controllers\Kriteria->__construct()
 2 SYSTEMPATH\CodeIgniter.php(488): CodeIgniter\CodeIgniter->createController()
 3 SYSTEMPATH\CodeIgniter.php(340): CodeIgniter\CodeIgniter->handleRequest(null, Object(Config\Cache), false)
 4 SYSTEMPATH\Boot.php(417): CodeIgniter\CodeIgniter->run()
 5 SYSTEMPATH\Boot.php(68): CodeIgniter\Boot::runCodeIgniter(Object(CodeIgniter\CodeIgniter))
 6 FCPATH\index.php(59): CodeIgniter\Boot::bootWeb(Object(Config\Paths))
WARNING - 2026-04-27 02:54:14 --> [DEPRECATED] Creation of dynamic property App\Controllers\Kriteria::$model is deprecated in APPPATH\Controllers\Kriteria.php on line 10.
 1 SYSTEMPATH\CodeIgniter.php(921): App\Controllers\Kriteria->__construct()
 2 SYSTEMPATH\CodeIgniter.php(488): CodeIgniter\CodeIgniter->createController()
 3 SYSTEMPATH\CodeIgniter.php(340): CodeIgniter\CodeIgniter->handleRequest(null, Object(Config\Cache), false)
 4 SYSTEMPATH\Boot.php(417): CodeIgniter\CodeIgniter->run()
 5 SYSTEMPATH\Boot.php(68): CodeIgniter\Boot::runCodeIgniter(Object(CodeIgniter\CodeIgniter))
 6 FCPATH\index.php(59): CodeIgniter\Boot::bootWeb(Object(Config\Paths))
WARNING - 2026-04-27 02:54:14 --> [DEPRECATED] Creation of dynamic property App\Controllers\Kriteria::$model is deprecated in APPPATH\Controllers\Kriteria.php on line 10.
 1 SYSTEMPATH\CodeIgniter.php(921): App\Controllers\Kriteria->__construct()
 2 SYSTEMPATH\CodeIgniter.php(488): CodeIgniter\CodeIgniter->createController()
 3 SYSTEMPATH\CodeIgniter.php(340): CodeIgniter\CodeIgniter->handleRequest(null, Object(Config\Cache), false)
 4 SYSTEMPATH\Boot.php(417): CodeIgniter\CodeIgniter->run()
 5 SYSTEMPATH\Boot.php(68): CodeIgniter\Boot::runCodeIgniter(Object(CodeIgniter\CodeIgniter))
 6 FCPATH\index.php(59): CodeIgniter\Boot::bootWeb(Object(Config\Paths))
WARNING - 2026-04-27 02:54:17 --> [DEPRECATED] Creation of dynamic property App\Controllers\Kriteria::$model is deprecated in APPPATH\Controllers\Kriteria.php on line 10.
 1 SYSTEMPATH\CodeIgniter.php(921): App\Controllers\Kriteria->__construct()
 2 SYSTEMPATH\CodeIgniter.php(488): CodeIgniter\CodeIgniter->createController()
 3 SYSTEMPATH\CodeIgniter.php(340): CodeIgniter\CodeIgniter->handleRequest(null, Object(Config\Cache), false)
 4 SYSTEMPATH\Boot.php(417): CodeIgniter\CodeIgniter->run()
 5 SYSTEMPATH\Boot.php(68): CodeIgniter\Boot::runCodeIgniter(Object(CodeIgniter\CodeIgniter))
 6 FCPATH\index.php(59): CodeIgniter\Boot::bootWeb(Object(Config\Paths))
WARNING - 2026-04-27 02:54:17 --> [DEPRECATED] Creation of dynamic property App\Controllers\Kriteria::$model is deprecated in APPPATH\Controllers\Kriteria.php on line 10.
 1 SYSTEMPATH\CodeIgniter.php(921): App\Controllers\Kriteria->__construct()
 2 SYSTEMPATH\CodeIgniter.php(488): CodeIgniter\CodeIgniter->createController()
 3 SYSTEMPATH\CodeIgniter.php(340): CodeIgniter\CodeIgniter->handleRequest(null, Object(Config\Cache), false)
 4 SYSTEMPATH\Boot.php(417): CodeIgniter\CodeIgniter->run()
 5 SYSTEMPATH\Boot.php(68): CodeIgniter\Boot::runCodeIgniter(Object(CodeIgniter\CodeIgniter))
 6 FCPATH\index.php(59): CodeIgniter\Boot::bootWeb(Object(Config\Paths))
WARNING - 2026-04-27 02:54:17 --> [DEPRECATED] Creation of dynamic property App\Controllers\Kriteria::$model is deprecated in APPPATH\Controllers\Kriteria.php on line 10.
 1 SYSTEMPATH\CodeIgniter.php(921): App\Controllers\Kriteria->__construct()
 2 SYSTEMPATH\CodeIgniter.php(488): CodeIgniter\CodeIgniter->createController()
 3 SYSTEMPATH\CodeIgniter.php(340): CodeIgniter\CodeIgniter->handleRequest(null, Object(Config\Cache), false)
 4 SYSTEMPATH\Boot.php(417): CodeIgniter\CodeIgniter->run()
 5 SYSTEMPATH\Boot.php(68): CodeIgniter\Boot::runCodeIgniter(Object(CodeIgniter\CodeIgniter))
 6 FCPATH\index.php(59): CodeIgniter\Boot::bootWeb(Object(Config\Paths))
WARNING - 2026-04-27 02:54:17 --> [DEPRECATED] Creation of dynamic property App\Controllers\Kriteria::$model is deprecated in APPPATH\Controllers\Kriteria.php on line 10.
 1 SYSTEMPATH\CodeIgniter.php(921): App\Controllers\Kriteria->__construct()
 2 SYSTEMPATH\CodeIgniter.php(488): CodeIgniter\CodeIgniter->createController()
 3 SYSTEMPATH\CodeIgniter.php(340): CodeIgniter\CodeIgniter->handleRequest(null, Object(Config\Cache), false)
 4 SYSTEMPATH\Boot.php(417): CodeIgniter\CodeIgniter->run()
 5 SYSTEMPATH\Boot.php(68): CodeIgniter\Boot::runCodeIgniter(Object(CodeIgniter\CodeIgniter))
 6 FCPATH\index.php(59): CodeIgniter\Boot::bootWeb(Object(Config\Paths))
WARNING - 2026-04-27 02:54:17 --> [DEPRECATED] Creation of dynamic property App\Controllers\Kriteria::$model is deprecated in APPPATH\Controllers\Kriteria.php on line 10.
 1 SYSTEMPATH\CodeIgniter.php(921): App\Controllers\Kriteria->__construct()
 2 SYSTEMPATH\CodeIgniter.php(488): CodeIgniter\CodeIgniter->createController()
 3 SYSTEMPATH\CodeIgniter.php(340): CodeIgniter\CodeIgniter->handleRequest(null, Object(Config\Cache), false)
 4 SYSTEMPATH\Boot.php(417): CodeIgniter\CodeIgniter->run()
 5 SYSTEMPATH\Boot.php(68): CodeIgniter\Boot::runCodeIgniter(Object(CodeIgniter\CodeIgniter))
 6 FCPATH\index.php(59): CodeIgniter\Boot::bootWeb(Object(Config\Paths))
WARNING - 2026-04-27 02:54:35 --> [DEPRECATED] Creation of dynamic property App\Controllers\Kriteria::$model is deprecated in APPPATH\Controllers\Kriteria.php on line 10.
 1 SYSTEMPATH\CodeIgniter.php(921): App\Controllers\Kriteria->__construct()
 2 SYSTEMPATH\CodeIgniter.php(488): CodeIgniter\CodeIgniter->createController()
 3 SYSTEMPATH\CodeIgniter.php(340): CodeIgniter\CodeIgniter->handleRequest(null, Object(Config\Cache), false)
 4 SYSTEMPATH\Boot.php(417): CodeIgniter\CodeIgniter->run()
 5 SYSTEMPATH\Boot.php(68): CodeIgniter\Boot::runCodeIgniter(Object(CodeIgniter\CodeIgniter))
 6 FCPATH\index.php(59): CodeIgniter\Boot::bootWeb(Object(Config\Paths))
WARNING - 2026-04-27 02:54:35 --> [DEPRECATED] Creation of dynamic property App\Controllers\Kriteria::$model is deprecated in APPPATH\Controllers\Kriteria.php on line 10.
 1 SYSTEMPATH\CodeIgniter.php(921): App\Controllers\Kriteria->__construct()
 2 SYSTEMPATH\CodeIgniter.php(488): CodeIgniter\CodeIgniter->createController()
 3 SYSTEMPATH\CodeIgniter.php(340): CodeIgniter\CodeIgniter->handleRequest(null, Object(Config\Cache), false)
 4 SYSTEMPATH\Boot.php(417): CodeIgniter\CodeIgniter->run()
 5 SYSTEMPATH\Boot.php(68): CodeIgniter\Boot::runCodeIgniter(Object(CodeIgniter\CodeIgniter))
 6 FCPATH\index.php(59): CodeIgniter\Boot::bootWeb(Object(Config\Paths))
WARNING - 2026-04-27 02:54:35 --> [DEPRECATED] Creation of dynamic property App\Controllers\Kriteria::$model is deprecated in APPPATH\Controllers\Kriteria.php on line 10.
 1 SYSTEMPATH\CodeIgniter.php(921): App\Controllers\Kriteria->__construct()
 2 SYSTEMPATH\CodeIgniter.php(488): CodeIgniter\CodeIgniter->createController()
 3 SYSTEMPATH\CodeIgniter.php(340): CodeIgniter\CodeIgniter->handleRequest(null, Object(Config\Cache), false)
 4 SYSTEMPATH\Boot.php(417): CodeIgniter\CodeIgniter->run()
 5 SYSTEMPATH\Boot.php(68): CodeIgniter\Boot::runCodeIgniter(Object(CodeIgniter\CodeIgniter))
 6 FCPATH\index.php(59): CodeIgniter\Boot::bootWeb(Object(Config\Paths))
WARNING - 2026-04-27 02:54:35 --> [DEPRECATED] Creation of dynamic property App\Controllers\Kriteria::$model is deprecated in APPPATH\Controllers\Kriteria.php on line 10.
 1 SYSTEMPATH\CodeIgniter.php(921): App\Controllers\Kriteria->__construct()
 2 SYSTEMPATH\CodeIgniter.php(488): CodeIgniter\CodeIgniter->createController()
 3 SYSTEMPATH\CodeIgniter.php(340): CodeIgniter\CodeIgniter->handleRequest(null, Object(Config\Cache), false)
 4 SYSTEMPATH\Boot.php(417): CodeIgniter\CodeIgniter->run()
 5 SYSTEMPATH\Boot.php(68): CodeIgniter\Boot::runCodeIgniter(Object(CodeIgniter\CodeIgniter))
 6 FCPATH\index.php(59): CodeIgniter\Boot::bootWeb(Object(Config\Paths))
WARNING - 2026-04-27 02:54:35 --> [DEPRECATED] Creation of dynamic property App\Controllers\Kriteria::$model is deprecated in APPPATH\Controllers\Kriteria.php on line 10.
 1 SYSTEMPATH\CodeIgniter.php(921): App\Controllers\Kriteria->__construct()
 2 SYSTEMPATH\CodeIgniter.php(488): CodeIgniter\CodeIgniter->createController()
 3 SYSTEMPATH\CodeIgniter.php(340): CodeIgniter\CodeIgniter->handleRequest(null, Object(Config\Cache), false)
 4 SYSTEMPATH\Boot.php(417): CodeIgniter\CodeIgniter->run()
 5 SYSTEMPATH\Boot.php(68): CodeIgniter\Boot::runCodeIgniter(Object(CodeIgniter\CodeIgniter))
 6 FCPATH\index.php(59): CodeIgniter\Boot::bootWeb(Object(Config\Paths))
WARNING - 2026-04-27 02:57:00 --> [DEPRECATED] Creation of dynamic property App\Controllers\Kriteria::$model is deprecated in APPPATH\Controllers\Kriteria.php on line 10.
 1 SYSTEMPATH\CodeIgniter.php(921): App\Controllers\Kriteria->__construct()
 2 SYSTEMPATH\CodeIgniter.php(488): CodeIgniter\CodeIgniter->createController()
 3 SYSTEMPATH\CodeIgniter.php(340): CodeIgniter\CodeIgniter->handleRequest(null, Object(Config\Cache), false)
 4 SYSTEMPATH\Boot.php(417): CodeIgniter\CodeIgniter->run()
 5 SYSTEMPATH\Boot.php(68): CodeIgniter\Boot::runCodeIgniter(Object(CodeIgniter\CodeIgniter))
 6 FCPATH\index.php(59): CodeIgniter\Boot::bootWeb(Object(Config\Paths))
WARNING - 2026-04-27 02:57:01 --> [DEPRECATED] Creation of dynamic property App\Controllers\Kriteria::$model is deprecated in APPPATH\Controllers\Kriteria.php on line 10.
 1 SYSTEMPATH\CodeIgniter.php(921): App\Controllers\Kriteria->__construct()
 2 SYSTEMPATH\CodeIgniter.php(488): CodeIgniter\CodeIgniter->createController()
 3 SYSTEMPATH\CodeIgniter.php(340): CodeIgniter\CodeIgniter->handleRequest(null, Object(Config\Cache), false)
 4 SYSTEMPATH\Boot.php(417): CodeIgniter\CodeIgniter->run()
 5 SYSTEMPATH\Boot.php(68): CodeIgniter\Boot::runCodeIgniter(Object(CodeIgniter\CodeIgniter))
 6 FCPATH\index.php(59): CodeIgniter\Boot::bootWeb(Object(Config\Paths))
WARNING - 2026-04-27 02:57:01 --> [DEPRECATED] Creation of dynamic property App\Controllers\Kriteria::$model is deprecated in APPPATH\Controllers\Kriteria.php on line 10.
 1 SYSTEMPATH\CodeIgniter.php(921): App\Controllers\Kriteria->__construct()
 2 SYSTEMPATH\CodeIgniter.php(488): CodeIgniter\CodeIgniter->createController()
 3 SYSTEMPATH\CodeIgniter.php(340): CodeIgniter\CodeIgniter->handleRequest(null, Object(Config\Cache), false)
 4 SYSTEMPATH\Boot.php(417): CodeIgniter\CodeIgniter->run()
 5 SYSTEMPATH\Boot.php(68): CodeIgniter\Boot::runCodeIgniter(Object(CodeIgniter\CodeIgniter))
 6 FCPATH\index.php(59): CodeIgniter\Boot::bootWeb(Object(Config\Paths))
WARNING - 2026-04-27 02:57:01 --> [DEPRECATED] Creation of dynamic property App\Controllers\Kriteria::$model is deprecated in APPPATH\Controllers\Kriteria.php on line 10.
 1 SYSTEMPATH\CodeIgniter.php(921): App\Controllers\Kriteria->__construct()
 2 SYSTEMPATH\CodeIgniter.php(488): CodeIgniter\CodeIgniter->createController()
 3 SYSTEMPATH\CodeIgniter.php(340): CodeIgniter\CodeIgniter->handleRequest(null, Object(Config\Cache), false)
 4 SYSTEMPATH\Boot.php(417): CodeIgniter\CodeIgniter->run()
 5 SYSTEMPATH\Boot.php(68): CodeIgniter\Boot::runCodeIgniter(Object(CodeIgniter\CodeIgniter))
 6 FCPATH\index.php(59): CodeIgniter\Boot::bootWeb(Object(Config\Paths))
WARNING - 2026-04-27 02:57:05 --> [DEPRECATED] Creation of dynamic property App\Controllers\Kriteria::$model is deprecated in APPPATH\Controllers\Kriteria.php on line 10.
 1 SYSTEMPATH\CodeIgniter.php(921): App\Controllers\Kriteria->__construct()
 2 SYSTEMPATH\CodeIgniter.php(488): CodeIgniter\CodeIgniter->createController()
 3 SYSTEMPATH\CodeIgniter.php(340): CodeIgniter\CodeIgniter->handleRequest(null, Object(Config\Cache), false)
 4 SYSTEMPATH\Boot.php(417): CodeIgniter\CodeIgniter->run()
 5 SYSTEMPATH\Boot.php(68): CodeIgniter\Boot::runCodeIgniter(Object(CodeIgniter\CodeIgniter))
 6 FCPATH\index.php(59): CodeIgniter\Boot::bootWeb(Object(Config\Paths))
WARNING - 2026-04-27 02:57:05 --> [DEPRECATED] Creation of dynamic property App\Controllers\Kriteria::$model is deprecated in APPPATH\Controllers\Kriteria.php on line 10.
 1 SYSTEMPATH\CodeIgniter.php(921): App\Controllers\Kriteria->__construct()
 2 SYSTEMPATH\CodeIgniter.php(488): CodeIgniter\CodeIgniter->createController()
 3 SYSTEMPATH\CodeIgniter.php(340): CodeIgniter\CodeIgniter->handleRequest(null, Object(Config\Cache), false)
 4 SYSTEMPATH\Boot.php(417): CodeIgniter\CodeIgniter->run()
 5 SYSTEMPATH\Boot.php(68): CodeIgniter\Boot::runCodeIgniter(Object(CodeIgniter\CodeIgniter))
 6 FCPATH\index.php(59): CodeIgniter\Boot::bootWeb(Object(Config\Paths))
WARNING - 2026-04-27 02:57:05 --> [DEPRECATED] Creation of dynamic property App\Controllers\Kriteria::$model is deprecated in APPPATH\Controllers\Kriteria.php on line 10.
 1 SYSTEMPATH\CodeIgniter.php(921): App\Controllers\Kriteria->__construct()
 2 SYSTEMPATH\CodeIgniter.php(488): CodeIgniter\CodeIgniter->createController()
 3 SYSTEMPATH\CodeIgniter.php(340): CodeIgniter\CodeIgniter->handleRequest(null, Object(Config\Cache), false)
 4 SYSTEMPATH\Boot.php(417): CodeIgniter\CodeIgniter->run()
 5 SYSTEMPATH\Boot.php(68): CodeIgniter\Boot::runCodeIgniter(Object(CodeIgniter\CodeIgniter))
 6 FCPATH\index.php(59): CodeIgniter\Boot::bootWeb(Object(Config\Paths))
WARNING - 2026-04-27 02:57:05 --> [DEPRECATED] Creation of dynamic property App\Controllers\Kriteria::$model is deprecated in APPPATH\Controllers\Kriteria.php on line 10.
 1 SYSTEMPATH\CodeIgniter.php(921): App\Controllers\Kriteria->__construct()
 2 SYSTEMPATH\CodeIgniter.php(488): CodeIgniter\CodeIgniter->createController()
 3 SYSTEMPATH\CodeIgniter.php(340): CodeIgniter\CodeIgniter->handleRequest(null, Object(Config\Cache), false)
 4 SYSTEMPATH\Boot.php(417): CodeIgniter\CodeIgniter->run()
 5 SYSTEMPATH\Boot.php(68): CodeIgniter\Boot::runCodeIgniter(Object(CodeIgniter\CodeIgniter))
 6 FCPATH\index.php(59): CodeIgniter\Boot::bootWeb(Object(Config\Paths))
WARNING - 2026-04-27 02:57:05 --> [DEPRECATED] Creation of dynamic property App\Controllers\Kriteria::$model is deprecated in APPPATH\Controllers\Kriteria.php on line 10.
 1 SYSTEMPATH\CodeIgniter.php(921): App\Controllers\Kriteria->__construct()
 2 SYSTEMPATH\CodeIgniter.php(488): CodeIgniter\CodeIgniter->createController()
 3 SYSTEMPATH\CodeIgniter.php(340): CodeIgniter\CodeIgniter->handleRequest(null, Object(Config\Cache), false)
 4 SYSTEMPATH\Boot.php(417): CodeIgniter\CodeIgniter->run()
 5 SYSTEMPATH\Boot.php(68): CodeIgniter\Boot::runCodeIgniter(Object(CodeIgniter\CodeIgniter))
 6 FCPATH\index.php(59): CodeIgniter\Boot::bootWeb(Object(Config\Paths))
WARNING - 2026-04-27 02:57:06 --> [DEPRECATED] Creation of dynamic property App\Controllers\Kriteria::$model is deprecated in APPPATH\Controllers\Kriteria.php on line 10.
 1 SYSTEMPATH\CodeIgniter.php(921): App\Controllers\Kriteria->__construct()
 2 SYSTEMPATH\CodeIgniter.php(488): CodeIgniter\CodeIgniter->createController()
 3 SYSTEMPATH\CodeIgniter.php(340): CodeIgniter\CodeIgniter->handleRequest(null, Object(Config\Cache), false)
 4 SYSTEMPATH\Boot.php(417): CodeIgniter\CodeIgniter->run()
 5 SYSTEMPATH\Boot.php(68): CodeIgniter\Boot::runCodeIgniter(Object(CodeIgniter\CodeIgniter))
 6 FCPATH\index.php(59): CodeIgniter\Boot::bootWeb(Object(Config\Paths))
WARNING - 2026-04-27 02:57:06 --> [DEPRECATED] Creation of dynamic property App\Controllers\Kriteria::$model is deprecated in APPPATH\Controllers\Kriteria.php on line 10.
 1 SYSTEMPATH\CodeIgniter.php(921): App\Controllers\Kriteria->__construct()
 2 SYSTEMPATH\CodeIgniter.php(488): CodeIgniter\CodeIgniter->createController()
 3 SYSTEMPATH\CodeIgniter.php(340): CodeIgniter\CodeIgniter->handleRequest(null, Object(Config\Cache), false)
 4 SYSTEMPATH\Boot.php(417): CodeIgniter\CodeIgniter->run()
 5 SYSTEMPATH\Boot.php(68): CodeIgniter\Boot::runCodeIgniter(Object(CodeIgniter\CodeIgniter))
 6 FCPATH\index.php(59): CodeIgniter\Boot::bootWeb(Object(Config\Paths))
WARNING - 2026-04-27 02:57:06 --> [DEPRECATED] Creation of dynamic property App\Controllers\Kriteria::$model is deprecated in APPPATH\Controllers\Kriteria.php on line 10.
 1 SYSTEMPATH\CodeIgniter.php(921): App\Controllers\Kriteria->__construct()
 2 SYSTEMPATH\CodeIgniter.php(488): CodeIgniter\CodeIgniter->createController()
 3 SYSTEMPATH\CodeIgniter.php(340): CodeIgniter\CodeIgniter->handleRequest(null, Object(Config\Cache), false)
 4 SYSTEMPATH\Boot.php(417): CodeIgniter\CodeIgniter->run()
 5 SYSTEMPATH\Boot.php(68): CodeIgniter\Boot::runCodeIgniter(Object(CodeIgniter\CodeIgniter))
 6 FCPATH\index.php(59): CodeIgniter\Boot::bootWeb(Object(Config\Paths))
WARNING - 2026-04-27 02:57:06 --> [DEPRECATED] Creation of dynamic property App\Controllers\Kriteria::$model is deprecated in APPPATH\Controllers\Kriteria.php on line 10.
 1 SYSTEMPATH\CodeIgniter.php(921): App\Controllers\Kriteria->__construct()
 2 SYSTEMPATH\CodeIgniter.php(488): CodeIgniter\CodeIgniter->createController()
 3 SYSTEMPATH\CodeIgniter.php(340): CodeIgniter\CodeIgniter->handleRequest(null, Object(Config\Cache), false)
 4 SYSTEMPATH\Boot.php(417): CodeIgniter\CodeIgniter->run()
 5 SYSTEMPATH\Boot.php(68): CodeIgniter\Boot::runCodeIgniter(Object(CodeIgniter\CodeIgniter))
 6 FCPATH\index.php(59): CodeIgniter\Boot::bootWeb(Object(Config\Paths))
WARNING - 2026-04-27 02:57:06 --> [DEPRECATED] Creation of dynamic property App\Controllers\Kriteria::$model is deprecated in APPPATH\Controllers\Kriteria.php on line 10.
 1 SYSTEMPATH\CodeIgniter.php(921): App\Controllers\Kriteria->__construct()
 2 SYSTEMPATH\CodeIgniter.php(488): CodeIgniter\CodeIgniter->createController()
 3 SYSTEMPATH\CodeIgniter.php(340): CodeIgniter\CodeIgniter->handleRequest(null, Object(Config\Cache), false)
 4 SYSTEMPATH\Boot.php(417): CodeIgniter\CodeIgniter->run()
 5 SYSTEMPATH\Boot.php(68): CodeIgniter\Boot::runCodeIgniter(Object(CodeIgniter\CodeIgniter))
 6 FCPATH\index.php(59): CodeIgniter\Boot::bootWeb(Object(Config\Paths))
WARNING - 2026-04-27 02:57:06 --> [DEPRECATED] Creation of dynamic property App\Controllers\Kriteria::$model is deprecated in APPPATH\Controllers\Kriteria.php on line 10.
 1 SYSTEMPATH\CodeIgniter.php(921): App\Controllers\Kriteria->__construct()
 2 SYSTEMPATH\CodeIgniter.php(488): CodeIgniter\CodeIgniter->createController()
 3 SYSTEMPATH\CodeIgniter.php(340): CodeIgniter\CodeIgniter->handleRequest(null, Object(Config\Cache), false)
 4 SYSTEMPATH\Boot.php(417): CodeIgniter\CodeIgniter->run()
 5 SYSTEMPATH\Boot.php(68): CodeIgniter\Boot::runCodeIgniter(Object(CodeIgniter\CodeIgniter))
 6 FCPATH\index.php(59): CodeIgniter\Boot::bootWeb(Object(Config\Paths))
WARNING - 2026-04-27 02:57:06 --> [DEPRECATED] Creation of dynamic property App\Controllers\Kriteria::$model is deprecated in APPPATH\Controllers\Kriteria.php on line 10.
 1 SYSTEMPATH\CodeIgniter.php(921): App\Controllers\Kriteria->__construct()
 2 SYSTEMPATH\CodeIgniter.php(488): CodeIgniter\CodeIgniter->createController()
 3 SYSTEMPATH\CodeIgniter.php(340): CodeIgniter\CodeIgniter->handleRequest(null, Object(Config\Cache), false)
 4 SYSTEMPATH\Boot.php(417): CodeIgniter\CodeIgniter->run()
 5 SYSTEMPATH\Boot.php(68): CodeIgniter\Boot::runCodeIgniter(Object(CodeIgniter\CodeIgniter))
 6 FCPATH\index.php(59): CodeIgniter\Boot::bootWeb(Object(Config\Paths))
WARNING - 2026-04-27 02:57:10 --> [DEPRECATED] Creation of dynamic property App\Controllers\Kriteria::$model is deprecated in APPPATH\Controllers\Kriteria.php on line 10.
 1 SYSTEMPATH\CodeIgniter.php(921): App\Controllers\Kriteria->__construct()
 2 SYSTEMPATH\CodeIgniter.php(488): CodeIgniter\CodeIgniter->createController()
 3 SYSTEMPATH\CodeIgniter.php(340): CodeIgniter\CodeIgniter->handleRequest(null, Object(Config\Cache), false)
 4 SYSTEMPATH\Boot.php(417): CodeIgniter\CodeIgniter->run()
 5 SYSTEMPATH\Boot.php(68): CodeIgniter\Boot::runCodeIgniter(Object(CodeIgniter\CodeIgniter))
 6 FCPATH\index.php(59): CodeIgniter\Boot::bootWeb(Object(Config\Paths))
WARNING - 2026-04-27 02:57:10 --> [DEPRECATED] Creation of dynamic property App\Controllers\Kriteria::$model is deprecated in APPPATH\Controllers\Kriteria.php on line 10.
 1 SYSTEMPATH\CodeIgniter.php(921): App\Controllers\Kriteria->__construct()
 2 SYSTEMPATH\CodeIgniter.php(488): CodeIgniter\CodeIgniter->createController()
 3 SYSTEMPATH\CodeIgniter.php(340): CodeIgniter\CodeIgniter->handleRequest(null, Object(Config\Cache), false)
 4 SYSTEMPATH\Boot.php(417): CodeIgniter\CodeIgniter->run()
 5 SYSTEMPATH\Boot.php(68): CodeIgniter\Boot::runCodeIgniter(Object(CodeIgniter\CodeIgniter))
 6 FCPATH\index.php(59): CodeIgniter\Boot::bootWeb(Object(Config\Paths))
WARNING - 2026-04-27 02:57:10 --> [DEPRECATED] Creation of dynamic property App\Controllers\Kriteria::$model is deprecated in APPPATH\Controllers\Kriteria.php on line 10.
 1 SYSTEMPATH\CodeIgniter.php(921): App\Controllers\Kriteria->__construct()
 2 SYSTEMPATH\CodeIgniter.php(488): CodeIgniter\CodeIgniter->createController()
 3 SYSTEMPATH\CodeIgniter.php(340): CodeIgniter\CodeIgniter->handleRequest(null, Object(Config\Cache), false)
 4 SYSTEMPATH\Boot.php(417): CodeIgniter\CodeIgniter->run()
 5 SYSTEMPATH\Boot.php(68): CodeIgniter\Boot::runCodeIgniter(Object(CodeIgniter\CodeIgniter))
 6 FCPATH\index.php(59): CodeIgniter\Boot::bootWeb(Object(Config\Paths))
WARNING - 2026-04-27 02:57:10 --> [DEPRECATED] Creation of dynamic property App\Controllers\Kriteria::$model is deprecated in APPPATH\Controllers\Kriteria.php on line 10.
 1 SYSTEMPATH\CodeIgniter.php(921): App\Controllers\Kriteria->__construct()
 2 SYSTEMPATH\CodeIgniter.php(488): CodeIgniter\CodeIgniter->createController()
 3 SYSTEMPATH\CodeIgniter.php(340): CodeIgniter\CodeIgniter->handleRequest(null, Object(Config\Cache), false)
 4 SYSTEMPATH\Boot.php(417): CodeIgniter\CodeIgniter->run()
 5 SYSTEMPATH\Boot.php(68): CodeIgniter\Boot::runCodeIgniter(Object(CodeIgniter\CodeIgniter))
 6 FCPATH\index.php(59): CodeIgniter\Boot::bootWeb(Object(Config\Paths))
WARNING - 2026-04-27 02:57:10 --> [DEPRECATED] Creation of dynamic property App\Controllers\Kriteria::$model is deprecated in APPPATH\Controllers\Kriteria.php on line 10.
 1 SYSTEMPATH\CodeIgniter.php(921): App\Controllers\Kriteria->__construct()
 2 SYSTEMPATH\CodeIgniter.php(488): CodeIgniter\CodeIgniter->createController()
 3 SYSTEMPATH\CodeIgniter.php(340): CodeIgniter\CodeIgniter->handleRequest(null, Object(Config\Cache), false)
 4 SYSTEMPATH\Boot.php(417): CodeIgniter\CodeIgniter->run()
 5 SYSTEMPATH\Boot.php(68): CodeIgniter\Boot::runCodeIgniter(Object(CodeIgniter\CodeIgniter))
 6 FCPATH\index.php(59): CodeIgniter\Boot::bootWeb(Object(Config\Paths))
WARNING - 2026-04-27 02:57:10 --> [DEPRECATED] Creation of dynamic property App\Controllers\Kriteria::$model is deprecated in APPPATH\Controllers\Kriteria.php on line 10.
 1 SYSTEMPATH\CodeIgniter.php(921): App\Controllers\Kriteria->__construct()
 2 SYSTEMPATH\CodeIgniter.php(488): CodeIgniter\CodeIgniter->createController()
 3 SYSTEMPATH\CodeIgniter.php(340): CodeIgniter\CodeIgniter->handleRequest(null, Object(Config\Cache), false)
 4 SYSTEMPATH\Boot.php(417): CodeIgniter\CodeIgniter->run()
 5 SYSTEMPATH\Boot.php(68): CodeIgniter\Boot::runCodeIgniter(Object(CodeIgniter\CodeIgniter))
 6 FCPATH\index.php(59): CodeIgniter\Boot::bootWeb(Object(Config\Paths))
WARNING - 2026-04-27 02:57:10 --> [DEPRECATED] Creation of dynamic property App\Controllers\Kriteria::$model is deprecated in APPPATH\Controllers\Kriteria.php on line 10.
 1 SYSTEMPATH\CodeIgniter.php(921): App\Controllers\Kriteria->__construct()
 2 SYSTEMPATH\CodeIgniter.php(488): CodeIgniter\CodeIgniter->createController()
 3 SYSTEMPATH\CodeIgniter.php(340): CodeIgniter\CodeIgniter->handleRequest(null, Object(Config\Cache), false)
 4 SYSTEMPATH\Boot.php(417): CodeIgniter\CodeIgniter->run()
 5 SYSTEMPATH\Boot.php(68): CodeIgniter\Boot::runCodeIgniter(Object(CodeIgniter\CodeIgniter))
 6 FCPATH\index.php(59): CodeIgniter\Boot::bootWeb(Object(Config\Paths))
WARNING - 2026-04-27 02:57:10 --> [DEPRECATED] Creation of dynamic property App\Controllers\Kriteria::$model is deprecated in APPPATH\Controllers\Kriteria.php on line 10.
 1 SYSTEMPATH\CodeIgniter.php(921): App\Controllers\Kriteria->__construct()
 2 SYSTEMPATH\CodeIgniter.php(488): CodeIgniter\CodeIgniter->createController()
 3 SYSTEMPATH\CodeIgniter.php(340): CodeIgniter\CodeIgniter->handleRequest(null, Object(Config\Cache), false)
 4 SYSTEMPATH\Boot.php(417): CodeIgniter\CodeIgniter->run()
 5 SYSTEMPATH\Boot.php(68): CodeIgniter\Boot::runCodeIgniter(Object(CodeIgniter\CodeIgniter))
 6 FCPATH\index.php(59): CodeIgniter\Boot::bootWeb(Object(Config\Paths))
WARNING - 2026-04-27 02:57:10 --> [DEPRECATED] Creation of dynamic property App\Controllers\Kriteria::$model is deprecated in APPPATH\Controllers\Kriteria.php on line 10.
 1 SYSTEMPATH\CodeIgniter.php(921): App\Controllers\Kriteria->__construct()
 2 SYSTEMPATH\CodeIgniter.php(488): CodeIgniter\CodeIgniter->createController()
 3 SYSTEMPATH\CodeIgniter.php(340): CodeIgniter\CodeIgniter->handleRequest(null, Object(Config\Cache), false)
 4 SYSTEMPATH\Boot.php(417): CodeIgniter\CodeIgniter->run()
 5 SYSTEMPATH\Boot.php(68): CodeIgniter\Boot::runCodeIgniter(Object(CodeIgniter\CodeIgniter))
 6 FCPATH\index.php(59): CodeIgniter\Boot::bootWeb(Object(Config\Paths))
WARNING - 2026-04-27 02:57:10 --> [DEPRECATED] Creation of dynamic property App\Controllers\Kriteria::$model is deprecated in APPPATH\Controllers\Kriteria.php on line 10.
 1 SYSTEMPATH\CodeIgniter.php(921): App\Controllers\Kriteria->__construct()
 2 SYSTEMPATH\CodeIgniter.php(488): CodeIgniter\CodeIgniter->createController()
 3 SYSTEMPATH\CodeIgniter.php(340): CodeIgniter\CodeIgniter->handleRequest(null, Object(Config\Cache), false)
 4 SYSTEMPATH\Boot.php(417): CodeIgniter\CodeIgniter->run()
 5 SYSTEMPATH\Boot.php(68): CodeIgniter\Boot::runCodeIgniter(Object(CodeIgniter\CodeIgniter))
 6 FCPATH\index.php(59): CodeIgniter\Boot::bootWeb(Object(Config\Paths))
WARNING - 2026-04-27 02:57:10 --> [DEPRECATED] Creation of dynamic property App\Controllers\Kriteria::$model is deprecated in APPPATH\Controllers\Kriteria.php on line 10.
 1 SYSTEMPATH\CodeIgniter.php(921): App\Controllers\Kriteria->__construct()
 2 SYSTEMPATH\CodeIgniter.php(488): CodeIgniter\CodeIgniter->createController()
 3 SYSTEMPATH\CodeIgniter.php(340): CodeIgniter\CodeIgniter->handleRequest(null, Object(Config\Cache), false)
 4 SYSTEMPATH\Boot.php(417): CodeIgniter\CodeIgniter->run()
 5 SYSTEMPATH\Boot.php(68): CodeIgniter\Boot::runCodeIgniter(Object(CodeIgniter\CodeIgniter))
 6 FCPATH\index.php(59): CodeIgniter\Boot::bootWeb(Object(Config\Paths))
WARNING - 2026-04-27 02:57:45 --> [DEPRECATED] Creation of dynamic property App\Controllers\Kriteria::$model is deprecated in APPPATH\Controllers\Kriteria.php on line 10.
 1 SYSTEMPATH\CodeIgniter.php(921): App\Controllers\Kriteria->__construct()
 2 SYSTEMPATH\CodeIgniter.php(488): CodeIgniter\CodeIgniter->createController()
 3 SYSTEMPATH\CodeIgniter.php(340): CodeIgniter\CodeIgniter->handleRequest(null, Object(Config\Cache), false)
 4 SYSTEMPATH\Boot.php(417): CodeIgniter\CodeIgniter->run()
 5 SYSTEMPATH\Boot.php(68): CodeIgniter\Boot::runCodeIgniter(Object(CodeIgniter\CodeIgniter))
 6 FCPATH\index.php(59): CodeIgniter\Boot::bootWeb(Object(Config\Paths))
WARNING - 2026-04-27 02:57:45 --> [DEPRECATED] Creation of dynamic property App\Controllers\Kriteria::$model is deprecated in APPPATH\Controllers\Kriteria.php on line 10.
 1 SYSTEMPATH\CodeIgniter.php(921): App\Controllers\Kriteria->__construct()
 2 SYSTEMPATH\CodeIgniter.php(488): CodeIgniter\CodeIgniter->createController()
 3 SYSTEMPATH\CodeIgniter.php(340): CodeIgniter\CodeIgniter->handleRequest(null, Object(Config\Cache), false)
 4 SYSTEMPATH\Boot.php(417): CodeIgniter\CodeIgniter->run()
 5 SYSTEMPATH\Boot.php(68): CodeIgniter\Boot::runCodeIgniter(Object(CodeIgniter\CodeIgniter))
 6 FCPATH\index.php(59): CodeIgniter\Boot::bootWeb(Object(Config\Paths))
WARNING - 2026-04-27 02:57:45 --> [DEPRECATED] Creation of dynamic property App\Controllers\Kriteria::$model is deprecated in APPPATH\Controllers\Kriteria.php on line 10.
 1 SYSTEMPATH\CodeIgniter.php(921): App\Controllers\Kriteria->__construct()
 2 SYSTEMPATH\CodeIgniter.php(488): CodeIgniter\CodeIgniter->createController()
 3 SYSTEMPATH\CodeIgniter.php(340): CodeIgniter\CodeIgniter->handleRequest(null, Object(Config\Cache), false)
 4 SYSTEMPATH\Boot.php(417): CodeIgniter\CodeIgniter->run()
 5 SYSTEMPATH\Boot.php(68): CodeIgniter\Boot::runCodeIgniter(Object(CodeIgniter\CodeIgniter))
 6 FCPATH\index.php(59): CodeIgniter\Boot::bootWeb(Object(Config\Paths))
WARNING - 2026-04-27 02:57:45 --> [DEPRECATED] Creation of dynamic property App\Controllers\Kriteria::$model is deprecated in APPPATH\Controllers\Kriteria.php on line 10.
 1 SYSTEMPATH\CodeIgniter.php(921): App\Controllers\Kriteria->__construct()
 2 SYSTEMPATH\CodeIgniter.php(488): CodeIgniter\CodeIgniter->createController()
 3 SYSTEMPATH\CodeIgniter.php(340): CodeIgniter\CodeIgniter->handleRequest(null, Object(Config\Cache), false)
 4 SYSTEMPATH\Boot.php(417): CodeIgniter\CodeIgniter->run()
 5 SYSTEMPATH\Boot.php(68): CodeIgniter\Boot::runCodeIgniter(Object(CodeIgniter\CodeIgniter))
 6 FCPATH\index.php(59): CodeIgniter\Boot::bootWeb(Object(Config\Paths))
WARNING - 2026-04-27 02:57:45 --> [DEPRECATED] Creation of dynamic property App\Controllers\Kriteria::$model is deprecated in APPPATH\Controllers\Kriteria.php on line 10.
 1 SYSTEMPATH\CodeIgniter.php(921): App\Controllers\Kriteria->__construct()
 2 SYSTEMPATH\CodeIgniter.php(488): CodeIgniter\CodeIgniter->createController()
 3 SYSTEMPATH\CodeIgniter.php(340): CodeIgniter\CodeIgniter->handleRequest(null, Object(Config\Cache), false)
 4 SYSTEMPATH\Boot.php(417): CodeIgniter\CodeIgniter->run()
 5 SYSTEMPATH\Boot.php(68): CodeIgniter\Boot::runCodeIgniter(Object(CodeIgniter\CodeIgniter))
 6 FCPATH\index.php(59): CodeIgniter\Boot::bootWeb(Object(Config\Paths))
WARNING - 2026-04-27 02:57:45 --> [DEPRECATED] Creation of dynamic property App\Controllers\Kriteria::$model is deprecated in APPPATH\Controllers\Kriteria.php on line 10.
 1 SYSTEMPATH\CodeIgniter.php(921): App\Controllers\Kriteria->__construct()
 2 SYSTEMPATH\CodeIgniter.php(488): CodeIgniter\CodeIgniter->createController()
 3 SYSTEMPATH\CodeIgniter.php(340): CodeIgniter\CodeIgniter->handleRequest(null, Object(Config\Cache), false)
 4 SYSTEMPATH\Boot.php(417): CodeIgniter\CodeIgniter->run()
 5 SYSTEMPATH\Boot.php(68): CodeIgniter\Boot::runCodeIgniter(Object(CodeIgniter\CodeIgniter))
 6 FCPATH\index.php(59): CodeIgniter\Boot::bootWeb(Object(Config\Paths))
WARNING - 2026-04-27 02:57:45 --> [DEPRECATED] Creation of dynamic property App\Controllers\Kriteria::$model is deprecated in APPPATH\Controllers\Kriteria.php on line 10.
 1 SYSTEMPATH\CodeIgniter.php(921): App\Controllers\Kriteria->__construct()
 2 SYSTEMPATH\CodeIgniter.php(488): CodeIgniter\CodeIgniter->createController()
 3 SYSTEMPATH\CodeIgniter.php(340): CodeIgniter\CodeIgniter->handleRequest(null, Object(Config\Cache), false)
 4 SYSTEMPATH\Boot.php(417): CodeIgniter\CodeIgniter->run()
 5 SYSTEMPATH\Boot.php(68): CodeIgniter\Boot::runCodeIgniter(Object(CodeIgniter\CodeIgniter))
 6 FCPATH\index.php(59): CodeIgniter\Boot::bootWeb(Object(Config\Paths))
WARNING - 2026-04-27 02:57:45 --> [DEPRECATED] Creation of dynamic property App\Controllers\Kriteria::$model is deprecated in APPPATH\Controllers\Kriteria.php on line 10.
 1 SYSTEMPATH\CodeIgniter.php(921): App\Controllers\Kriteria->__construct()
 2 SYSTEMPATH\CodeIgniter.php(488): CodeIgniter\CodeIgniter->createController()
 3 SYSTEMPATH\CodeIgniter.php(340): CodeIgniter\CodeIgniter->handleRequest(null, Object(Config\Cache), false)
 4 SYSTEMPATH\Boot.php(417): CodeIgniter\CodeIgniter->run()
 5 SYSTEMPATH\Boot.php(68): CodeIgniter\Boot::runCodeIgniter(Object(CodeIgniter\CodeIgniter))
 6 FCPATH\index.php(59): CodeIgniter\Boot::bootWeb(Object(Config\Paths))
WARNING - 2026-04-27 02:57:45 --> [DEPRECATED] Creation of dynamic property App\Controllers\Kriteria::$model is deprecated in APPPATH\Controllers\Kriteria.php on line 10.
 1 SYSTEMPATH\CodeIgniter.php(921): App\Controllers\Kriteria->__construct()
 2 SYSTEMPATH\CodeIgniter.php(488): CodeIgniter\CodeIgniter->createController()
 3 SYSTEMPATH\CodeIgniter.php(340): CodeIgniter\CodeIgniter->handleRequest(null, Object(Config\Cache), false)
 4 SYSTEMPATH\Boot.php(417): CodeIgniter\CodeIgniter->run()
 5 SYSTEMPATH\Boot.php(68): CodeIgniter\Boot::runCodeIgniter(Object(CodeIgniter\CodeIgniter))
 6 FCPATH\index.php(59): CodeIgniter\Boot::bootWeb(Object(Config\Paths))
WARNING - 2026-04-27 02:57:45 --> [DEPRECATED] Creation of dynamic property App\Controllers\Kriteria::$model is deprecated in APPPATH\Controllers\Kriteria.php on line 10.
 1 SYSTEMPATH\CodeIgniter.php(921): App\Controllers\Kriteria->__construct()
 2 SYSTEMPATH\CodeIgniter.php(488): CodeIgniter\CodeIgniter->createController()
 3 SYSTEMPATH\CodeIgniter.php(340): CodeIgniter\CodeIgniter->handleRequest(null, Object(Config\Cache), false)
 4 SYSTEMPATH\Boot.php(417): CodeIgniter\CodeIgniter->run()
 5 SYSTEMPATH\Boot.php(68): CodeIgniter\Boot::runCodeIgniter(Object(CodeIgniter\CodeIgniter))
 6 FCPATH\index.php(59): CodeIgniter\Boot::bootWeb(Object(Config\Paths))
WARNING - 2026-04-27 02:57:45 --> [DEPRECATED] Creation of dynamic property App\Controllers\Kriteria::$model is deprecated in APPPATH\Controllers\Kriteria.php on line 10.
 1 SYSTEMPATH\CodeIgniter.php(921): App\Controllers\Kriteria->__construct()
 2 SYSTEMPATH\CodeIgniter.php(488): CodeIgniter\CodeIgniter->createController()
 3 SYSTEMPATH\CodeIgniter.php(340): CodeIgniter\CodeIgniter->handleRequest(null, Object(Config\Cache), false)
 4 SYSTEMPATH\Boot.php(417): CodeIgniter\CodeIgniter->run()
 5 SYSTEMPATH\Boot.php(68): CodeIgniter\Boot::runCodeIgniter(Object(CodeIgniter\CodeIgniter))
 6 FCPATH\index.php(59): CodeIgniter\Boot::bootWeb(Object(Config\Paths))
WARNING - 2026-04-27 02:57:48 --> [DEPRECATED] Creation of dynamic property App\Controllers\Kriteria::$model is deprecated in APPPATH\Controllers\Kriteria.php on line 10.
 1 SYSTEMPATH\CodeIgniter.php(921): App\Controllers\Kriteria->__construct()
 2 SYSTEMPATH\CodeIgniter.php(488): CodeIgniter\CodeIgniter->createController()
 3 SYSTEMPATH\CodeIgniter.php(340): CodeIgniter\CodeIgniter->handleRequest(null, Object(Config\Cache), false)
 4 SYSTEMPATH\Boot.php(417): CodeIgniter\CodeIgniter->run()
 5 SYSTEMPATH\Boot.php(68): CodeIgniter\Boot::runCodeIgniter(Object(CodeIgniter\CodeIgniter))
 6 FCPATH\index.php(59): CodeIgniter\Boot::bootWeb(Object(Config\Paths))
WARNING - 2026-04-27 02:57:48 --> [DEPRECATED] Creation of dynamic property App\Controllers\Kriteria::$model is deprecated in APPPATH\Controllers\Kriteria.php on line 10.
 1 SYSTEMPATH\CodeIgniter.php(921): App\Controllers\Kriteria->__construct()
 2 SYSTEMPATH\CodeIgniter.php(488): CodeIgniter\CodeIgniter->createController()
 3 SYSTEMPATH\CodeIgniter.php(340): CodeIgniter\CodeIgniter->handleRequest(null, Object(Config\Cache), false)
 4 SYSTEMPATH\Boot.php(417): CodeIgniter\CodeIgniter->run()
 5 SYSTEMPATH\Boot.php(68): CodeIgniter\Boot::runCodeIgniter(Object(CodeIgniter\CodeIgniter))
 6 FCPATH\index.php(59): CodeIgniter\Boot::bootWeb(Object(Config\Paths))
WARNING - 2026-04-27 02:57:48 --> [DEPRECATED] Creation of dynamic property App\Controllers\Kriteria::$model is deprecated in APPPATH\Controllers\Kriteria.php on line 10.
 1 SYSTEMPATH\CodeIgniter.php(921): App\Controllers\Kriteria->__construct()
 2 SYSTEMPATH\CodeIgniter.php(488): CodeIgniter\CodeIgniter->createController()
 3 SYSTEMPATH\CodeIgniter.php(340): CodeIgniter\CodeIgniter->handleRequest(null, Object(Config\Cache), false)
 4 SYSTEMPATH\Boot.php(417): CodeIgniter\CodeIgniter->run()
 5 SYSTEMPATH\Boot.php(68): CodeIgniter\Boot::runCodeIgniter(Object(CodeIgniter\CodeIgniter))
 6 FCPATH\index.php(59): CodeIgniter\Boot::bootWeb(Object(Config\Paths))
WARNING - 2026-04-27 02:57:48 --> [DEPRECATED] Creation of dynamic property App\Controllers\Kriteria::$model is deprecated in APPPATH\Controllers\Kriteria.php on line 10.
 1 SYSTEMPATH\CodeIgniter.php(921): App\Controllers\Kriteria->__construct()
 2 SYSTEMPATH\CodeIgniter.php(488): CodeIgniter\CodeIgniter->createController()
 3 SYSTEMPATH\CodeIgniter.php(340): CodeIgniter\CodeIgniter->handleRequest(null, Object(Config\Cache), false)
 4 SYSTEMPATH\Boot.php(417): CodeIgniter\CodeIgniter->run()
 5 SYSTEMPATH\Boot.php(68): CodeIgniter\Boot::runCodeIgniter(Object(CodeIgniter\CodeIgniter))
 6 FCPATH\index.php(59): CodeIgniter\Boot::bootWeb(Object(Config\Paths))
WARNING - 2026-04-27 02:57:48 --> [DEPRECATED] Creation of dynamic property App\Controllers\Kriteria::$model is deprecated in APPPATH\Controllers\Kriteria.php on line 10.
 1 SYSTEMPATH\CodeIgniter.php(921): App\Controllers\Kriteria->__construct()
 2 SYSTEMPATH\CodeIgniter.php(488): CodeIgniter\CodeIgniter->createController()
 3 SYSTEMPATH\CodeIgniter.php(340): CodeIgniter\CodeIgniter->handleRequest(null, Object(Config\Cache), false)
 4 SYSTEMPATH\Boot.php(417): CodeIgniter\CodeIgniter->run()
 5 SYSTEMPATH\Boot.php(68): CodeIgniter\Boot::runCodeIgniter(Object(CodeIgniter\CodeIgniter))
 6 FCPATH\index.php(59): CodeIgniter\Boot::bootWeb(Object(Config\Paths))
WARNING - 2026-04-27 02:57:48 --> [DEPRECATED] Creation of dynamic property App\Controllers\Kriteria::$model is deprecated in APPPATH\Controllers\Kriteria.php on line 10.
 1 SYSTEMPATH\CodeIgniter.php(921): App\Controllers\Kriteria->__construct()
 2 SYSTEMPATH\CodeIgniter.php(488): CodeIgniter\CodeIgniter->createController()
 3 SYSTEMPATH\CodeIgniter.php(340): CodeIgniter\CodeIgniter->handleRequest(null, Object(Config\Cache), false)
 4 SYSTEMPATH\Boot.php(417): CodeIgniter\CodeIgniter->run()
 5 SYSTEMPATH\Boot.php(68): CodeIgniter\Boot::runCodeIgniter(Object(CodeIgniter\CodeIgniter))
 6 FCPATH\index.php(59): CodeIgniter\Boot::bootWeb(Object(Config\Paths))
WARNING - 2026-04-27 02:57:48 --> [DEPRECATED] Creation of dynamic property App\Controllers\Kriteria::$model is deprecated in APPPATH\Controllers\Kriteria.php on line 10.
 1 SYSTEMPATH\CodeIgniter.php(921): App\Controllers\Kriteria->__construct()
 2 SYSTEMPATH\CodeIgniter.php(488): CodeIgniter\CodeIgniter->createController()
 3 SYSTEMPATH\CodeIgniter.php(340): CodeIgniter\CodeIgniter->handleRequest(null, Object(Config\Cache), false)
 4 SYSTEMPATH\Boot.php(417): CodeIgniter\CodeIgniter->run()
 5 SYSTEMPATH\Boot.php(68): CodeIgniter\Boot::runCodeIgniter(Object(CodeIgniter\CodeIgniter))
 6 FCPATH\index.php(59): CodeIgniter\Boot::bootWeb(Object(Config\Paths))
WARNING - 2026-04-27 02:57:48 --> [DEPRECATED] Creation of dynamic property App\Controllers\Kriteria::$model is deprecated in APPPATH\Controllers\Kriteria.php on line 10.
 1 SYSTEMPATH\CodeIgniter.php(921): App\Controllers\Kriteria->__construct()
 2 SYSTEMPATH\CodeIgniter.php(488): CodeIgniter\CodeIgniter->createController()
 3 SYSTEMPATH\CodeIgniter.php(340): CodeIgniter\CodeIgniter->handleRequest(null, Object(Config\Cache), false)
 4 SYSTEMPATH\Boot.php(417): CodeIgniter\CodeIgniter->run()
 5 SYSTEMPATH\Boot.php(68): CodeIgniter\Boot::runCodeIgniter(Object(CodeIgniter\CodeIgniter))
 6 FCPATH\index.php(59): CodeIgniter\Boot::bootWeb(Object(Config\Paths))
WARNING - 2026-04-27 02:57:48 --> [DEPRECATED] Creation of dynamic property App\Controllers\Kriteria::$model is deprecated in APPPATH\Controllers\Kriteria.php on line 10.
 1 SYSTEMPATH\CodeIgniter.php(921): App\Controllers\Kriteria->__construct()
 2 SYSTEMPATH\CodeIgniter.php(488): CodeIgniter\CodeIgniter->createController()
 3 SYSTEMPATH\CodeIgniter.php(340): CodeIgniter\CodeIgniter->handleRequest(null, Object(Config\Cache), false)
 4 SYSTEMPATH\Boot.php(417): CodeIgniter\CodeIgniter->run()
 5 SYSTEMPATH\Boot.php(68): CodeIgniter\Boot::runCodeIgniter(Object(CodeIgniter\CodeIgniter))
 6 FCPATH\index.php(59): CodeIgniter\Boot::bootWeb(Object(Config\Paths))
WARNING - 2026-04-27 02:57:49 --> [DEPRECATED] Creation of dynamic property App\Controllers\Kriteria::$model is deprecated in APPPATH\Controllers\Kriteria.php on line 10.
 1 SYSTEMPATH\CodeIgniter.php(921): App\Controllers\Kriteria->__construct()
 2 SYSTEMPATH\CodeIgniter.php(488): CodeIgniter\CodeIgniter->createController()
 3 SYSTEMPATH\CodeIgniter.php(340): CodeIgniter\CodeIgniter->handleRequest(null, Object(Config\Cache), false)
 4 SYSTEMPATH\Boot.php(417): CodeIgniter\CodeIgniter->run()
 5 SYSTEMPATH\Boot.php(68): CodeIgniter\Boot::runCodeIgniter(Object(CodeIgniter\CodeIgniter))
 6 FCPATH\index.php(59): CodeIgniter\Boot::bootWeb(Object(Config\Paths))
WARNING - 2026-04-27 02:57:49 --> [DEPRECATED] Creation of dynamic property App\Controllers\Kriteria::$model is deprecated in APPPATH\Controllers\Kriteria.php on line 10.
 1 SYSTEMPATH\CodeIgniter.php(921): App\Controllers\Kriteria->__construct()
 2 SYSTEMPATH\CodeIgniter.php(488): CodeIgniter\CodeIgniter->createController()
 3 SYSTEMPATH\CodeIgniter.php(340): CodeIgniter\CodeIgniter->handleRequest(null, Object(Config\Cache), false)
 4 SYSTEMPATH\Boot.php(417): CodeIgniter\CodeIgniter->run()
 5 SYSTEMPATH\Boot.php(68): CodeIgniter\Boot::runCodeIgniter(Object(CodeIgniter\CodeIgniter))
 6 FCPATH\index.php(59): CodeIgniter\Boot::bootWeb(Object(Config\Paths))
WARNING - 2026-04-27 02:57:49 --> [DEPRECATED] Creation of dynamic property App\Controllers\Kriteria::$model is deprecated in APPPATH\Controllers\Kriteria.php on line 10.
 1 SYSTEMPATH\CodeIgniter.php(921): App\Controllers\Kriteria->__construct()
 2 SYSTEMPATH\CodeIgniter.php(488): CodeIgniter\CodeIgniter->createController()
 3 SYSTEMPATH\CodeIgniter.php(340): CodeIgniter\CodeIgniter->handleRequest(null, Object(Config\Cache), false)
 4 SYSTEMPATH\Boot.php(417): CodeIgniter\CodeIgniter->run()
 5 SYSTEMPATH\Boot.php(68): CodeIgniter\Boot::runCodeIgniter(Object(CodeIgniter\CodeIgniter))
 6 FCPATH\index.php(59): CodeIgniter\Boot::bootWeb(Object(Config\Paths))
WARNING - 2026-04-27 02:59:48 --> [DEPRECATED] Creation of dynamic property App\Controllers\Kriteria::$model is deprecated in APPPATH\Controllers\Kriteria.php on line 10.
 1 SYSTEMPATH\CodeIgniter.php(921): App\Controllers\Kriteria->__construct()
 2 SYSTEMPATH\CodeIgniter.php(488): CodeIgniter\CodeIgniter->createController()
 3 SYSTEMPATH\CodeIgniter.php(340): CodeIgniter\CodeIgniter->handleRequest(null, Object(Config\Cache), false)
 4 SYSTEMPATH\Boot.php(417): CodeIgniter\CodeIgniter->run()
 5 SYSTEMPATH\Boot.php(68): CodeIgniter\Boot::runCodeIgniter(Object(CodeIgniter\CodeIgniter))
 6 FCPATH\index.php(59): CodeIgniter\Boot::bootWeb(Object(Config\Paths))
WARNING - 2026-04-27 02:59:49 --> [DEPRECATED] Creation of dynamic property App\Controllers\Kriteria::$model is deprecated in APPPATH\Controllers\Kriteria.php on line 10.
 1 SYSTEMPATH\CodeIgniter.php(921): App\Controllers\Kriteria->__construct()
 2 SYSTEMPATH\CodeIgniter.php(488): CodeIgniter\CodeIgniter->createController()
 3 SYSTEMPATH\CodeIgniter.php(340): CodeIgniter\CodeIgniter->handleRequest(null, Object(Config\Cache), false)
 4 SYSTEMPATH\Boot.php(417): CodeIgniter\CodeIgniter->run()
 5 SYSTEMPATH\Boot.php(68): CodeIgniter\Boot::runCodeIgniter(Object(CodeIgniter\CodeIgniter))
 6 FCPATH\index.php(59): CodeIgniter\Boot::bootWeb(Object(Config\Paths))
WARNING - 2026-04-27 02:59:49 --> [DEPRECATED] Creation of dynamic property App\Controllers\Kriteria::$model is deprecated in APPPATH\Controllers\Kriteria.php on line 10.
 1 SYSTEMPATH\CodeIgniter.php(921): App\Controllers\Kriteria->__construct()
 2 SYSTEMPATH\CodeIgniter.php(488): CodeIgniter\CodeIgniter->createController()
 3 SYSTEMPATH\CodeIgniter.php(340): CodeIgniter\CodeIgniter->handleRequest(null, Object(Config\Cache), false)
 4 SYSTEMPATH\Boot.php(417): CodeIgniter\CodeIgniter->run()
 5 SYSTEMPATH\Boot.php(68): CodeIgniter\Boot::runCodeIgniter(Object(CodeIgniter\CodeIgniter))
 6 FCPATH\index.php(59): CodeIgniter\Boot::bootWeb(Object(Config\Paths))
WARNING - 2026-04-27 02:59:49 --> [DEPRECATED] Creation of dynamic property App\Controllers\Kriteria::$model is deprecated in APPPATH\Controllers\Kriteria.php on line 10.
 1 SYSTEMPATH\CodeIgniter.php(921): App\Controllers\Kriteria->__construct()
 2 SYSTEMPATH\CodeIgniter.php(488): CodeIgniter\CodeIgniter->createController()
 3 SYSTEMPATH\CodeIgniter.php(340): CodeIgniter\CodeIgniter->handleRequest(null, Object(Config\Cache), false)
 4 SYSTEMPATH\Boot.php(417): CodeIgniter\CodeIgniter->run()
 5 SYSTEMPATH\Boot.php(68): CodeIgniter\Boot::runCodeIgniter(Object(CodeIgniter\CodeIgniter))
 6 FCPATH\index.php(59): CodeIgniter\Boot::bootWeb(Object(Config\Paths))
WARNING - 2026-04-27 02:59:53 --> [DEPRECATED] Creation of dynamic property App\Controllers\Kriteria::$model is deprecated in APPPATH\Controllers\Kriteria.php on line 10.
 1 SYSTEMPATH\CodeIgniter.php(921): App\Controllers\Kriteria->__construct()
 2 SYSTEMPATH\CodeIgniter.php(488): CodeIgniter\CodeIgniter->createController()
 3 SYSTEMPATH\CodeIgniter.php(340): CodeIgniter\CodeIgniter->handleRequest(null, Object(Config\Cache), false)
 4 SYSTEMPATH\Boot.php(417): CodeIgniter\CodeIgniter->run()
 5 SYSTEMPATH\Boot.php(68): CodeIgniter\Boot::runCodeIgniter(Object(CodeIgniter\CodeIgniter))
 6 FCPATH\index.php(59): CodeIgniter\Boot::bootWeb(Object(Config\Paths))
WARNING - 2026-04-27 02:59:53 --> [DEPRECATED] Creation of dynamic property App\Controllers\Kriteria::$model is deprecated in APPPATH\Controllers\Kriteria.php on line 10.
 1 SYSTEMPATH\CodeIgniter.php(921): App\Controllers\Kriteria->__construct()
 2 SYSTEMPATH\CodeIgniter.php(488): CodeIgniter\CodeIgniter->createController()
 3 SYSTEMPATH\CodeIgniter.php(340): CodeIgniter\CodeIgniter->handleRequest(null, Object(Config\Cache), false)
 4 SYSTEMPATH\Boot.php(417): CodeIgniter\CodeIgniter->run()
 5 SYSTEMPATH\Boot.php(68): CodeIgniter\Boot::runCodeIgniter(Object(CodeIgniter\CodeIgniter))
 6 FCPATH\index.php(59): CodeIgniter\Boot::bootWeb(Object(Config\Paths))
WARNING - 2026-04-27 02:59:53 --> [DEPRECATED] Creation of dynamic property App\Controllers\Kriteria::$model is deprecated in APPPATH\Controllers\Kriteria.php on line 10.
 1 SYSTEMPATH\CodeIgniter.php(921): App\Controllers\Kriteria->__construct()
 2 SYSTEMPATH\CodeIgniter.php(488): CodeIgniter\CodeIgniter->createController()
 3 SYSTEMPATH\CodeIgniter.php(340): CodeIgniter\CodeIgniter->handleRequest(null, Object(Config\Cache), false)
 4 SYSTEMPATH\Boot.php(417): CodeIgniter\CodeIgniter->run()
 5 SYSTEMPATH\Boot.php(68): CodeIgniter\Boot::runCodeIgniter(Object(CodeIgniter\CodeIgniter))
 6 FCPATH\index.php(59): CodeIgniter\Boot::bootWeb(Object(Config\Paths))
WARNING - 2026-04-27 02:59:53 --> [DEPRECATED] Creation of dynamic property App\Controllers\Kriteria::$model is deprecated in APPPATH\Controllers\Kriteria.php on line 10.
 1 SYSTEMPATH\CodeIgniter.php(921): App\Controllers\Kriteria->__construct()
 2 SYSTEMPATH\CodeIgniter.php(488): CodeIgniter\CodeIgniter->createController()
 3 SYSTEMPATH\CodeIgniter.php(340): CodeIgniter\CodeIgniter->handleRequest(null, Object(Config\Cache), false)
 4 SYSTEMPATH\Boot.php(417): CodeIgniter\CodeIgniter->run()
 5 SYSTEMPATH\Boot.php(68): CodeIgniter\Boot::runCodeIgniter(Object(CodeIgniter\CodeIgniter))
 6 FCPATH\index.php(59): CodeIgniter\Boot::bootWeb(Object(Config\Paths))
WARNING - 2026-04-27 02:59:53 --> [DEPRECATED] Creation of dynamic property App\Controllers\Kriteria::$model is deprecated in APPPATH\Controllers\Kriteria.php on line 10.
 1 SYSTEMPATH\CodeIgniter.php(921): App\Controllers\Kriteria->__construct()
 2 SYSTEMPATH\CodeIgniter.php(488): CodeIgniter\CodeIgniter->createController()
 3 SYSTEMPATH\CodeIgniter.php(340): CodeIgniter\CodeIgniter->handleRequest(null, Object(Config\Cache), false)
 4 SYSTEMPATH\Boot.php(417): CodeIgniter\CodeIgniter->run()
 5 SYSTEMPATH\Boot.php(68): CodeIgniter\Boot::runCodeIgniter(Object(CodeIgniter\CodeIgniter))
 6 FCPATH\index.php(59): CodeIgniter\Boot::bootWeb(Object(Config\Paths))
WARNING - 2026-04-27 02:59:54 --> [DEPRECATED] Creation of dynamic property App\Controllers\Kriteria::$model is deprecated in APPPATH\Controllers\Kriteria.php on line 10.
 1 SYSTEMPATH\CodeIgniter.php(921): App\Controllers\Kriteria->__construct()
 2 SYSTEMPATH\CodeIgniter.php(488): CodeIgniter\CodeIgniter->createController()
 3 SYSTEMPATH\CodeIgniter.php(340): CodeIgniter\CodeIgniter->handleRequest(null, Object(Config\Cache), false)
 4 SYSTEMPATH\Boot.php(417): CodeIgniter\CodeIgniter->run()
 5 SYSTEMPATH\Boot.php(68): CodeIgniter\Boot::runCodeIgniter(Object(CodeIgniter\CodeIgniter))
 6 FCPATH\index.php(59): CodeIgniter\Boot::bootWeb(Object(Config\Paths))
WARNING - 2026-04-27 02:59:54 --> [DEPRECATED] Creation of dynamic property App\Controllers\Kriteria::$model is deprecated in APPPATH\Controllers\Kriteria.php on line 10.
 1 SYSTEMPATH\CodeIgniter.php(921): App\Controllers\Kriteria->__construct()
 2 SYSTEMPATH\CodeIgniter.php(488): CodeIgniter\CodeIgniter->createController()
 3 SYSTEMPATH\CodeIgniter.php(340): CodeIgniter\CodeIgniter->handleRequest(null, Object(Config\Cache), false)
 4 SYSTEMPATH\Boot.php(417): CodeIgniter\CodeIgniter->run()
 5 SYSTEMPATH\Boot.php(68): CodeIgniter\Boot::runCodeIgniter(Object(CodeIgniter\CodeIgniter))
 6 FCPATH\index.php(59): CodeIgniter\Boot::bootWeb(Object(Config\Paths))
WARNING - 2026-04-27 02:59:54 --> [DEPRECATED] Creation of dynamic property App\Controllers\Kriteria::$model is deprecated in APPPATH\Controllers\Kriteria.php on line 10.
 1 SYSTEMPATH\CodeIgniter.php(921): App\Controllers\Kriteria->__construct()
 2 SYSTEMPATH\CodeIgniter.php(488): CodeIgniter\CodeIgniter->createController()
 3 SYSTEMPATH\CodeIgniter.php(340): CodeIgniter\CodeIgniter->handleRequest(null, Object(Config\Cache), false)
 4 SYSTEMPATH\Boot.php(417): CodeIgniter\CodeIgniter->run()
 5 SYSTEMPATH\Boot.php(68): CodeIgniter\Boot::runCodeIgniter(Object(CodeIgniter\CodeIgniter))
 6 FCPATH\index.php(59): CodeIgniter\Boot::bootWeb(Object(Config\Paths))
WARNING - 2026-04-27 02:59:54 --> [DEPRECATED] Creation of dynamic property App\Controllers\Kriteria::$model is deprecated in APPPATH\Controllers\Kriteria.php on line 10.
 1 SYSTEMPATH\CodeIgniter.php(921): App\Controllers\Kriteria->__construct()
 2 SYSTEMPATH\CodeIgniter.php(488): CodeIgniter\CodeIgniter->createController()
 3 SYSTEMPATH\CodeIgniter.php(340): CodeIgniter\CodeIgniter->handleRequest(null, Object(Config\Cache), false)
 4 SYSTEMPATH\Boot.php(417): CodeIgniter\CodeIgniter->run()
 5 SYSTEMPATH\Boot.php(68): CodeIgniter\Boot::runCodeIgniter(Object(CodeIgniter\CodeIgniter))
 6 FCPATH\index.php(59): CodeIgniter\Boot::bootWeb(Object(Config\Paths))
WARNING - 2026-04-27 02:59:54 --> [DEPRECATED] Creation of dynamic property App\Controllers\Kriteria::$model is deprecated in APPPATH\Controllers\Kriteria.php on line 10.
 1 SYSTEMPATH\CodeIgniter.php(921): App\Controllers\Kriteria->__construct()
 2 SYSTEMPATH\CodeIgniter.php(488): CodeIgniter\CodeIgniter->createController()
 3 SYSTEMPATH\CodeIgniter.php(340): CodeIgniter\CodeIgniter->handleRequest(null, Object(Config\Cache), false)
 4 SYSTEMPATH\Boot.php(417): CodeIgniter\CodeIgniter->run()
 5 SYSTEMPATH\Boot.php(68): CodeIgniter\Boot::runCodeIgniter(Object(CodeIgniter\CodeIgniter))
 6 FCPATH\index.php(59): CodeIgniter\Boot::bootWeb(Object(Config\Paths))
WARNING - 2026-04-27 02:59:54 --> [DEPRECATED] Creation of dynamic property App\Controllers\Kriteria::$model is deprecated in APPPATH\Controllers\Kriteria.php on line 10.
 1 SYSTEMPATH\CodeIgniter.php(921): App\Controllers\Kriteria->__construct()
 2 SYSTEMPATH\CodeIgniter.php(488): CodeIgniter\CodeIgniter->createController()
 3 SYSTEMPATH\CodeIgniter.php(340): CodeIgniter\CodeIgniter->handleRequest(null, Object(Config\Cache), false)
 4 SYSTEMPATH\Boot.php(417): CodeIgniter\CodeIgniter->run()
 5 SYSTEMPATH\Boot.php(68): CodeIgniter\Boot::runCodeIgniter(Object(CodeIgniter\CodeIgniter))
 6 FCPATH\index.php(59): CodeIgniter\Boot::bootWeb(Object(Config\Paths))
WARNING - 2026-04-27 02:59:54 --> [DEPRECATED] Creation of dynamic property App\Controllers\Kriteria::$model is deprecated in APPPATH\Controllers\Kriteria.php on line 10.
 1 SYSTEMPATH\CodeIgniter.php(921): App\Controllers\Kriteria->__construct()
 2 SYSTEMPATH\CodeIgniter.php(488): CodeIgniter\CodeIgniter->createController()
 3 SYSTEMPATH\CodeIgniter.php(340): CodeIgniter\CodeIgniter->handleRequest(null, Object(Config\Cache), false)
 4 SYSTEMPATH\Boot.php(417): CodeIgniter\CodeIgniter->run()
 5 SYSTEMPATH\Boot.php(68): CodeIgniter\Boot::runCodeIgniter(Object(CodeIgniter\CodeIgniter))
 6 FCPATH\index.php(59): CodeIgniter\Boot::bootWeb(Object(Config\Paths))
WARNING - 2026-04-27 02:59:58 --> [DEPRECATED] Creation of dynamic property App\Controllers\Kriteria::$model is deprecated in APPPATH\Controllers\Kriteria.php on line 10.
 1 SYSTEMPATH\CodeIgniter.php(921): App\Controllers\Kriteria->__construct()
 2 SYSTEMPATH\CodeIgniter.php(488): CodeIgniter\CodeIgniter->createController()
 3 SYSTEMPATH\CodeIgniter.php(340): CodeIgniter\CodeIgniter->handleRequest(null, Object(Config\Cache), false)
 4 SYSTEMPATH\Boot.php(417): CodeIgniter\CodeIgniter->run()
 5 SYSTEMPATH\Boot.php(68): CodeIgniter\Boot::runCodeIgniter(Object(CodeIgniter\CodeIgniter))
 6 FCPATH\index.php(59): CodeIgniter\Boot::bootWeb(Object(Config\Paths))
WARNING - 2026-04-27 02:59:58 --> [DEPRECATED] Creation of dynamic property App\Controllers\Kriteria::$model is deprecated in APPPATH\Controllers\Kriteria.php on line 10.
 1 SYSTEMPATH\CodeIgniter.php(921): App\Controllers\Kriteria->__construct()
 2 SYSTEMPATH\CodeIgniter.php(488): CodeIgniter\CodeIgniter->createController()
 3 SYSTEMPATH\CodeIgniter.php(340): CodeIgniter\CodeIgniter->handleRequest(null, Object(Config\Cache), false)
 4 SYSTEMPATH\Boot.php(417): CodeIgniter\CodeIgniter->run()
 5 SYSTEMPATH\Boot.php(68): CodeIgniter\Boot::runCodeIgniter(Object(CodeIgniter\CodeIgniter))
 6 FCPATH\index.php(59): CodeIgniter\Boot::bootWeb(Object(Config\Paths))
WARNING - 2026-04-27 02:59:58 --> [DEPRECATED] Creation of dynamic property App\Controllers\Kriteria::$model is deprecated in APPPATH\Controllers\Kriteria.php on line 10.
 1 SYSTEMPATH\CodeIgniter.php(921): App\Controllers\Kriteria->__construct()
 2 SYSTEMPATH\CodeIgniter.php(488): CodeIgniter\CodeIgniter->createController()
 3 SYSTEMPATH\CodeIgniter.php(340): CodeIgniter\CodeIgniter->handleRequest(null, Object(Config\Cache), false)
 4 SYSTEMPATH\Boot.php(417): CodeIgniter\CodeIgniter->run()
 5 SYSTEMPATH\Boot.php(68): CodeIgniter\Boot::runCodeIgniter(Object(CodeIgniter\CodeIgniter))
 6 FCPATH\index.php(59): CodeIgniter\Boot::bootWeb(Object(Config\Paths))
WARNING - 2026-04-27 02:59:58 --> [DEPRECATED] Creation of dynamic property App\Controllers\Kriteria::$model is deprecated in APPPATH\Controllers\Kriteria.php on line 10.
 1 SYSTEMPATH\CodeIgniter.php(921): App\Controllers\Kriteria->__construct()
 2 SYSTEMPATH\CodeIgniter.php(488): CodeIgniter\CodeIgniter->createController()
 3 SYSTEMPATH\CodeIgniter.php(340): CodeIgniter\CodeIgniter->handleRequest(null, Object(Config\Cache), false)
 4 SYSTEMPATH\Boot.php(417): CodeIgniter\CodeIgniter->run()
 5 SYSTEMPATH\Boot.php(68): CodeIgniter\Boot::runCodeIgniter(Object(CodeIgniter\CodeIgniter))
 6 FCPATH\index.php(59): CodeIgniter\Boot::bootWeb(Object(Config\Paths))
WARNING - 2026-04-27 02:59:58 --> [DEPRECATED] Creation of dynamic property App\Controllers\Kriteria::$model is deprecated in APPPATH\Controllers\Kriteria.php on line 10.
 1 SYSTEMPATH\CodeIgniter.php(921): App\Controllers\Kriteria->__construct()
 2 SYSTEMPATH\CodeIgniter.php(488): CodeIgniter\CodeIgniter->createController()
 3 SYSTEMPATH\CodeIgniter.php(340): CodeIgniter\CodeIgniter->handleRequest(null, Object(Config\Cache), false)
 4 SYSTEMPATH\Boot.php(417): CodeIgniter\CodeIgniter->run()
 5 SYSTEMPATH\Boot.php(68): CodeIgniter\Boot::runCodeIgniter(Object(CodeIgniter\CodeIgniter))
 6 FCPATH\index.php(59): CodeIgniter\Boot::bootWeb(Object(Config\Paths))
WARNING - 2026-04-27 02:59:59 --> [DEPRECATED] Creation of dynamic property App\Controllers\Kriteria::$model is deprecated in APPPATH\Controllers\Kriteria.php on line 10.
 1 SYSTEMPATH\CodeIgniter.php(921): App\Controllers\Kriteria->__construct()
 2 SYSTEMPATH\CodeIgniter.php(488): CodeIgniter\CodeIgniter->createController()
 3 SYSTEMPATH\CodeIgniter.php(340): CodeIgniter\CodeIgniter->handleRequest(null, Object(Config\Cache), false)
 4 SYSTEMPATH\Boot.php(417): CodeIgniter\CodeIgniter->run()
 5 SYSTEMPATH\Boot.php(68): CodeIgniter\Boot::runCodeIgniter(Object(CodeIgniter\CodeIgniter))
 6 FCPATH\index.php(59): CodeIgniter\Boot::bootWeb(Object(Config\Paths))
WARNING - 2026-04-27 02:59:59 --> [DEPRECATED] Creation of dynamic property App\Controllers\Kriteria::$model is deprecated in APPPATH\Controllers\Kriteria.php on line 10.
 1 SYSTEMPATH\CodeIgniter.php(921): App\Controllers\Kriteria->__construct()
 2 SYSTEMPATH\CodeIgniter.php(488): CodeIgniter\CodeIgniter->createController()
 3 SYSTEMPATH\CodeIgniter.php(340): CodeIgniter\CodeIgniter->handleRequest(null, Object(Config\Cache), false)
 4 SYSTEMPATH\Boot.php(417): CodeIgniter\CodeIgniter->run()
 5 SYSTEMPATH\Boot.php(68): CodeIgniter\Boot::runCodeIgniter(Object(CodeIgniter\CodeIgniter))
 6 FCPATH\index.php(59): CodeIgniter\Boot::bootWeb(Object(Config\Paths))
WARNING - 2026-04-27 02:59:59 --> [DEPRECATED] Creation of dynamic property App\Controllers\Kriteria::$model is deprecated in APPPATH\Controllers\Kriteria.php on line 10.
 1 SYSTEMPATH\CodeIgniter.php(921): App\Controllers\Kriteria->__construct()
 2 SYSTEMPATH\CodeIgniter.php(488): CodeIgniter\CodeIgniter->createController()
 3 SYSTEMPATH\CodeIgniter.php(340): CodeIgniter\CodeIgniter->handleRequest(null, Object(Config\Cache), false)
 4 SYSTEMPATH\Boot.php(417): CodeIgniter\CodeIgniter->run()
 5 SYSTEMPATH\Boot.php(68): CodeIgniter\Boot::runCodeIgniter(Object(CodeIgniter\CodeIgniter))
 6 FCPATH\index.php(59): CodeIgniter\Boot::bootWeb(Object(Config\Paths))
WARNING - 2026-04-27 02:59:59 --> [DEPRECATED] Creation of dynamic property App\Controllers\Kriteria::$model is deprecated in APPPATH\Controllers\Kriteria.php on line 10.
 1 SYSTEMPATH\CodeIgniter.php(921): App\Controllers\Kriteria->__construct()
 2 SYSTEMPATH\CodeIgniter.php(488): CodeIgniter\CodeIgniter->createController()
 3 SYSTEMPATH\CodeIgniter.php(340): CodeIgniter\CodeIgniter->handleRequest(null, Object(Config\Cache), false)
 4 SYSTEMPATH\Boot.php(417): CodeIgniter\CodeIgniter->run()
 5 SYSTEMPATH\Boot.php(68): CodeIgniter\Boot::runCodeIgniter(Object(CodeIgniter\CodeIgniter))
 6 FCPATH\index.php(59): CodeIgniter\Boot::bootWeb(Object(Config\Paths))
WARNING - 2026-04-27 02:59:59 --> [DEPRECATED] Creation of dynamic property App\Controllers\Kriteria::$model is deprecated in APPPATH\Controllers\Kriteria.php on line 10.
 1 SYSTEMPATH\CodeIgniter.php(921): App\Controllers\Kriteria->__construct()
 2 SYSTEMPATH\CodeIgniter.php(488): CodeIgniter\CodeIgniter->createController()
 3 SYSTEMPATH\CodeIgniter.php(340): CodeIgniter\CodeIgniter->handleRequest(null, Object(Config\Cache), false)
 4 SYSTEMPATH\Boot.php(417): CodeIgniter\CodeIgniter->run()
 5 SYSTEMPATH\Boot.php(68): CodeIgniter\Boot::runCodeIgniter(Object(CodeIgniter\CodeIgniter))
 6 FCPATH\index.php(59): CodeIgniter\Boot::bootWeb(Object(Config\Paths))
WARNING - 2026-04-27 02:59:59 --> [DEPRECATED] Creation of dynamic property App\Controllers\Kriteria::$model is deprecated in APPPATH\Controllers\Kriteria.php on line 10.
 1 SYSTEMPATH\CodeIgniter.php(921): App\Controllers\Kriteria->__construct()
 2 SYSTEMPATH\CodeIgniter.php(488): CodeIgniter\CodeIgniter->createController()
 3 SYSTEMPATH\CodeIgniter.php(340): CodeIgniter\CodeIgniter->handleRequest(null, Object(Config\Cache), false)
 4 SYSTEMPATH\Boot.php(417): CodeIgniter\CodeIgniter->run()
 5 SYSTEMPATH\Boot.php(68): CodeIgniter\Boot::runCodeIgniter(Object(CodeIgniter\CodeIgniter))
 6 FCPATH\index.php(59): CodeIgniter\Boot::bootWeb(Object(Config\Paths))
WARNING - 2026-04-27 02:59:59 --> [DEPRECATED] Creation of dynamic property App\Controllers\Kriteria::$model is deprecated in APPPATH\Controllers\Kriteria.php on line 10.
 1 SYSTEMPATH\CodeIgniter.php(921): App\Controllers\Kriteria->__construct()
 2 SYSTEMPATH\CodeIgniter.php(488): CodeIgniter\CodeIgniter->createController()
 3 SYSTEMPATH\CodeIgniter.php(340): CodeIgniter\CodeIgniter->handleRequest(null, Object(Config\Cache), false)
 4 SYSTEMPATH\Boot.php(417): CodeIgniter\CodeIgniter->run()
 5 SYSTEMPATH\Boot.php(68): CodeIgniter\Boot::runCodeIgniter(Object(CodeIgniter\CodeIgniter))
 6 FCPATH\index.php(59): CodeIgniter\Boot::bootWeb(Object(Config\Paths))
WARNING - 2026-04-27 03:00:31 --> [DEPRECATED] Creation of dynamic property App\Controllers\Kriteria::$model is deprecated in APPPATH\Controllers\Kriteria.php on line 10.
 1 SYSTEMPATH\CodeIgniter.php(921): App\Controllers\Kriteria->__construct()
 2 SYSTEMPATH\CodeIgniter.php(488): CodeIgniter\CodeIgniter->createController()
 3 SYSTEMPATH\CodeIgniter.php(340): CodeIgniter\CodeIgniter->handleRequest(null, Object(Config\Cache), false)
 4 SYSTEMPATH\Boot.php(417): CodeIgniter\CodeIgniter->run()
 5 SYSTEMPATH\Boot.php(68): CodeIgniter\Boot::runCodeIgniter(Object(CodeIgniter\CodeIgniter))
 6 FCPATH\index.php(59): CodeIgniter\Boot::bootWeb(Object(Config\Paths))
WARNING - 2026-04-27 03:00:31 --> [DEPRECATED] Creation of dynamic property App\Controllers\Kriteria::$model is deprecated in APPPATH\Controllers\Kriteria.php on line 10.
 1 SYSTEMPATH\CodeIgniter.php(921): App\Controllers\Kriteria->__construct()
 2 SYSTEMPATH\CodeIgniter.php(488): CodeIgniter\CodeIgniter->createController()
 3 SYSTEMPATH\CodeIgniter.php(340): CodeIgniter\CodeIgniter->handleRequest(null, Object(Config\Cache), false)
 4 SYSTEMPATH\Boot.php(417): CodeIgniter\CodeIgniter->run()
 5 SYSTEMPATH\Boot.php(68): CodeIgniter\Boot::runCodeIgniter(Object(CodeIgniter\CodeIgniter))
 6 FCPATH\index.php(59): CodeIgniter\Boot::bootWeb(Object(Config\Paths))
WARNING - 2026-04-27 03:00:31 --> [DEPRECATED] Creation of dynamic property App\Controllers\Kriteria::$model is deprecated in APPPATH\Controllers\Kriteria.php on line 10.
 1 SYSTEMPATH\CodeIgniter.php(921): App\Controllers\Kriteria->__construct()
 2 SYSTEMPATH\CodeIgniter.php(488): CodeIgniter\CodeIgniter->createController()
 3 SYSTEMPATH\CodeIgniter.php(340): CodeIgniter\CodeIgniter->handleRequest(null, Object(Config\Cache), false)
 4 SYSTEMPATH\Boot.php(417): CodeIgniter\CodeIgniter->run()
 5 SYSTEMPATH\Boot.php(68): CodeIgniter\Boot::runCodeIgniter(Object(CodeIgniter\CodeIgniter))
 6 FCPATH\index.php(59): CodeIgniter\Boot::bootWeb(Object(Config\Paths))
WARNING - 2026-04-27 03:00:31 --> [DEPRECATED] Creation of dynamic property App\Controllers\Kriteria::$model is deprecated in APPPATH\Controllers\Kriteria.php on line 10.
 1 SYSTEMPATH\CodeIgniter.php(921): App\Controllers\Kriteria->__construct()
 2 SYSTEMPATH\CodeIgniter.php(488): CodeIgniter\CodeIgniter->createController()
 3 SYSTEMPATH\CodeIgniter.php(340): CodeIgniter\CodeIgniter->handleRequest(null, Object(Config\Cache), false)
 4 SYSTEMPATH\Boot.php(417): CodeIgniter\CodeIgniter->run()
 5 SYSTEMPATH\Boot.php(68): CodeIgniter\Boot::runCodeIgniter(Object(CodeIgniter\CodeIgniter))
 6 FCPATH\index.php(59): CodeIgniter\Boot::bootWeb(Object(Config\Paths))
WARNING - 2026-04-27 03:00:31 --> [DEPRECATED] Creation of dynamic property App\Controllers\Kriteria::$model is deprecated in APPPATH\Controllers\Kriteria.php on line 10.
 1 SYSTEMPATH\CodeIgniter.php(921): App\Controllers\Kriteria->__construct()
 2 SYSTEMPATH\CodeIgniter.php(488): CodeIgniter\CodeIgniter->createController()
 3 SYSTEMPATH\CodeIgniter.php(340): CodeIgniter\CodeIgniter->handleRequest(null, Object(Config\Cache), false)
 4 SYSTEMPATH\Boot.php(417): CodeIgniter\CodeIgniter->run()
 5 SYSTEMPATH\Boot.php(68): CodeIgniter\Boot::runCodeIgniter(Object(CodeIgniter\CodeIgniter))
 6 FCPATH\index.php(59): CodeIgniter\Boot::bootWeb(Object(Config\Paths))
WARNING - 2026-04-27 03:00:31 --> [DEPRECATED] Creation of dynamic property App\Controllers\Kriteria::$model is deprecated in APPPATH\Controllers\Kriteria.php on line 10.
 1 SYSTEMPATH\CodeIgniter.php(921): App\Controllers\Kriteria->__construct()
 2 SYSTEMPATH\CodeIgniter.php(488): CodeIgniter\CodeIgniter->createController()
 3 SYSTEMPATH\CodeIgniter.php(340): CodeIgniter\CodeIgniter->handleRequest(null, Object(Config\Cache), false)
 4 SYSTEMPATH\Boot.php(417): CodeIgniter\CodeIgniter->run()
 5 SYSTEMPATH\Boot.php(68): CodeIgniter\Boot::runCodeIgniter(Object(CodeIgniter\CodeIgniter))
 6 FCPATH\index.php(59): CodeIgniter\Boot::bootWeb(Object(Config\Paths))
WARNING - 2026-04-27 03:00:31 --> [DEPRECATED] Creation of dynamic property App\Controllers\Kriteria::$model is deprecated in APPPATH\Controllers\Kriteria.php on line 10.
 1 SYSTEMPATH\CodeIgniter.php(921): App\Controllers\Kriteria->__construct()
 2 SYSTEMPATH\CodeIgniter.php(488): CodeIgniter\CodeIgniter->createController()
 3 SYSTEMPATH\CodeIgniter.php(340): CodeIgniter\CodeIgniter->handleRequest(null, Object(Config\Cache), false)
 4 SYSTEMPATH\Boot.php(417): CodeIgniter\CodeIgniter->run()
 5 SYSTEMPATH\Boot.php(68): CodeIgniter\Boot::runCodeIgniter(Object(CodeIgniter\CodeIgniter))
 6 FCPATH\index.php(59): CodeIgniter\Boot::bootWeb(Object(Config\Paths))
WARNING - 2026-04-27 03:00:31 --> [DEPRECATED] Creation of dynamic property App\Controllers\Kriteria::$model is deprecated in APPPATH\Controllers\Kriteria.php on line 10.
 1 SYSTEMPATH\CodeIgniter.php(921): App\Controllers\Kriteria->__construct()
 2 SYSTEMPATH\CodeIgniter.php(488): CodeIgniter\CodeIgniter->createController()
 3 SYSTEMPATH\CodeIgniter.php(340): CodeIgniter\CodeIgniter->handleRequest(null, Object(Config\Cache), false)
 4 SYSTEMPATH\Boot.php(417): CodeIgniter\CodeIgniter->run()
 5 SYSTEMPATH\Boot.php(68): CodeIgniter\Boot::runCodeIgniter(Object(CodeIgniter\CodeIgniter))
 6 FCPATH\index.php(59): CodeIgniter\Boot::bootWeb(Object(Config\Paths))
WARNING - 2026-04-27 03:00:31 --> [DEPRECATED] Creation of dynamic property App\Controllers\Kriteria::$model is deprecated in APPPATH\Controllers\Kriteria.php on line 10.
 1 SYSTEMPATH\CodeIgniter.php(921): App\Controllers\Kriteria->__construct()
 2 SYSTEMPATH\CodeIgniter.php(488): CodeIgniter\CodeIgniter->createController()
 3 SYSTEMPATH\CodeIgniter.php(340): CodeIgniter\CodeIgniter->handleRequest(null, Object(Config\Cache), false)
 4 SYSTEMPATH\Boot.php(417): CodeIgniter\CodeIgniter->run()
 5 SYSTEMPATH\Boot.php(68): CodeIgniter\Boot::runCodeIgniter(Object(CodeIgniter\CodeIgniter))
 6 FCPATH\index.php(59): CodeIgniter\Boot::bootWeb(Object(Config\Paths))
WARNING - 2026-04-27 03:00:32 --> [DEPRECATED] Creation of dynamic property App\Controllers\Kriteria::$model is deprecated in APPPATH\Controllers\Kriteria.php on line 10.
 1 SYSTEMPATH\CodeIgniter.php(921): App\Controllers\Kriteria->__construct()
 2 SYSTEMPATH\CodeIgniter.php(488): CodeIgniter\CodeIgniter->createController()
 3 SYSTEMPATH\CodeIgniter.php(340): CodeIgniter\CodeIgniter->handleRequest(null, Object(Config\Cache), false)
 4 SYSTEMPATH\Boot.php(417): CodeIgniter\CodeIgniter->run()
 5 SYSTEMPATH\Boot.php(68): CodeIgniter\Boot::runCodeIgniter(Object(CodeIgniter\CodeIgniter))
 6 FCPATH\index.php(59): CodeIgniter\Boot::bootWeb(Object(Config\Paths))
WARNING - 2026-04-27 03:00:32 --> [DEPRECATED] Creation of dynamic property App\Controllers\Kriteria::$model is deprecated in APPPATH\Controllers\Kriteria.php on line 10.
 1 SYSTEMPATH\CodeIgniter.php(921): App\Controllers\Kriteria->__construct()
 2 SYSTEMPATH\CodeIgniter.php(488): CodeIgniter\CodeIgniter->createController()
 3 SYSTEMPATH\CodeIgniter.php(340): CodeIgniter\CodeIgniter->handleRequest(null, Object(Config\Cache), false)
 4 SYSTEMPATH\Boot.php(417): CodeIgniter\CodeIgniter->run()
 5 SYSTEMPATH\Boot.php(68): CodeIgniter\Boot::runCodeIgniter(Object(CodeIgniter\CodeIgniter))
 6 FCPATH\index.php(59): CodeIgniter\Boot::bootWeb(Object(Config\Paths))
WARNING - 2026-04-27 03:00:32 --> [DEPRECATED] Creation of dynamic property App\Controllers\Kriteria::$model is deprecated in APPPATH\Controllers\Kriteria.php on line 10.
 1 SYSTEMPATH\CodeIgniter.php(921): App\Controllers\Kriteria->__construct()
 2 SYSTEMPATH\CodeIgniter.php(488): CodeIgniter\CodeIgniter->createController()
 3 SYSTEMPATH\CodeIgniter.php(340): CodeIgniter\CodeIgniter->handleRequest(null, Object(Config\Cache), false)
 4 SYSTEMPATH\Boot.php(417): CodeIgniter\CodeIgniter->run()
 5 SYSTEMPATH\Boot.php(68): CodeIgniter\Boot::runCodeIgniter(Object(CodeIgniter\CodeIgniter))
 6 FCPATH\index.php(59): CodeIgniter\Boot::bootWeb(Object(Config\Paths))
WARNING - 2026-04-27 03:01:57 --> [DEPRECATED] Creation of dynamic property App\Controllers\Kriteria::$model is deprecated in APPPATH\Controllers\Kriteria.php on line 10.
 1 SYSTEMPATH\CodeIgniter.php(921): App\Controllers\Kriteria->__construct()
 2 SYSTEMPATH\CodeIgniter.php(488): CodeIgniter\CodeIgniter->createController()
 3 SYSTEMPATH\CodeIgniter.php(340): CodeIgniter\CodeIgniter->handleRequest(null, Object(Config\Cache), false)
 4 SYSTEMPATH\Boot.php(417): CodeIgniter\CodeIgniter->run()
 5 SYSTEMPATH\Boot.php(68): CodeIgniter\Boot::runCodeIgniter(Object(CodeIgniter\CodeIgniter))
 6 FCPATH\index.php(59): CodeIgniter\Boot::bootWeb(Object(Config\Paths))
WARNING - 2026-04-27 03:01:58 --> [DEPRECATED] Creation of dynamic property App\Controllers\Kriteria::$model is deprecated in APPPATH\Controllers\Kriteria.php on line 10.
 1 SYSTEMPATH\CodeIgniter.php(921): App\Controllers\Kriteria->__construct()
 2 SYSTEMPATH\CodeIgniter.php(488): CodeIgniter\CodeIgniter->createController()
 3 SYSTEMPATH\CodeIgniter.php(340): CodeIgniter\CodeIgniter->handleRequest(null, Object(Config\Cache), false)
 4 SYSTEMPATH\Boot.php(417): CodeIgniter\CodeIgniter->run()
 5 SYSTEMPATH\Boot.php(68): CodeIgniter\Boot::runCodeIgniter(Object(CodeIgniter\CodeIgniter))
 6 FCPATH\index.php(59): CodeIgniter\Boot::bootWeb(Object(Config\Paths))
WARNING - 2026-04-27 03:01:58 --> [DEPRECATED] Creation of dynamic property App\Controllers\Kriteria::$model is deprecated in APPPATH\Controllers\Kriteria.php on line 10.
 1 SYSTEMPATH\CodeIgniter.php(921): App\Controllers\Kriteria->__construct()
 2 SYSTEMPATH\CodeIgniter.php(488): CodeIgniter\CodeIgniter->createController()
 3 SYSTEMPATH\CodeIgniter.php(340): CodeIgniter\CodeIgniter->handleRequest(null, Object(Config\Cache), false)
 4 SYSTEMPATH\Boot.php(417): CodeIgniter\CodeIgniter->run()
 5 SYSTEMPATH\Boot.php(68): CodeIgniter\Boot::runCodeIgniter(Object(CodeIgniter\CodeIgniter))
 6 FCPATH\index.php(59): CodeIgniter\Boot::bootWeb(Object(Config\Paths))
WARNING - 2026-04-27 03:01:58 --> [DEPRECATED] Creation of dynamic property App\Controllers\Kriteria::$model is deprecated in APPPATH\Controllers\Kriteria.php on line 10.
 1 SYSTEMPATH\CodeIgniter.php(921): App\Controllers\Kriteria->__construct()
 2 SYSTEMPATH\CodeIgniter.php(488): CodeIgniter\CodeIgniter->createController()
 3 SYSTEMPATH\CodeIgniter.php(340): CodeIgniter\CodeIgniter->handleRequest(null, Object(Config\Cache), false)
 4 SYSTEMPATH\Boot.php(417): CodeIgniter\CodeIgniter->run()
 5 SYSTEMPATH\Boot.php(68): CodeIgniter\Boot::runCodeIgniter(Object(CodeIgniter\CodeIgniter))
 6 FCPATH\index.php(59): CodeIgniter\Boot::bootWeb(Object(Config\Paths))
WARNING - 2026-04-27 03:02:05 --> [DEPRECATED] Creation of dynamic property App\Controllers\Kriteria::$model is deprecated in APPPATH\Controllers\Kriteria.php on line 10.
 1 SYSTEMPATH\CodeIgniter.php(921): App\Controllers\Kriteria->__construct()
 2 SYSTEMPATH\CodeIgniter.php(488): CodeIgniter\CodeIgniter->createController()
 3 SYSTEMPATH\CodeIgniter.php(340): CodeIgniter\CodeIgniter->handleRequest(null, Object(Config\Cache), false)
 4 SYSTEMPATH\Boot.php(417): CodeIgniter\CodeIgniter->run()
 5 SYSTEMPATH\Boot.php(68): CodeIgniter\Boot::runCodeIgniter(Object(CodeIgniter\CodeIgniter))
 6 FCPATH\index.php(59): CodeIgniter\Boot::bootWeb(Object(Config\Paths))
WARNING - 2026-04-27 03:02:05 --> [DEPRECATED] Creation of dynamic property App\Controllers\Kriteria::$model is deprecated in APPPATH\Controllers\Kriteria.php on line 10.
 1 SYSTEMPATH\CodeIgniter.php(921): App\Controllers\Kriteria->__construct()
 2 SYSTEMPATH\CodeIgniter.php(488): CodeIgniter\CodeIgniter->createController()
 3 SYSTEMPATH\CodeIgniter.php(340): CodeIgniter\CodeIgniter->handleRequest(null, Object(Config\Cache), false)
 4 SYSTEMPATH\Boot.php(417): CodeIgniter\CodeIgniter->run()
 5 SYSTEMPATH\Boot.php(68): CodeIgniter\Boot::runCodeIgniter(Object(CodeIgniter\CodeIgniter))
 6 FCPATH\index.php(59): CodeIgniter\Boot::bootWeb(Object(Config\Paths))
WARNING - 2026-04-27 03:02:05 --> [DEPRECATED] Creation of dynamic property App\Controllers\Kriteria::$model is deprecated in APPPATH\Controllers\Kriteria.php on line 10.
 1 SYSTEMPATH\CodeIgniter.php(921): App\Controllers\Kriteria->__construct()
 2 SYSTEMPATH\CodeIgniter.php(488): CodeIgniter\CodeIgniter->createController()
 3 SYSTEMPATH\CodeIgniter.php(340): CodeIgniter\CodeIgniter->handleRequest(null, Object(Config\Cache), false)
 4 SYSTEMPATH\Boot.php(417): CodeIgniter\CodeIgniter->run()
 5 SYSTEMPATH\Boot.php(68): CodeIgniter\Boot::runCodeIgniter(Object(CodeIgniter\CodeIgniter))
 6 FCPATH\index.php(59): CodeIgniter\Boot::bootWeb(Object(Config\Paths))
WARNING - 2026-04-27 03:02:05 --> [DEPRECATED] Creation of dynamic property App\Controllers\Kriteria::$model is deprecated in APPPATH\Controllers\Kriteria.php on line 10.
 1 SYSTEMPATH\CodeIgniter.php(921): App\Controllers\Kriteria->__construct()
 2 SYSTEMPATH\CodeIgniter.php(488): CodeIgniter\CodeIgniter->createController()
 3 SYSTEMPATH\CodeIgniter.php(340): CodeIgniter\CodeIgniter->handleRequest(null, Object(Config\Cache), false)
 4 SYSTEMPATH\Boot.php(417): CodeIgniter\CodeIgniter->run()
 5 SYSTEMPATH\Boot.php(68): CodeIgniter\Boot::runCodeIgniter(Object(CodeIgniter\CodeIgniter))
 6 FCPATH\index.php(59): CodeIgniter\Boot::bootWeb(Object(Config\Paths))
WARNING - 2026-04-27 03:02:05 --> [DEPRECATED] Creation of dynamic property App\Controllers\Kriteria::$model is deprecated in APPPATH\Controllers\Kriteria.php on line 10.
 1 SYSTEMPATH\CodeIgniter.php(921): App\Controllers\Kriteria->__construct()
 2 SYSTEMPATH\CodeIgniter.php(488): CodeIgniter\CodeIgniter->createController()
 3 SYSTEMPATH\CodeIgniter.php(340): CodeIgniter\CodeIgniter->handleRequest(null, Object(Config\Cache), false)
 4 SYSTEMPATH\Boot.php(417): CodeIgniter\CodeIgniter->run()
 5 SYSTEMPATH\Boot.php(68): CodeIgniter\Boot::runCodeIgniter(Object(CodeIgniter\CodeIgniter))
 6 FCPATH\index.php(59): CodeIgniter\Boot::bootWeb(Object(Config\Paths))
WARNING - 2026-04-27 03:02:05 --> [DEPRECATED] Creation of dynamic property App\Controllers\Kriteria::$model is deprecated in APPPATH\Controllers\Kriteria.php on line 10.
 1 SYSTEMPATH\CodeIgniter.php(921): App\Controllers\Kriteria->__construct()
 2 SYSTEMPATH\CodeIgniter.php(488): CodeIgniter\CodeIgniter->createController()
 3 SYSTEMPATH\CodeIgniter.php(340): CodeIgniter\CodeIgniter->handleRequest(null, Object(Config\Cache), false)
 4 SYSTEMPATH\Boot.php(417): CodeIgniter\CodeIgniter->run()
 5 SYSTEMPATH\Boot.php(68): CodeIgniter\Boot::runCodeIgniter(Object(CodeIgniter\CodeIgniter))
 6 FCPATH\index.php(59): CodeIgniter\Boot::bootWeb(Object(Config\Paths))
WARNING - 2026-04-27 03:02:05 --> [DEPRECATED] Creation of dynamic property App\Controllers\Kriteria::$model is deprecated in APPPATH\Controllers\Kriteria.php on line 10.
 1 SYSTEMPATH\CodeIgniter.php(921): App\Controllers\Kriteria->__construct()
 2 SYSTEMPATH\CodeIgniter.php(488): CodeIgniter\CodeIgniter->createController()
 3 SYSTEMPATH\CodeIgniter.php(340): CodeIgniter\CodeIgniter->handleRequest(null, Object(Config\Cache), false)
 4 SYSTEMPATH\Boot.php(417): CodeIgniter\CodeIgniter->run()
 5 SYSTEMPATH\Boot.php(68): CodeIgniter\Boot::runCodeIgniter(Object(CodeIgniter\CodeIgniter))
 6 FCPATH\index.php(59): CodeIgniter\Boot::bootWeb(Object(Config\Paths))
WARNING - 2026-04-27 03:02:05 --> [DEPRECATED] Creation of dynamic property App\Controllers\Kriteria::$model is deprecated in APPPATH\Controllers\Kriteria.php on line 10.
 1 SYSTEMPATH\CodeIgniter.php(921): App\Controllers\Kriteria->__construct()
 2 SYSTEMPATH\CodeIgniter.php(488): CodeIgniter\CodeIgniter->createController()
 3 SYSTEMPATH\CodeIgniter.php(340): CodeIgniter\CodeIgniter->handleRequest(null, Object(Config\Cache), false)
 4 SYSTEMPATH\Boot.php(417): CodeIgniter\CodeIgniter->run()
 5 SYSTEMPATH\Boot.php(68): CodeIgniter\Boot::runCodeIgniter(Object(CodeIgniter\CodeIgniter))
 6 FCPATH\index.php(59): CodeIgniter\Boot::bootWeb(Object(Config\Paths))
WARNING - 2026-04-27 03:02:05 --> [DEPRECATED] Creation of dynamic property App\Controllers\Kriteria::$model is deprecated in APPPATH\Controllers\Kriteria.php on line 10.
 1 SYSTEMPATH\CodeIgniter.php(921): App\Controllers\Kriteria->__construct()
 2 SYSTEMPATH\CodeIgniter.php(488): CodeIgniter\CodeIgniter->createController()
 3 SYSTEMPATH\CodeIgniter.php(340): CodeIgniter\CodeIgniter->handleRequest(null, Object(Config\Cache), false)
 4 SYSTEMPATH\Boot.php(417): CodeIgniter\CodeIgniter->run()
 5 SYSTEMPATH\Boot.php(68): CodeIgniter\Boot::runCodeIgniter(Object(CodeIgniter\CodeIgniter))
 6 FCPATH\index.php(59): CodeIgniter\Boot::bootWeb(Object(Config\Paths))
WARNING - 2026-04-27 03:02:06 --> [DEPRECATED] Creation of dynamic property App\Controllers\Kriteria::$model is deprecated in APPPATH\Controllers\Kriteria.php on line 10.
 1 SYSTEMPATH\CodeIgniter.php(921): App\Controllers\Kriteria->__construct()
 2 SYSTEMPATH\CodeIgniter.php(488): CodeIgniter\CodeIgniter->createController()
 3 SYSTEMPATH\CodeIgniter.php(340): CodeIgniter\CodeIgniter->handleRequest(null, Object(Config\Cache), false)
 4 SYSTEMPATH\Boot.php(417): CodeIgniter\CodeIgniter->run()
 5 SYSTEMPATH\Boot.php(68): CodeIgniter\Boot::runCodeIgniter(Object(CodeIgniter\CodeIgniter))
 6 FCPATH\index.php(59): CodeIgniter\Boot::bootWeb(Object(Config\Paths))
WARNING - 2026-04-27 03:02:06 --> [DEPRECATED] Creation of dynamic property App\Controllers\Kriteria::$model is deprecated in APPPATH\Controllers\Kriteria.php on line 10.
 1 SYSTEMPATH\CodeIgniter.php(921): App\Controllers\Kriteria->__construct()
 2 SYSTEMPATH\CodeIgniter.php(488): CodeIgniter\CodeIgniter->createController()
 3 SYSTEMPATH\CodeIgniter.php(340): CodeIgniter\CodeIgniter->handleRequest(null, Object(Config\Cache), false)
 4 SYSTEMPATH\Boot.php(417): CodeIgniter\CodeIgniter->run()
 5 SYSTEMPATH\Boot.php(68): CodeIgniter\Boot::runCodeIgniter(Object(CodeIgniter\CodeIgniter))
 6 FCPATH\index.php(59): CodeIgniter\Boot::bootWeb(Object(Config\Paths))
WARNING - 2026-04-27 03:02:06 --> [DEPRECATED] Creation of dynamic property App\Controllers\Kriteria::$model is deprecated in APPPATH\Controllers\Kriteria.php on line 10.
 1 SYSTEMPATH\CodeIgniter.php(921): App\Controllers\Kriteria->__construct()
 2 SYSTEMPATH\CodeIgniter.php(488): CodeIgniter\CodeIgniter->createController()
 3 SYSTEMPATH\CodeIgniter.php(340): CodeIgniter\CodeIgniter->handleRequest(null, Object(Config\Cache), false)
 4 SYSTEMPATH\Boot.php(417): CodeIgniter\CodeIgniter->run()
 5 SYSTEMPATH\Boot.php(68): CodeIgniter\Boot::runCodeIgniter(Object(CodeIgniter\CodeIgniter))
 6 FCPATH\index.php(59): CodeIgniter\Boot::bootWeb(Object(Config\Paths))
WARNING - 2026-04-27 03:02:10 --> [DEPRECATED] Creation of dynamic property App\Controllers\Kriteria::$model is deprecated in APPPATH\Controllers\Kriteria.php on line 10.
 1 SYSTEMPATH\CodeIgniter.php(921): App\Controllers\Kriteria->__construct()
 2 SYSTEMPATH\CodeIgniter.php(488): CodeIgniter\CodeIgniter->createController()
 3 SYSTEMPATH\CodeIgniter.php(340): CodeIgniter\CodeIgniter->handleRequest(null, Object(Config\Cache), false)
 4 SYSTEMPATH\Boot.php(417): CodeIgniter\CodeIgniter->run()
 5 SYSTEMPATH\Boot.php(68): CodeIgniter\Boot::runCodeIgniter(Object(CodeIgniter\CodeIgniter))
 6 FCPATH\index.php(59): CodeIgniter\Boot::bootWeb(Object(Config\Paths))
WARNING - 2026-04-27 03:02:10 --> [DEPRECATED] Creation of dynamic property App\Controllers\Kriteria::$model is deprecated in APPPATH\Controllers\Kriteria.php on line 10.
 1 SYSTEMPATH\CodeIgniter.php(921): App\Controllers\Kriteria->__construct()
 2 SYSTEMPATH\CodeIgniter.php(488): CodeIgniter\CodeIgniter->createController()
 3 SYSTEMPATH\CodeIgniter.php(340): CodeIgniter\CodeIgniter->handleRequest(null, Object(Config\Cache), false)
 4 SYSTEMPATH\Boot.php(417): CodeIgniter\CodeIgniter->run()
 5 SYSTEMPATH\Boot.php(68): CodeIgniter\Boot::runCodeIgniter(Object(CodeIgniter\CodeIgniter))
 6 FCPATH\index.php(59): CodeIgniter\Boot::bootWeb(Object(Config\Paths))
WARNING - 2026-04-27 03:02:10 --> [DEPRECATED] Creation of dynamic property App\Controllers\Kriteria::$model is deprecated in APPPATH\Controllers\Kriteria.php on line 10.
 1 SYSTEMPATH\CodeIgniter.php(921): App\Controllers\Kriteria->__construct()
 2 SYSTEMPATH\CodeIgniter.php(488): CodeIgniter\CodeIgniter->createController()
 3 SYSTEMPATH\CodeIgniter.php(340): CodeIgniter\CodeIgniter->handleRequest(null, Object(Config\Cache), false)
 4 SYSTEMPATH\Boot.php(417): CodeIgniter\CodeIgniter->run()
 5 SYSTEMPATH\Boot.php(68): CodeIgniter\Boot::runCodeIgniter(Object(CodeIgniter\CodeIgniter))
 6 FCPATH\index.php(59): CodeIgniter\Boot::bootWeb(Object(Config\Paths))
WARNING - 2026-04-27 03:02:10 --> [DEPRECATED] Creation of dynamic property App\Controllers\Kriteria::$model is deprecated in APPPATH\Controllers\Kriteria.php on line 10.
 1 SYSTEMPATH\CodeIgniter.php(921): App\Controllers\Kriteria->__construct()
 2 SYSTEMPATH\CodeIgniter.php(488): CodeIgniter\CodeIgniter->createController()
 3 SYSTEMPATH\CodeIgniter.php(340): CodeIgniter\CodeIgniter->handleRequest(null, Object(Config\Cache), false)
 4 SYSTEMPATH\Boot.php(417): CodeIgniter\CodeIgniter->run()
 5 SYSTEMPATH\Boot.php(68): CodeIgniter\Boot::runCodeIgniter(Object(CodeIgniter\CodeIgniter))
 6 FCPATH\index.php(59): CodeIgniter\Boot::bootWeb(Object(Config\Paths))
WARNING - 2026-04-27 03:02:10 --> [DEPRECATED] Creation of dynamic property App\Controllers\Kriteria::$model is deprecated in APPPATH\Controllers\Kriteria.php on line 10.
 1 SYSTEMPATH\CodeIgniter.php(921): App\Controllers\Kriteria->__construct()
 2 SYSTEMPATH\CodeIgniter.php(488): CodeIgniter\CodeIgniter->createController()
 3 SYSTEMPATH\CodeIgniter.php(340): CodeIgniter\CodeIgniter->handleRequest(null, Object(Config\Cache), false)
 4 SYSTEMPATH\Boot.php(417): CodeIgniter\CodeIgniter->run()
 5 SYSTEMPATH\Boot.php(68): CodeIgniter\Boot::runCodeIgniter(Object(CodeIgniter\CodeIgniter))
 6 FCPATH\index.php(59): CodeIgniter\Boot::bootWeb(Object(Config\Paths))
WARNING - 2026-04-27 03:02:10 --> [DEPRECATED] Creation of dynamic property App\Controllers\Kriteria::$model is deprecated in APPPATH\Controllers\Kriteria.php on line 10.
 1 SYSTEMPATH\CodeIgniter.php(921): App\Controllers\Kriteria->__construct()
 2 SYSTEMPATH\CodeIgniter.php(488): CodeIgniter\CodeIgniter->createController()
 3 SYSTEMPATH\CodeIgniter.php(340): CodeIgniter\CodeIgniter->handleRequest(null, Object(Config\Cache), false)
 4 SYSTEMPATH\Boot.php(417): CodeIgniter\CodeIgniter->run()
 5 SYSTEMPATH\Boot.php(68): CodeIgniter\Boot::runCodeIgniter(Object(CodeIgniter\CodeIgniter))
 6 FCPATH\index.php(59): CodeIgniter\Boot::bootWeb(Object(Config\Paths))
WARNING - 2026-04-27 03:02:10 --> [DEPRECATED] Creation of dynamic property App\Controllers\Kriteria::$model is deprecated in APPPATH\Controllers\Kriteria.php on line 10.
 1 SYSTEMPATH\CodeIgniter.php(921): App\Controllers\Kriteria->__construct()
 2 SYSTEMPATH\CodeIgniter.php(488): CodeIgniter\CodeIgniter->createController()
 3 SYSTEMPATH\CodeIgniter.php(340): CodeIgniter\CodeIgniter->handleRequest(null, Object(Config\Cache), false)
 4 SYSTEMPATH\Boot.php(417): CodeIgniter\CodeIgniter->run()
 5 SYSTEMPATH\Boot.php(68): CodeIgniter\Boot::runCodeIgniter(Object(CodeIgniter\CodeIgniter))
 6 FCPATH\index.php(59): CodeIgniter\Boot::bootWeb(Object(Config\Paths))
WARNING - 2026-04-27 03:02:10 --> [DEPRECATED] Creation of dynamic property App\Controllers\Kriteria::$model is deprecated in APPPATH\Controllers\Kriteria.php on line 10.
 1 SYSTEMPATH\CodeIgniter.php(921): App\Controllers\Kriteria->__construct()
 2 SYSTEMPATH\CodeIgniter.php(488): CodeIgniter\CodeIgniter->createController()
 3 SYSTEMPATH\CodeIgniter.php(340): CodeIgniter\CodeIgniter->handleRequest(null, Object(Config\Cache), false)
 4 SYSTEMPATH\Boot.php(417): CodeIgniter\CodeIgniter->run()
 5 SYSTEMPATH\Boot.php(68): CodeIgniter\Boot::runCodeIgniter(Object(CodeIgniter\CodeIgniter))
 6 FCPATH\index.php(59): CodeIgniter\Boot::bootWeb(Object(Config\Paths))
WARNING - 2026-04-27 03:02:10 --> [DEPRECATED] Creation of dynamic property App\Controllers\Kriteria::$model is deprecated in APPPATH\Controllers\Kriteria.php on line 10.
 1 SYSTEMPATH\CodeIgniter.php(921): App\Controllers\Kriteria->__construct()
 2 SYSTEMPATH\CodeIgniter.php(488): CodeIgniter\CodeIgniter->createController()
 3 SYSTEMPATH\CodeIgniter.php(340): CodeIgniter\CodeIgniter->handleRequest(null, Object(Config\Cache), false)
 4 SYSTEMPATH\Boot.php(417): CodeIgniter\CodeIgniter->run()
 5 SYSTEMPATH\Boot.php(68): CodeIgniter\Boot::runCodeIgniter(Object(CodeIgniter\CodeIgniter))
 6 FCPATH\index.php(59): CodeIgniter\Boot::bootWeb(Object(Config\Paths))
WARNING - 2026-04-27 03:02:11 --> [DEPRECATED] Creation of dynamic property App\Controllers\Kriteria::$model is deprecated in APPPATH\Controllers\Kriteria.php on line 10.
 1 SYSTEMPATH\CodeIgniter.php(921): App\Controllers\Kriteria->__construct()
 2 SYSTEMPATH\CodeIgniter.php(488): CodeIgniter\CodeIgniter->createController()
 3 SYSTEMPATH\CodeIgniter.php(340): CodeIgniter\CodeIgniter->handleRequest(null, Object(Config\Cache), false)
 4 SYSTEMPATH\Boot.php(417): CodeIgniter\CodeIgniter->run()
 5 SYSTEMPATH\Boot.php(68): CodeIgniter\Boot::runCodeIgniter(Object(CodeIgniter\CodeIgniter))
 6 FCPATH\index.php(59): CodeIgniter\Boot::bootWeb(Object(Config\Paths))
WARNING - 2026-04-27 03:02:11 --> [DEPRECATED] Creation of dynamic property App\Controllers\Kriteria::$model is deprecated in APPPATH\Controllers\Kriteria.php on line 10.
 1 SYSTEMPATH\CodeIgniter.php(921): App\Controllers\Kriteria->__construct()
 2 SYSTEMPATH\CodeIgniter.php(488): CodeIgniter\CodeIgniter->createController()
 3 SYSTEMPATH\CodeIgniter.php(340): CodeIgniter\CodeIgniter->handleRequest(null, Object(Config\Cache), false)
 4 SYSTEMPATH\Boot.php(417): CodeIgniter\CodeIgniter->run()
 5 SYSTEMPATH\Boot.php(68): CodeIgniter\Boot::runCodeIgniter(Object(CodeIgniter\CodeIgniter))
 6 FCPATH\index.php(59): CodeIgniter\Boot::bootWeb(Object(Config\Paths))
WARNING - 2026-04-27 03:02:11 --> [DEPRECATED] Creation of dynamic property App\Controllers\Kriteria::$model is deprecated in APPPATH\Controllers\Kriteria.php on line 10.
 1 SYSTEMPATH\CodeIgniter.php(921): App\Controllers\Kriteria->__construct()
 2 SYSTEMPATH\CodeIgniter.php(488): CodeIgniter\CodeIgniter->createController()
 3 SYSTEMPATH\CodeIgniter.php(340): CodeIgniter\CodeIgniter->handleRequest(null, Object(Config\Cache), false)
 4 SYSTEMPATH\Boot.php(417): CodeIgniter\CodeIgniter->run()
 5 SYSTEMPATH\Boot.php(68): CodeIgniter\Boot::runCodeIgniter(Object(CodeIgniter\CodeIgniter))
 6 FCPATH\index.php(59): CodeIgniter\Boot::bootWeb(Object(Config\Paths))
WARNING - 2026-04-27 03:05:13 --> [DEPRECATED] Creation of dynamic property App\Controllers\Kriteria::$model is deprecated in APPPATH\Controllers\Kriteria.php on line 10.
 1 SYSTEMPATH\CodeIgniter.php(921): App\Controllers\Kriteria->__construct()
 2 SYSTEMPATH\CodeIgniter.php(488): CodeIgniter\CodeIgniter->createController()
 3 SYSTEMPATH\CodeIgniter.php(340): CodeIgniter\CodeIgniter->handleRequest(null, Object(Config\Cache), false)
 4 SYSTEMPATH\Boot.php(417): CodeIgniter\CodeIgniter->run()
 5 SYSTEMPATH\Boot.php(68): CodeIgniter\Boot::runCodeIgniter(Object(CodeIgniter\CodeIgniter))
 6 FCPATH\index.php(59): CodeIgniter\Boot::bootWeb(Object(Config\Paths))
WARNING - 2026-04-27 03:05:13 --> [DEPRECATED] Creation of dynamic property App\Controllers\Kriteria::$model is deprecated in APPPATH\Controllers\Kriteria.php on line 10.
 1 SYSTEMPATH\CodeIgniter.php(921): App\Controllers\Kriteria->__construct()
 2 SYSTEMPATH\CodeIgniter.php(488): CodeIgniter\CodeIgniter->createController()
 3 SYSTEMPATH\CodeIgniter.php(340): CodeIgniter\CodeIgniter->handleRequest(null, Object(Config\Cache), false)
 4 SYSTEMPATH\Boot.php(417): CodeIgniter\CodeIgniter->run()
 5 SYSTEMPATH\Boot.php(68): CodeIgniter\Boot::runCodeIgniter(Object(CodeIgniter\CodeIgniter))
 6 FCPATH\index.php(59): CodeIgniter\Boot::bootWeb(Object(Config\Paths))
WARNING - 2026-04-27 03:05:13 --> [DEPRECATED] Creation of dynamic property App\Controllers\Kriteria::$model is deprecated in APPPATH\Controllers\Kriteria.php on line 10.
 1 SYSTEMPATH\CodeIgniter.php(921): App\Controllers\Kriteria->__construct()
 2 SYSTEMPATH\CodeIgniter.php(488): CodeIgniter\CodeIgniter->createController()
 3 SYSTEMPATH\CodeIgniter.php(340): CodeIgniter\CodeIgniter->handleRequest(null, Object(Config\Cache), false)
 4 SYSTEMPATH\Boot.php(417): CodeIgniter\CodeIgniter->run()
 5 SYSTEMPATH\Boot.php(68): CodeIgniter\Boot::runCodeIgniter(Object(CodeIgniter\CodeIgniter))
 6 FCPATH\index.php(59): CodeIgniter\Boot::bootWeb(Object(Config\Paths))
WARNING - 2026-04-27 03:05:13 --> [DEPRECATED] Creation of dynamic property App\Controllers\Kriteria::$model is deprecated in APPPATH\Controllers\Kriteria.php on line 10.
 1 SYSTEMPATH\CodeIgniter.php(921): App\Controllers\Kriteria->__construct()
 2 SYSTEMPATH\CodeIgniter.php(488): CodeIgniter\CodeIgniter->createController()
 3 SYSTEMPATH\CodeIgniter.php(340): CodeIgniter\CodeIgniter->handleRequest(null, Object(Config\Cache), false)
 4 SYSTEMPATH\Boot.php(417): CodeIgniter\CodeIgniter->run()
 5 SYSTEMPATH\Boot.php(68): CodeIgniter\Boot::runCodeIgniter(Object(CodeIgniter\CodeIgniter))
 6 FCPATH\index.php(59): CodeIgniter\Boot::bootWeb(Object(Config\Paths))
WARNING - 2026-04-27 03:06:14 --> [DEPRECATED] Creation of dynamic property App\Controllers\Kriteria::$model is deprecated in APPPATH\Controllers\Kriteria.php on line 10.
 1 SYSTEMPATH\CodeIgniter.php(921): App\Controllers\Kriteria->__construct()
 2 SYSTEMPATH\CodeIgniter.php(488): CodeIgniter\CodeIgniter->createController()
 3 SYSTEMPATH\CodeIgniter.php(340): CodeIgniter\CodeIgniter->handleRequest(null, Object(Config\Cache), false)
 4 SYSTEMPATH\Boot.php(417): CodeIgniter\CodeIgniter->run()
 5 SYSTEMPATH\Boot.php(68): CodeIgniter\Boot::runCodeIgniter(Object(CodeIgniter\CodeIgniter))
 6 FCPATH\index.php(59): CodeIgniter\Boot::bootWeb(Object(Config\Paths))
WARNING - 2026-04-27 03:06:14 --> [DEPRECATED] Creation of dynamic property App\Controllers\Kriteria::$model is deprecated in APPPATH\Controllers\Kriteria.php on line 10.
 1 SYSTEMPATH\CodeIgniter.php(921): App\Controllers\Kriteria->__construct()
 2 SYSTEMPATH\CodeIgniter.php(488): CodeIgniter\CodeIgniter->createController()
 3 SYSTEMPATH\CodeIgniter.php(340): CodeIgniter\CodeIgniter->handleRequest(null, Object(Config\Cache), false)
 4 SYSTEMPATH\Boot.php(417): CodeIgniter\CodeIgniter->run()
 5 SYSTEMPATH\Boot.php(68): CodeIgniter\Boot::runCodeIgniter(Object(CodeIgniter\CodeIgniter))
 6 FCPATH\index.php(59): CodeIgniter\Boot::bootWeb(Object(Config\Paths))
WARNING - 2026-04-27 03:06:14 --> [DEPRECATED] Creation of dynamic property App\Controllers\Kriteria::$model is deprecated in APPPATH\Controllers\Kriteria.php on line 10.
 1 SYSTEMPATH\CodeIgniter.php(921): App\Controllers\Kriteria->__construct()
 2 SYSTEMPATH\CodeIgniter.php(488): CodeIgniter\CodeIgniter->createController()
 3 SYSTEMPATH\CodeIgniter.php(340): CodeIgniter\CodeIgniter->handleRequest(null, Object(Config\Cache), false)
 4 SYSTEMPATH\Boot.php(417): CodeIgniter\CodeIgniter->run()
 5 SYSTEMPATH\Boot.php(68): CodeIgniter\Boot::runCodeIgniter(Object(CodeIgniter\CodeIgniter))
 6 FCPATH\index.php(59): CodeIgniter\Boot::bootWeb(Object(Config\Paths))
WARNING - 2026-04-27 03:06:14 --> [DEPRECATED] Creation of dynamic property App\Controllers\Kriteria::$model is deprecated in APPPATH\Controllers\Kriteria.php on line 10.
 1 SYSTEMPATH\CodeIgniter.php(921): App\Controllers\Kriteria->__construct()
 2 SYSTEMPATH\CodeIgniter.php(488): CodeIgniter\CodeIgniter->createController()
 3 SYSTEMPATH\CodeIgniter.php(340): CodeIgniter\CodeIgniter->handleRequest(null, Object(Config\Cache), false)
 4 SYSTEMPATH\Boot.php(417): CodeIgniter\CodeIgniter->run()
 5 SYSTEMPATH\Boot.php(68): CodeIgniter\Boot::runCodeIgniter(Object(CodeIgniter\CodeIgniter))
 6 FCPATH\index.php(59): CodeIgniter\Boot::bootWeb(Object(Config\Paths))
WARNING - 2026-04-27 03:06:37 --> [DEPRECATED] Creation of dynamic property App\Controllers\Kriteria::$model is deprecated in APPPATH\Controllers\Kriteria.php on line 10.
 1 SYSTEMPATH\CodeIgniter.php(921): App\Controllers\Kriteria->__construct()
 2 SYSTEMPATH\CodeIgniter.php(488): CodeIgniter\CodeIgniter->createController()
 3 SYSTEMPATH\CodeIgniter.php(340): CodeIgniter\CodeIgniter->handleRequest(null, Object(Config\Cache), false)
 4 SYSTEMPATH\Boot.php(417): CodeIgniter\CodeIgniter->run()
 5 SYSTEMPATH\Boot.php(68): CodeIgniter\Boot::runCodeIgniter(Object(CodeIgniter\CodeIgniter))
 6 FCPATH\index.php(59): CodeIgniter\Boot::bootWeb(Object(Config\Paths))
WARNING - 2026-04-27 03:06:38 --> [DEPRECATED] Creation of dynamic property App\Controllers\Kriteria::$model is deprecated in APPPATH\Controllers\Kriteria.php on line 10.
 1 SYSTEMPATH\CodeIgniter.php(921): App\Controllers\Kriteria->__construct()
 2 SYSTEMPATH\CodeIgniter.php(488): CodeIgniter\CodeIgniter->createController()
 3 SYSTEMPATH\CodeIgniter.php(340): CodeIgniter\CodeIgniter->handleRequest(null, Object(Config\Cache), false)
 4 SYSTEMPATH\Boot.php(417): CodeIgniter\CodeIgniter->run()
 5 SYSTEMPATH\Boot.php(68): CodeIgniter\Boot::runCodeIgniter(Object(CodeIgniter\CodeIgniter))
 6 FCPATH\index.php(59): CodeIgniter\Boot::bootWeb(Object(Config\Paths))
WARNING - 2026-04-27 03:06:38 --> [DEPRECATED] Creation of dynamic property App\Controllers\Kriteria::$model is deprecated in APPPATH\Controllers\Kriteria.php on line 10.
 1 SYSTEMPATH\CodeIgniter.php(921): App\Controllers\Kriteria->__construct()
 2 SYSTEMPATH\CodeIgniter.php(488): CodeIgniter\CodeIgniter->createController()
 3 SYSTEMPATH\CodeIgniter.php(340): CodeIgniter\CodeIgniter->handleRequest(null, Object(Config\Cache), false)
 4 SYSTEMPATH\Boot.php(417): CodeIgniter\CodeIgniter->run()
 5 SYSTEMPATH\Boot.php(68): CodeIgniter\Boot::runCodeIgniter(Object(CodeIgniter\CodeIgniter))
 6 FCPATH\index.php(59): CodeIgniter\Boot::bootWeb(Object(Config\Paths))
WARNING - 2026-04-27 03:06:38 --> [DEPRECATED] Creation of dynamic property App\Controllers\Kriteria::$model is deprecated in APPPATH\Controllers\Kriteria.php on line 10.
 1 SYSTEMPATH\CodeIgniter.php(921): App\Controllers\Kriteria->__construct()
 2 SYSTEMPATH\CodeIgniter.php(488): CodeIgniter\CodeIgniter->createController()
 3 SYSTEMPATH\CodeIgniter.php(340): CodeIgniter\CodeIgniter->handleRequest(null, Object(Config\Cache), false)
 4 SYSTEMPATH\Boot.php(417): CodeIgniter\CodeIgniter->run()
 5 SYSTEMPATH\Boot.php(68): CodeIgniter\Boot::runCodeIgniter(Object(CodeIgniter\CodeIgniter))
 6 FCPATH\index.php(59): CodeIgniter\Boot::bootWeb(Object(Config\Paths))
WARNING - 2026-04-27 03:07:11 --> [DEPRECATED] Creation of dynamic property App\Controllers\Kriteria::$model is deprecated in APPPATH\Controllers\Kriteria.php on line 10.
 1 SYSTEMPATH\CodeIgniter.php(921): App\Controllers\Kriteria->__construct()
 2 SYSTEMPATH\CodeIgniter.php(488): CodeIgniter\CodeIgniter->createController()
 3 SYSTEMPATH\CodeIgniter.php(340): CodeIgniter\CodeIgniter->handleRequest(null, Object(Config\Cache), false)
 4 SYSTEMPATH\Boot.php(417): CodeIgniter\CodeIgniter->run()
 5 SYSTEMPATH\Boot.php(68): CodeIgniter\Boot::runCodeIgniter(Object(CodeIgniter\CodeIgniter))
 6 FCPATH\index.php(59): CodeIgniter\Boot::bootWeb(Object(Config\Paths))
WARNING - 2026-04-27 03:07:12 --> [DEPRECATED] Creation of dynamic property App\Controllers\Kriteria::$model is deprecated in APPPATH\Controllers\Kriteria.php on line 10.
 1 SYSTEMPATH\CodeIgniter.php(921): App\Controllers\Kriteria->__construct()
 2 SYSTEMPATH\CodeIgniter.php(488): CodeIgniter\CodeIgniter->createController()
 3 SYSTEMPATH\CodeIgniter.php(340): CodeIgniter\CodeIgniter->handleRequest(null, Object(Config\Cache), false)
 4 SYSTEMPATH\Boot.php(417): CodeIgniter\CodeIgniter->run()
 5 SYSTEMPATH\Boot.php(68): CodeIgniter\Boot::runCodeIgniter(Object(CodeIgniter\CodeIgniter))
 6 FCPATH\index.php(59): CodeIgniter\Boot::bootWeb(Object(Config\Paths))
WARNING - 2026-04-27 03:07:12 --> [DEPRECATED] Creation of dynamic property App\Controllers\Kriteria::$model is deprecated in APPPATH\Controllers\Kriteria.php on line 10.
 1 SYSTEMPATH\CodeIgniter.php(921): App\Controllers\Kriteria->__construct()
 2 SYSTEMPATH\CodeIgniter.php(488): CodeIgniter\CodeIgniter->createController()
 3 SYSTEMPATH\CodeIgniter.php(340): CodeIgniter\CodeIgniter->handleRequest(null, Object(Config\Cache), false)
 4 SYSTEMPATH\Boot.php(417): CodeIgniter\CodeIgniter->run()
 5 SYSTEMPATH\Boot.php(68): CodeIgniter\Boot::runCodeIgniter(Object(CodeIgniter\CodeIgniter))
 6 FCPATH\index.php(59): CodeIgniter\Boot::bootWeb(Object(Config\Paths))
WARNING - 2026-04-27 03:07:12 --> [DEPRECATED] Creation of dynamic property App\Controllers\Kriteria::$model is deprecated in APPPATH\Controllers\Kriteria.php on line 10.
 1 SYSTEMPATH\CodeIgniter.php(921): App\Controllers\Kriteria->__construct()
 2 SYSTEMPATH\CodeIgniter.php(488): CodeIgniter\CodeIgniter->createController()
 3 SYSTEMPATH\CodeIgniter.php(340): CodeIgniter\CodeIgniter->handleRequest(null, Object(Config\Cache), false)
 4 SYSTEMPATH\Boot.php(417): CodeIgniter\CodeIgniter->run()
 5 SYSTEMPATH\Boot.php(68): CodeIgniter\Boot::runCodeIgniter(Object(CodeIgniter\CodeIgniter))
 6 FCPATH\index.php(59): CodeIgniter\Boot::bootWeb(Object(Config\Paths))
WARNING - 2026-04-27 03:17:31 --> [DEPRECATED] Creation of dynamic property App\Controllers\Kriteria::$model is deprecated in APPPATH\Controllers\Kriteria.php on line 10.
 1 SYSTEMPATH\CodeIgniter.php(921): App\Controllers\Kriteria->__construct()
 2 SYSTEMPATH\CodeIgniter.php(488): CodeIgniter\CodeIgniter->createController()
 3 SYSTEMPATH\CodeIgniter.php(340): CodeIgniter\CodeIgniter->handleRequest(null, Object(Config\Cache), false)
 4 SYSTEMPATH\Boot.php(417): CodeIgniter\CodeIgniter->run()
 5 SYSTEMPATH\Boot.php(68): CodeIgniter\Boot::runCodeIgniter(Object(CodeIgniter\CodeIgniter))
 6 FCPATH\index.php(59): CodeIgniter\Boot::bootWeb(Object(Config\Paths))
WARNING - 2026-04-27 03:17:31 --> [DEPRECATED] Creation of dynamic property App\Controllers\Kriteria::$model is deprecated in APPPATH\Controllers\Kriteria.php on line 10.
 1 SYSTEMPATH\CodeIgniter.php(921): App\Controllers\Kriteria->__construct()
 2 SYSTEMPATH\CodeIgniter.php(488): CodeIgniter\CodeIgniter->createController()
 3 SYSTEMPATH\CodeIgniter.php(340): CodeIgniter\CodeIgniter->handleRequest(null, Object(Config\Cache), false)
 4 SYSTEMPATH\Boot.php(417): CodeIgniter\CodeIgniter->run()
 5 SYSTEMPATH\Boot.php(68): CodeIgniter\Boot::runCodeIgniter(Object(CodeIgniter\CodeIgniter))
 6 FCPATH\index.php(59): CodeIgniter\Boot::bootWeb(Object(Config\Paths))
WARNING - 2026-04-27 03:17:31 --> [DEPRECATED] Creation of dynamic property App\Controllers\Kriteria::$model is deprecated in APPPATH\Controllers\Kriteria.php on line 10.
 1 SYSTEMPATH\CodeIgniter.php(921): App\Controllers\Kriteria->__construct()
 2 SYSTEMPATH\CodeIgniter.php(488): CodeIgniter\CodeIgniter->createController()
 3 SYSTEMPATH\CodeIgniter.php(340): CodeIgniter\CodeIgniter->handleRequest(null, Object(Config\Cache), false)
 4 SYSTEMPATH\Boot.php(417): CodeIgniter\CodeIgniter->run()
 5 SYSTEMPATH\Boot.php(68): CodeIgniter\Boot::runCodeIgniter(Object(CodeIgniter\CodeIgniter))
 6 FCPATH\index.php(59): CodeIgniter\Boot::bootWeb(Object(Config\Paths))
WARNING - 2026-04-27 03:17:31 --> [DEPRECATED] Creation of dynamic property App\Controllers\Kriteria::$model is deprecated in APPPATH\Controllers\Kriteria.php on line 10.
 1 SYSTEMPATH\CodeIgniter.php(921): App\Controllers\Kriteria->__construct()
 2 SYSTEMPATH\CodeIgniter.php(488): CodeIgniter\CodeIgniter->createController()
 3 SYSTEMPATH\CodeIgniter.php(340): CodeIgniter\CodeIgniter->handleRequest(null, Object(Config\Cache), false)
 4 SYSTEMPATH\Boot.php(417): CodeIgniter\CodeIgniter->run()
 5 SYSTEMPATH\Boot.php(68): CodeIgniter\Boot::runCodeIgniter(Object(CodeIgniter\CodeIgniter))
 6 FCPATH\index.php(59): CodeIgniter\Boot::bootWeb(Object(Config\Paths))
WARNING - 2026-04-27 03:18:54 --> [DEPRECATED] Creation of dynamic property App\Controllers\Kriteria::$model is deprecated in APPPATH\Controllers\Kriteria.php on line 10.
 1 SYSTEMPATH\CodeIgniter.php(921): App\Controllers\Kriteria->__construct()
 2 SYSTEMPATH\CodeIgniter.php(488): CodeIgniter\CodeIgniter->createController()
 3 SYSTEMPATH\CodeIgniter.php(340): CodeIgniter\CodeIgniter->handleRequest(null, Object(Config\Cache), false)
 4 SYSTEMPATH\Boot.php(417): CodeIgniter\CodeIgniter->run()
 5 SYSTEMPATH\Boot.php(68): CodeIgniter\Boot::runCodeIgniter(Object(CodeIgniter\CodeIgniter))
 6 FCPATH\index.php(59): CodeIgniter\Boot::bootWeb(Object(Config\Paths))
WARNING - 2026-04-27 03:18:54 --> [DEPRECATED] Creation of dynamic property App\Controllers\Kriteria::$model is deprecated in APPPATH\Controllers\Kriteria.php on line 10.
 1 SYSTEMPATH\CodeIgniter.php(921): App\Controllers\Kriteria->__construct()
 2 SYSTEMPATH\CodeIgniter.php(488): CodeIgniter\CodeIgniter->createController()
 3 SYSTEMPATH\CodeIgniter.php(340): CodeIgniter\CodeIgniter->handleRequest(null, Object(Config\Cache), false)
 4 SYSTEMPATH\Boot.php(417): CodeIgniter\CodeIgniter->run()
 5 SYSTEMPATH\Boot.php(68): CodeIgniter\Boot::runCodeIgniter(Object(CodeIgniter\CodeIgniter))
 6 FCPATH\index.php(59): CodeIgniter\Boot::bootWeb(Object(Config\Paths))
WARNING - 2026-04-27 03:18:54 --> [DEPRECATED] Creation of dynamic property App\Controllers\Kriteria::$model is deprecated in APPPATH\Controllers\Kriteria.php on line 10.
 1 SYSTEMPATH\CodeIgniter.php(921): App\Controllers\Kriteria->__construct()
 2 SYSTEMPATH\CodeIgniter.php(488): CodeIgniter\CodeIgniter->createController()
 3 SYSTEMPATH\CodeIgniter.php(340): CodeIgniter\CodeIgniter->handleRequest(null, Object(Config\Cache), false)
 4 SYSTEMPATH\Boot.php(417): CodeIgniter\CodeIgniter->run()
 5 SYSTEMPATH\Boot.php(68): CodeIgniter\Boot::runCodeIgniter(Object(CodeIgniter\CodeIgniter))
 6 FCPATH\index.php(59): CodeIgniter\Boot::bootWeb(Object(Config\Paths))
WARNING - 2026-04-27 03:18:54 --> [DEPRECATED] Creation of dynamic property App\Controllers\Kriteria::$model is deprecated in APPPATH\Controllers\Kriteria.php on line 10.
 1 SYSTEMPATH\CodeIgniter.php(921): App\Controllers\Kriteria->__construct()
 2 SYSTEMPATH\CodeIgniter.php(488): CodeIgniter\CodeIgniter->createController()
 3 SYSTEMPATH\CodeIgniter.php(340): CodeIgniter\CodeIgniter->handleRequest(null, Object(Config\Cache), false)
 4 SYSTEMPATH\Boot.php(417): CodeIgniter\CodeIgniter->run()
 5 SYSTEMPATH\Boot.php(68): CodeIgniter\Boot::runCodeIgniter(Object(CodeIgniter\CodeIgniter))
 6 FCPATH\index.php(59): CodeIgniter\Boot::bootWeb(Object(Config\Paths))
WARNING - 2026-04-27 03:20:08 --> [DEPRECATED] Creation of dynamic property App\Controllers\Kriteria::$model is deprecated in APPPATH\Controllers\Kriteria.php on line 10.
 1 SYSTEMPATH\CodeIgniter.php(921): App\Controllers\Kriteria->__construct()
 2 SYSTEMPATH\CodeIgniter.php(488): CodeIgniter\CodeIgniter->createController()
 3 SYSTEMPATH\CodeIgniter.php(340): CodeIgniter\CodeIgniter->handleRequest(null, Object(Config\Cache), false)
 4 SYSTEMPATH\Boot.php(417): CodeIgniter\CodeIgniter->run()
 5 SYSTEMPATH\Boot.php(68): CodeIgniter\Boot::runCodeIgniter(Object(CodeIgniter\CodeIgniter))
 6 FCPATH\index.php(59): CodeIgniter\Boot::bootWeb(Object(Config\Paths))
WARNING - 2026-04-27 03:20:08 --> [DEPRECATED] Creation of dynamic property App\Controllers\Kriteria::$model is deprecated in APPPATH\Controllers\Kriteria.php on line 10.
 1 SYSTEMPATH\CodeIgniter.php(921): App\Controllers\Kriteria->__construct()
 2 SYSTEMPATH\CodeIgniter.php(488): CodeIgniter\CodeIgniter->createController()
 3 SYSTEMPATH\CodeIgniter.php(340): CodeIgniter\CodeIgniter->handleRequest(null, Object(Config\Cache), false)
 4 SYSTEMPATH\Boot.php(417): CodeIgniter\CodeIgniter->run()
 5 SYSTEMPATH\Boot.php(68): CodeIgniter\Boot::runCodeIgniter(Object(CodeIgniter\CodeIgniter))
 6 FCPATH\index.php(59): CodeIgniter\Boot::bootWeb(Object(Config\Paths))
WARNING - 2026-04-27 03:20:08 --> [DEPRECATED] Creation of dynamic property App\Controllers\Kriteria::$model is deprecated in APPPATH\Controllers\Kriteria.php on line 10.
 1 SYSTEMPATH\CodeIgniter.php(921): App\Controllers\Kriteria->__construct()
 2 SYSTEMPATH\CodeIgniter.php(488): CodeIgniter\CodeIgniter->createController()
 3 SYSTEMPATH\CodeIgniter.php(340): CodeIgniter\CodeIgniter->handleRequest(null, Object(Config\Cache), false)
 4 SYSTEMPATH\Boot.php(417): CodeIgniter\CodeIgniter->run()
 5 SYSTEMPATH\Boot.php(68): CodeIgniter\Boot::runCodeIgniter(Object(CodeIgniter\CodeIgniter))
 6 FCPATH\index.php(59): CodeIgniter\Boot::bootWeb(Object(Config\Paths))
WARNING - 2026-04-27 03:20:08 --> [DEPRECATED] Creation of dynamic property App\Controllers\Kriteria::$model is deprecated in APPPATH\Controllers\Kriteria.php on line 10.
 1 SYSTEMPATH\CodeIgniter.php(921): App\Controllers\Kriteria->__construct()
 2 SYSTEMPATH\CodeIgniter.php(488): CodeIgniter\CodeIgniter->createController()
 3 SYSTEMPATH\CodeIgniter.php(340): CodeIgniter\CodeIgniter->handleRequest(null, Object(Config\Cache), false)
 4 SYSTEMPATH\Boot.php(417): CodeIgniter\CodeIgniter->run()
 5 SYSTEMPATH\Boot.php(68): CodeIgniter\Boot::runCodeIgniter(Object(CodeIgniter\CodeIgniter))
 6 FCPATH\index.php(59): CodeIgniter\Boot::bootWeb(Object(Config\Paths))
WARNING - 2026-04-27 03:20:44 --> [DEPRECATED] Creation of dynamic property App\Controllers\Kriteria::$model is deprecated in APPPATH\Controllers\Kriteria.php on line 10.
 1 SYSTEMPATH\CodeIgniter.php(921): App\Controllers\Kriteria->__construct()
 2 SYSTEMPATH\CodeIgniter.php(488): CodeIgniter\CodeIgniter->createController()
 3 SYSTEMPATH\CodeIgniter.php(340): CodeIgniter\CodeIgniter->handleRequest(null, Object(Config\Cache), false)
 4 SYSTEMPATH\Boot.php(417): CodeIgniter\CodeIgniter->run()
 5 SYSTEMPATH\Boot.php(68): CodeIgniter\Boot::runCodeIgniter(Object(CodeIgniter\CodeIgniter))
 6 FCPATH\index.php(59): CodeIgniter\Boot::bootWeb(Object(Config\Paths))
WARNING - 2026-04-27 03:20:44 --> [DEPRECATED] Creation of dynamic property App\Controllers\Kriteria::$model is deprecated in APPPATH\Controllers\Kriteria.php on line 10.
 1 SYSTEMPATH\CodeIgniter.php(921): App\Controllers\Kriteria->__construct()
 2 SYSTEMPATH\CodeIgniter.php(488): CodeIgniter\CodeIgniter->createController()
 3 SYSTEMPATH\CodeIgniter.php(340): CodeIgniter\CodeIgniter->handleRequest(null, Object(Config\Cache), false)
 4 SYSTEMPATH\Boot.php(417): CodeIgniter\CodeIgniter->run()
 5 SYSTEMPATH\Boot.php(68): CodeIgniter\Boot::runCodeIgniter(Object(CodeIgniter\CodeIgniter))
 6 FCPATH\index.php(59): CodeIgniter\Boot::bootWeb(Object(Config\Paths))
WARNING - 2026-04-27 03:20:44 --> [DEPRECATED] Creation of dynamic property App\Controllers\Kriteria::$model is deprecated in APPPATH\Controllers\Kriteria.php on line 10.
 1 SYSTEMPATH\CodeIgniter.php(921): App\Controllers\Kriteria->__construct()
 2 SYSTEMPATH\CodeIgniter.php(488): CodeIgniter\CodeIgniter->createController()
 3 SYSTEMPATH\CodeIgniter.php(340): CodeIgniter\CodeIgniter->handleRequest(null, Object(Config\Cache), false)
 4 SYSTEMPATH\Boot.php(417): CodeIgniter\CodeIgniter->run()
 5 SYSTEMPATH\Boot.php(68): CodeIgniter\Boot::runCodeIgniter(Object(CodeIgniter\CodeIgniter))
 6 FCPATH\index.php(59): CodeIgniter\Boot::bootWeb(Object(Config\Paths))
WARNING - 2026-04-27 03:20:44 --> [DEPRECATED] Creation of dynamic property App\Controllers\Kriteria::$model is deprecated in APPPATH\Controllers\Kriteria.php on line 10.
 1 SYSTEMPATH\CodeIgniter.php(921): App\Controllers\Kriteria->__construct()
 2 SYSTEMPATH\CodeIgniter.php(488): CodeIgniter\CodeIgniter->createController()
 3 SYSTEMPATH\CodeIgniter.php(340): CodeIgniter\CodeIgniter->handleRequest(null, Object(Config\Cache), false)
 4 SYSTEMPATH\Boot.php(417): CodeIgniter\CodeIgniter->run()
 5 SYSTEMPATH\Boot.php(68): CodeIgniter\Boot::runCodeIgniter(Object(CodeIgniter\CodeIgniter))
 6 FCPATH\index.php(59): CodeIgniter\Boot::bootWeb(Object(Config\Paths))
WARNING - 2026-04-27 03:22:19 --> [DEPRECATED] Creation of dynamic property App\Controllers\Kriteria::$model is deprecated in APPPATH\Controllers\Kriteria.php on line 10.
 1 SYSTEMPATH\CodeIgniter.php(921): App\Controllers\Kriteria->__construct()
 2 SYSTEMPATH\CodeIgniter.php(488): CodeIgniter\CodeIgniter->createController()
 3 SYSTEMPATH\CodeIgniter.php(340): CodeIgniter\CodeIgniter->handleRequest(null, Object(Config\Cache), false)
 4 SYSTEMPATH\Boot.php(417): CodeIgniter\CodeIgniter->run()
 5 SYSTEMPATH\Boot.php(68): CodeIgniter\Boot::runCodeIgniter(Object(CodeIgniter\CodeIgniter))
 6 FCPATH\index.php(59): CodeIgniter\Boot::bootWeb(Object(Config\Paths))
WARNING - 2026-04-27 03:22:19 --> [DEPRECATED] Creation of dynamic property App\Controllers\Kriteria::$model is deprecated in APPPATH\Controllers\Kriteria.php on line 10.
 1 SYSTEMPATH\CodeIgniter.php(921): App\Controllers\Kriteria->__construct()
 2 SYSTEMPATH\CodeIgniter.php(488): CodeIgniter\CodeIgniter->createController()
 3 SYSTEMPATH\CodeIgniter.php(340): CodeIgniter\CodeIgniter->handleRequest(null, Object(Config\Cache), false)
 4 SYSTEMPATH\Boot.php(417): CodeIgniter\CodeIgniter->run()
 5 SYSTEMPATH\Boot.php(68): CodeIgniter\Boot::runCodeIgniter(Object(CodeIgniter\CodeIgniter))
 6 FCPATH\index.php(59): CodeIgniter\Boot::bootWeb(Object(Config\Paths))
WARNING - 2026-04-27 03:22:19 --> [DEPRECATED] Creation of dynamic property App\Controllers\Kriteria::$model is deprecated in APPPATH\Controllers\Kriteria.php on line 10.
 1 SYSTEMPATH\CodeIgniter.php(921): App\Controllers\Kriteria->__construct()
 2 SYSTEMPATH\CodeIgniter.php(488): CodeIgniter\CodeIgniter->createController()
 3 SYSTEMPATH\CodeIgniter.php(340): CodeIgniter\CodeIgniter->handleRequest(null, Object(Config\Cache), false)
 4 SYSTEMPATH\Boot.php(417): CodeIgniter\CodeIgniter->run()
 5 SYSTEMPATH\Boot.php(68): CodeIgniter\Boot::runCodeIgniter(Object(CodeIgniter\CodeIgniter))
 6 FCPATH\index.php(59): CodeIgniter\Boot::bootWeb(Object(Config\Paths))
WARNING - 2026-04-27 03:22:19 --> [DEPRECATED] Creation of dynamic property App\Controllers\Kriteria::$model is deprecated in APPPATH\Controllers\Kriteria.php on line 10.
 1 SYSTEMPATH\CodeIgniter.php(921): App\Controllers\Kriteria->__construct()
 2 SYSTEMPATH\CodeIgniter.php(488): CodeIgniter\CodeIgniter->createController()
 3 SYSTEMPATH\CodeIgniter.php(340): CodeIgniter\CodeIgniter->handleRequest(null, Object(Config\Cache), false)
 4 SYSTEMPATH\Boot.php(417): CodeIgniter\CodeIgniter->run()
 5 SYSTEMPATH\Boot.php(68): CodeIgniter\Boot::runCodeIgniter(Object(CodeIgniter\CodeIgniter))
 6 FCPATH\index.php(59): CodeIgniter\Boot::bootWeb(Object(Config\Paths))
WARNING - 2026-04-27 03:24:16 --> [DEPRECATED] Creation of dynamic property App\Controllers\Kriteria::$model is deprecated in APPPATH\Controllers\Kriteria.php on line 10.
 1 SYSTEMPATH\CodeIgniter.php(921): App\Controllers\Kriteria->__construct()
 2 SYSTEMPATH\CodeIgniter.php(488): CodeIgniter\CodeIgniter->createController()
 3 SYSTEMPATH\CodeIgniter.php(340): CodeIgniter\CodeIgniter->handleRequest(null, Object(Config\Cache), false)
 4 SYSTEMPATH\Boot.php(417): CodeIgniter\CodeIgniter->run()
 5 SYSTEMPATH\Boot.php(68): CodeIgniter\Boot::runCodeIgniter(Object(CodeIgniter\CodeIgniter))
 6 FCPATH\index.php(59): CodeIgniter\Boot::bootWeb(Object(Config\Paths))
WARNING - 2026-04-27 03:24:16 --> [DEPRECATED] Creation of dynamic property App\Controllers\Kriteria::$model is deprecated in APPPATH\Controllers\Kriteria.php on line 10.
 1 SYSTEMPATH\CodeIgniter.php(921): App\Controllers\Kriteria->__construct()
 2 SYSTEMPATH\CodeIgniter.php(488): CodeIgniter\CodeIgniter->createController()
 3 SYSTEMPATH\CodeIgniter.php(340): CodeIgniter\CodeIgniter->handleRequest(null, Object(Config\Cache), false)
 4 SYSTEMPATH\Boot.php(417): CodeIgniter\CodeIgniter->run()
 5 SYSTEMPATH\Boot.php(68): CodeIgniter\Boot::runCodeIgniter(Object(CodeIgniter\CodeIgniter))
 6 FCPATH\index.php(59): CodeIgniter\Boot::bootWeb(Object(Config\Paths))
WARNING - 2026-04-27 03:24:16 --> [DEPRECATED] Creation of dynamic property App\Controllers\Kriteria::$model is deprecated in APPPATH\Controllers\Kriteria.php on line 10.
 1 SYSTEMPATH\CodeIgniter.php(921): App\Controllers\Kriteria->__construct()
 2 SYSTEMPATH\CodeIgniter.php(488): CodeIgniter\CodeIgniter->createController()
 3 SYSTEMPATH\CodeIgniter.php(340): CodeIgniter\CodeIgniter->handleRequest(null, Object(Config\Cache), false)
 4 SYSTEMPATH\Boot.php(417): CodeIgniter\CodeIgniter->run()
 5 SYSTEMPATH\Boot.php(68): CodeIgniter\Boot::runCodeIgniter(Object(CodeIgniter\CodeIgniter))
 6 FCPATH\index.php(59): CodeIgniter\Boot::bootWeb(Object(Config\Paths))
WARNING - 2026-04-27 03:24:16 --> [DEPRECATED] Creation of dynamic property App\Controllers\Kriteria::$model is deprecated in APPPATH\Controllers\Kriteria.php on line 10.
 1 SYSTEMPATH\CodeIgniter.php(921): App\Controllers\Kriteria->__construct()
 2 SYSTEMPATH\CodeIgniter.php(488): CodeIgniter\CodeIgniter->createController()
 3 SYSTEMPATH\CodeIgniter.php(340): CodeIgniter\CodeIgniter->handleRequest(null, Object(Config\Cache), false)
 4 SYSTEMPATH\Boot.php(417): CodeIgniter\CodeIgniter->run()
 5 SYSTEMPATH\Boot.php(68): CodeIgniter\Boot::runCodeIgniter(Object(CodeIgniter\CodeIgniter))
 6 FCPATH\index.php(59): CodeIgniter\Boot::bootWeb(Object(Config\Paths))
WARNING - 2026-04-27 03:26:14 --> [DEPRECATED] Creation of dynamic property App\Controllers\Kriteria::$model is deprecated in APPPATH\Controllers\Kriteria.php on line 10.
 1 SYSTEMPATH\CodeIgniter.php(921): App\Controllers\Kriteria->__construct()
 2 SYSTEMPATH\CodeIgniter.php(488): CodeIgniter\CodeIgniter->createController()
 3 SYSTEMPATH\CodeIgniter.php(340): CodeIgniter\CodeIgniter->handleRequest(null, Object(Config\Cache), false)
 4 SYSTEMPATH\Boot.php(417): CodeIgniter\CodeIgniter->run()
 5 SYSTEMPATH\Boot.php(68): CodeIgniter\Boot::runCodeIgniter(Object(CodeIgniter\CodeIgniter))
 6 FCPATH\index.php(59): CodeIgniter\Boot::bootWeb(Object(Config\Paths))
WARNING - 2026-04-27 03:26:15 --> [DEPRECATED] Creation of dynamic property App\Controllers\Kriteria::$model is deprecated in APPPATH\Controllers\Kriteria.php on line 10.
 1 SYSTEMPATH\CodeIgniter.php(921): App\Controllers\Kriteria->__construct()
 2 SYSTEMPATH\CodeIgniter.php(488): CodeIgniter\CodeIgniter->createController()
 3 SYSTEMPATH\CodeIgniter.php(340): CodeIgniter\CodeIgniter->handleRequest(null, Object(Config\Cache), false)
 4 SYSTEMPATH\Boot.php(417): CodeIgniter\CodeIgniter->run()
 5 SYSTEMPATH\Boot.php(68): CodeIgniter\Boot::runCodeIgniter(Object(CodeIgniter\CodeIgniter))
 6 FCPATH\index.php(59): CodeIgniter\Boot::bootWeb(Object(Config\Paths))
WARNING - 2026-04-27 03:26:15 --> [DEPRECATED] Creation of dynamic property App\Controllers\Kriteria::$model is deprecated in APPPATH\Controllers\Kriteria.php on line 10.
 1 SYSTEMPATH\CodeIgniter.php(921): App\Controllers\Kriteria->__construct()
 2 SYSTEMPATH\CodeIgniter.php(488): CodeIgniter\CodeIgniter->createController()
 3 SYSTEMPATH\CodeIgniter.php(340): CodeIgniter\CodeIgniter->handleRequest(null, Object(Config\Cache), false)
 4 SYSTEMPATH\Boot.php(417): CodeIgniter\CodeIgniter->run()
 5 SYSTEMPATH\Boot.php(68): CodeIgniter\Boot::runCodeIgniter(Object(CodeIgniter\CodeIgniter))
 6 FCPATH\index.php(59): CodeIgniter\Boot::bootWeb(Object(Config\Paths))
WARNING - 2026-04-27 03:26:15 --> [DEPRECATED] Creation of dynamic property App\Controllers\Kriteria::$model is deprecated in APPPATH\Controllers\Kriteria.php on line 10.
 1 SYSTEMPATH\CodeIgniter.php(921): App\Controllers\Kriteria->__construct()
 2 SYSTEMPATH\CodeIgniter.php(488): CodeIgniter\CodeIgniter->createController()
 3 SYSTEMPATH\CodeIgniter.php(340): CodeIgniter\CodeIgniter->handleRequest(null, Object(Config\Cache), false)
 4 SYSTEMPATH\Boot.php(417): CodeIgniter\CodeIgniter->run()
 5 SYSTEMPATH\Boot.php(68): CodeIgniter\Boot::runCodeIgniter(Object(CodeIgniter\CodeIgniter))
 6 FCPATH\index.php(59): CodeIgniter\Boot::bootWeb(Object(Config\Paths))
WARNING - 2026-04-27 03:26:30 --> [DEPRECATED] Creation of dynamic property App\Controllers\Kriteria::$model is deprecated in APPPATH\Controllers\Kriteria.php on line 10.
 1 SYSTEMPATH\CodeIgniter.php(921): App\Controllers\Kriteria->__construct()
 2 SYSTEMPATH\CodeIgniter.php(488): CodeIgniter\CodeIgniter->createController()
 3 SYSTEMPATH\CodeIgniter.php(340): CodeIgniter\CodeIgniter->handleRequest(null, Object(Config\Cache), false)
 4 SYSTEMPATH\Boot.php(417): CodeIgniter\CodeIgniter->run()
 5 SYSTEMPATH\Boot.php(68): CodeIgniter\Boot::runCodeIgniter(Object(CodeIgniter\CodeIgniter))
 6 FCPATH\index.php(59): CodeIgniter\Boot::bootWeb(Object(Config\Paths))
WARNING - 2026-04-27 03:26:31 --> [DEPRECATED] Creation of dynamic property App\Controllers\Kriteria::$model is deprecated in APPPATH\Controllers\Kriteria.php on line 10.
 1 SYSTEMPATH\CodeIgniter.php(921): App\Controllers\Kriteria->__construct()
 2 SYSTEMPATH\CodeIgniter.php(488): CodeIgniter\CodeIgniter->createController()
 3 SYSTEMPATH\CodeIgniter.php(340): CodeIgniter\CodeIgniter->handleRequest(null, Object(Config\Cache), false)
 4 SYSTEMPATH\Boot.php(417): CodeIgniter\CodeIgniter->run()
 5 SYSTEMPATH\Boot.php(68): CodeIgniter\Boot::runCodeIgniter(Object(CodeIgniter\CodeIgniter))
 6 FCPATH\index.php(59): CodeIgniter\Boot::bootWeb(Object(Config\Paths))
WARNING - 2026-04-27 03:26:31 --> [DEPRECATED] Creation of dynamic property App\Controllers\Kriteria::$model is deprecated in APPPATH\Controllers\Kriteria.php on line 10.
 1 SYSTEMPATH\CodeIgniter.php(921): App\Controllers\Kriteria->__construct()
 2 SYSTEMPATH\CodeIgniter.php(488): CodeIgniter\CodeIgniter->createController()
 3 SYSTEMPATH\CodeIgniter.php(340): CodeIgniter\CodeIgniter->handleRequest(null, Object(Config\Cache), false)
 4 SYSTEMPATH\Boot.php(417): CodeIgniter\CodeIgniter->run()
 5 SYSTEMPATH\Boot.php(68): CodeIgniter\Boot::runCodeIgniter(Object(CodeIgniter\CodeIgniter))
 6 FCPATH\index.php(59): CodeIgniter\Boot::bootWeb(Object(Config\Paths))
WARNING - 2026-04-27 03:26:31 --> [DEPRECATED] Creation of dynamic property App\Controllers\Kriteria::$model is deprecated in APPPATH\Controllers\Kriteria.php on line 10.
 1 SYSTEMPATH\CodeIgniter.php(921): App\Controllers\Kriteria->__construct()
 2 SYSTEMPATH\CodeIgniter.php(488): CodeIgniter\CodeIgniter->createController()
 3 SYSTEMPATH\CodeIgniter.php(340): CodeIgniter\CodeIgniter->handleRequest(null, Object(Config\Cache), false)
 4 SYSTEMPATH\Boot.php(417): CodeIgniter\CodeIgniter->run()
 5 SYSTEMPATH\Boot.php(68): CodeIgniter\Boot::runCodeIgniter(Object(CodeIgniter\CodeIgniter))
 6 FCPATH\index.php(59): CodeIgniter\Boot::bootWeb(Object(Config\Paths))
WARNING - 2026-04-27 03:26:48 --> [DEPRECATED] Creation of dynamic property App\Controllers\Kriteria::$model is deprecated in APPPATH\Controllers\Kriteria.php on line 10.
 1 SYSTEMPATH\CodeIgniter.php(921): App\Controllers\Kriteria->__construct()
 2 SYSTEMPATH\CodeIgniter.php(488): CodeIgniter\CodeIgniter->createController()
 3 SYSTEMPATH\CodeIgniter.php(340): CodeIgniter\CodeIgniter->handleRequest(null, Object(Config\Cache), false)
 4 SYSTEMPATH\Boot.php(417): CodeIgniter\CodeIgniter->run()
 5 SYSTEMPATH\Boot.php(68): CodeIgniter\Boot::runCodeIgniter(Object(CodeIgniter\CodeIgniter))
 6 FCPATH\index.php(59): CodeIgniter\Boot::bootWeb(Object(Config\Paths))
WARNING - 2026-04-27 03:26:53 --> [DEPRECATED] Creation of dynamic property App\Controllers\Kriteria::$model is deprecated in APPPATH\Controllers\Kriteria.php on line 10.
 1 SYSTEMPATH\CodeIgniter.php(921): App\Controllers\Kriteria->__construct()
 2 SYSTEMPATH\CodeIgniter.php(488): CodeIgniter\CodeIgniter->createController()
 3 SYSTEMPATH\CodeIgniter.php(340): CodeIgniter\CodeIgniter->handleRequest(null, Object(Config\Cache), false)
 4 SYSTEMPATH\Boot.php(417): CodeIgniter\CodeIgniter->run()
 5 SYSTEMPATH\Boot.php(68): CodeIgniter\Boot::runCodeIgniter(Object(CodeIgniter\CodeIgniter))
 6 FCPATH\index.php(59): CodeIgniter\Boot::bootWeb(Object(Config\Paths))
WARNING - 2026-04-27 03:26:53 --> [DEPRECATED] Creation of dynamic property App\Controllers\Kriteria::$model is deprecated in APPPATH\Controllers\Kriteria.php on line 10.
 1 SYSTEMPATH\CodeIgniter.php(921): App\Controllers\Kriteria->__construct()
 2 SYSTEMPATH\CodeIgniter.php(488): CodeIgniter\CodeIgniter->createController()
 3 SYSTEMPATH\CodeIgniter.php(340): CodeIgniter\CodeIgniter->handleRequest(null, Object(Config\Cache), false)
 4 SYSTEMPATH\Boot.php(417): CodeIgniter\CodeIgniter->run()
 5 SYSTEMPATH\Boot.php(68): CodeIgniter\Boot::runCodeIgniter(Object(CodeIgniter\CodeIgniter))
 6 FCPATH\index.php(59): CodeIgniter\Boot::bootWeb(Object(Config\Paths))
WARNING - 2026-04-27 03:26:53 --> [DEPRECATED] Creation of dynamic property App\Controllers\Kriteria::$model is deprecated in APPPATH\Controllers\Kriteria.php on line 10.
 1 SYSTEMPATH\CodeIgniter.php(921): App\Controllers\Kriteria->__construct()
 2 SYSTEMPATH\CodeIgniter.php(488): CodeIgniter\CodeIgniter->createController()
 3 SYSTEMPATH\CodeIgniter.php(340): CodeIgniter\CodeIgniter->handleRequest(null, Object(Config\Cache), false)
 4 SYSTEMPATH\Boot.php(417): CodeIgniter\CodeIgniter->run()
 5 SYSTEMPATH\Boot.php(68): CodeIgniter\Boot::runCodeIgniter(Object(CodeIgniter\CodeIgniter))
 6 FCPATH\index.php(59): CodeIgniter\Boot::bootWeb(Object(Config\Paths))
WARNING - 2026-04-27 03:27:24 --> [DEPRECATED] Creation of dynamic property App\Controllers\Kriteria::$model is deprecated in APPPATH\Controllers\Kriteria.php on line 10.
 1 SYSTEMPATH\CodeIgniter.php(921): App\Controllers\Kriteria->__construct()
 2 SYSTEMPATH\CodeIgniter.php(488): CodeIgniter\CodeIgniter->createController()
 3 SYSTEMPATH\CodeIgniter.php(340): CodeIgniter\CodeIgniter->handleRequest(null, Object(Config\Cache), false)
 4 SYSTEMPATH\Boot.php(417): CodeIgniter\CodeIgniter->run()
 5 SYSTEMPATH\Boot.php(68): CodeIgniter\Boot::runCodeIgniter(Object(CodeIgniter\CodeIgniter))
 6 FCPATH\index.php(59): CodeIgniter\Boot::bootWeb(Object(Config\Paths))
WARNING - 2026-04-27 03:27:25 --> [DEPRECATED] Creation of dynamic property App\Controllers\Kriteria::$model is deprecated in APPPATH\Controllers\Kriteria.php on line 10.
 1 SYSTEMPATH\CodeIgniter.php(921): App\Controllers\Kriteria->__construct()
 2 SYSTEMPATH\CodeIgniter.php(488): CodeIgniter\CodeIgniter->createController()
 3 SYSTEMPATH\CodeIgniter.php(340): CodeIgniter\CodeIgniter->handleRequest(null, Object(Config\Cache), false)
 4 SYSTEMPATH\Boot.php(417): CodeIgniter\CodeIgniter->run()
 5 SYSTEMPATH\Boot.php(68): CodeIgniter\Boot::runCodeIgniter(Object(CodeIgniter\CodeIgniter))
 6 FCPATH\index.php(59): CodeIgniter\Boot::bootWeb(Object(Config\Paths))
WARNING - 2026-04-27 03:27:25 --> [DEPRECATED] Creation of dynamic property App\Controllers\Kriteria::$model is deprecated in APPPATH\Controllers\Kriteria.php on line 10.
 1 SYSTEMPATH\CodeIgniter.php(921): App\Controllers\Kriteria->__construct()
 2 SYSTEMPATH\CodeIgniter.php(488): CodeIgniter\CodeIgniter->createController()
 3 SYSTEMPATH\CodeIgniter.php(340): CodeIgniter\CodeIgniter->handleRequest(null, Object(Config\Cache), false)
 4 SYSTEMPATH\Boot.php(417): CodeIgniter\CodeIgniter->run()
 5 SYSTEMPATH\Boot.php(68): CodeIgniter\Boot::runCodeIgniter(Object(CodeIgniter\CodeIgniter))
 6 FCPATH\index.php(59): CodeIgniter\Boot::bootWeb(Object(Config\Paths))
WARNING - 2026-04-27 03:27:25 --> [DEPRECATED] Creation of dynamic property App\Controllers\Kriteria::$model is deprecated in APPPATH\Controllers\Kriteria.php on line 10.
 1 SYSTEMPATH\CodeIgniter.php(921): App\Controllers\Kriteria->__construct()
 2 SYSTEMPATH\CodeIgniter.php(488): CodeIgniter\CodeIgniter->createController()
 3 SYSTEMPATH\CodeIgniter.php(340): CodeIgniter\CodeIgniter->handleRequest(null, Object(Config\Cache), false)
 4 SYSTEMPATH\Boot.php(417): CodeIgniter\CodeIgniter->run()
 5 SYSTEMPATH\Boot.php(68): CodeIgniter\Boot::runCodeIgniter(Object(CodeIgniter\CodeIgniter))
 6 FCPATH\index.php(59): CodeIgniter\Boot::bootWeb(Object(Config\Paths))
WARNING - 2026-04-27 03:30:35 --> [DEPRECATED] Creation of dynamic property App\Controllers\Kriteria::$model is deprecated in APPPATH\Controllers\Kriteria.php on line 10.
 1 SYSTEMPATH\CodeIgniter.php(921): App\Controllers\Kriteria->__construct()
 2 SYSTEMPATH\CodeIgniter.php(488): CodeIgniter\CodeIgniter->createController()
 3 SYSTEMPATH\CodeIgniter.php(340): CodeIgniter\CodeIgniter->handleRequest(null, Object(Config\Cache), false)
 4 SYSTEMPATH\Boot.php(417): CodeIgniter\CodeIgniter->run()
 5 SYSTEMPATH\Boot.php(68): CodeIgniter\Boot::runCodeIgniter(Object(CodeIgniter\CodeIgniter))
 6 FCPATH\index.php(59): CodeIgniter\Boot::bootWeb(Object(Config\Paths))
WARNING - 2026-04-27 03:30:35 --> [DEPRECATED] Creation of dynamic property App\Controllers\Kriteria::$model is deprecated in APPPATH\Controllers\Kriteria.php on line 10.
 1 SYSTEMPATH\CodeIgniter.php(921): App\Controllers\Kriteria->__construct()
 2 SYSTEMPATH\CodeIgniter.php(488): CodeIgniter\CodeIgniter->createController()
 3 SYSTEMPATH\CodeIgniter.php(340): CodeIgniter\CodeIgniter->handleRequest(null, Object(Config\Cache), false)
 4 SYSTEMPATH\Boot.php(417): CodeIgniter\CodeIgniter->run()
 5 SYSTEMPATH\Boot.php(68): CodeIgniter\Boot::runCodeIgniter(Object(CodeIgniter\CodeIgniter))
 6 FCPATH\index.php(59): CodeIgniter\Boot::bootWeb(Object(Config\Paths))
WARNING - 2026-04-27 03:30:35 --> [DEPRECATED] Creation of dynamic property App\Controllers\Kriteria::$model is deprecated in APPPATH\Controllers\Kriteria.php on line 10.
 1 SYSTEMPATH\CodeIgniter.php(921): App\Controllers\Kriteria->__construct()
 2 SYSTEMPATH\CodeIgniter.php(488): CodeIgniter\CodeIgniter->createController()
 3 SYSTEMPATH\CodeIgniter.php(340): CodeIgniter\CodeIgniter->handleRequest(null, Object(Config\Cache), false)
 4 SYSTEMPATH\Boot.php(417): CodeIgniter\CodeIgniter->run()
 5 SYSTEMPATH\Boot.php(68): CodeIgniter\Boot::runCodeIgniter(Object(CodeIgniter\CodeIgniter))
 6 FCPATH\index.php(59): CodeIgniter\Boot::bootWeb(Object(Config\Paths))
WARNING - 2026-04-27 03:30:35 --> [DEPRECATED] Creation of dynamic property App\Controllers\Kriteria::$model is deprecated in APPPATH\Controllers\Kriteria.php on line 10.
 1 SYSTEMPATH\CodeIgniter.php(921): App\Controllers\Kriteria->__construct()
 2 SYSTEMPATH\CodeIgniter.php(488): CodeIgniter\CodeIgniter->createController()
 3 SYSTEMPATH\CodeIgniter.php(340): CodeIgniter\CodeIgniter->handleRequest(null, Object(Config\Cache), false)
 4 SYSTEMPATH\Boot.php(417): CodeIgniter\CodeIgniter->run()
 5 SYSTEMPATH\Boot.php(68): CodeIgniter\Boot::runCodeIgniter(Object(CodeIgniter\CodeIgniter))
 6 FCPATH\index.php(59): CodeIgniter\Boot::bootWeb(Object(Config\Paths))
WARNING - 2026-04-27 03:30:59 --> [DEPRECATED] Creation of dynamic property App\Controllers\Kriteria::$model is deprecated in APPPATH\Controllers\Kriteria.php on line 10.
 1 SYSTEMPATH\CodeIgniter.php(921): App\Controllers\Kriteria->__construct()
 2 SYSTEMPATH\CodeIgniter.php(488): CodeIgniter\CodeIgniter->createController()
 3 SYSTEMPATH\CodeIgniter.php(340): CodeIgniter\CodeIgniter->handleRequest(null, Object(Config\Cache), false)
 4 SYSTEMPATH\Boot.php(417): CodeIgniter\CodeIgniter->run()
 5 SYSTEMPATH\Boot.php(68): CodeIgniter\Boot::runCodeIgniter(Object(CodeIgniter\CodeIgniter))
 6 FCPATH\index.php(59): CodeIgniter\Boot::bootWeb(Object(Config\Paths))
WARNING - 2026-04-27 03:30:59 --> [DEPRECATED] Creation of dynamic property App\Controllers\Kriteria::$model is deprecated in APPPATH\Controllers\Kriteria.php on line 10.
 1 SYSTEMPATH\CodeIgniter.php(921): App\Controllers\Kriteria->__construct()
 2 SYSTEMPATH\CodeIgniter.php(488): CodeIgniter\CodeIgniter->createController()
 3 SYSTEMPATH\CodeIgniter.php(340): CodeIgniter\CodeIgniter->handleRequest(null, Object(Config\Cache), false)
 4 SYSTEMPATH\Boot.php(417): CodeIgniter\CodeIgniter->run()
 5 SYSTEMPATH\Boot.php(68): CodeIgniter\Boot::runCodeIgniter(Object(CodeIgniter\CodeIgniter))
 6 FCPATH\index.php(59): CodeIgniter\Boot::bootWeb(Object(Config\Paths))
WARNING - 2026-04-27 03:30:59 --> [DEPRECATED] Creation of dynamic property App\Controllers\Kriteria::$model is deprecated in APPPATH\Controllers\Kriteria.php on line 10.
 1 SYSTEMPATH\CodeIgniter.php(921): App\Controllers\Kriteria->__construct()
 2 SYSTEMPATH\CodeIgniter.php(488): CodeIgniter\CodeIgniter->createController()
 3 SYSTEMPATH\CodeIgniter.php(340): CodeIgniter\CodeIgniter->handleRequest(null, Object(Config\Cache), false)
 4 SYSTEMPATH\Boot.php(417): CodeIgniter\CodeIgniter->run()
 5 SYSTEMPATH\Boot.php(68): CodeIgniter\Boot::runCodeIgniter(Object(CodeIgniter\CodeIgniter))
 6 FCPATH\index.php(59): CodeIgniter\Boot::bootWeb(Object(Config\Paths))
WARNING - 2026-04-27 03:30:59 --> [DEPRECATED] Creation of dynamic property App\Controllers\Kriteria::$model is deprecated in APPPATH\Controllers\Kriteria.php on line 10.
 1 SYSTEMPATH\CodeIgniter.php(921): App\Controllers\Kriteria->__construct()
 2 SYSTEMPATH\CodeIgniter.php(488): CodeIgniter\CodeIgniter->createController()
 3 SYSTEMPATH\CodeIgniter.php(340): CodeIgniter\CodeIgniter->handleRequest(null, Object(Config\Cache), false)
 4 SYSTEMPATH\Boot.php(417): CodeIgniter\CodeIgniter->run()
 5 SYSTEMPATH\Boot.php(68): CodeIgniter\Boot::runCodeIgniter(Object(CodeIgniter\CodeIgniter))
 6 FCPATH\index.php(59): CodeIgniter\Boot::bootWeb(Object(Config\Paths))
WARNING - 2026-04-27 03:30:59 --> [DEPRECATED] Creation of dynamic property App\Controllers\Kriteria::$model is deprecated in APPPATH\Controllers\Kriteria.php on line 10.
 1 SYSTEMPATH\CodeIgniter.php(921): App\Controllers\Kriteria->__construct()
 2 SYSTEMPATH\CodeIgniter.php(488): CodeIgniter\CodeIgniter->createController()
 3 SYSTEMPATH\CodeIgniter.php(340): CodeIgniter\CodeIgniter->handleRequest(null, Object(Config\Cache), false)
 4 SYSTEMPATH\Boot.php(417): CodeIgniter\CodeIgniter->run()
 5 SYSTEMPATH\Boot.php(68): CodeIgniter\Boot::runCodeIgniter(Object(CodeIgniter\CodeIgniter))
 6 FCPATH\index.php(59): CodeIgniter\Boot::bootWeb(Object(Config\Paths))
WARNING - 2026-04-27 03:30:59 --> [DEPRECATED] Creation of dynamic property App\Controllers\Kriteria::$model is deprecated in APPPATH\Controllers\Kriteria.php on line 10.
 1 SYSTEMPATH\CodeIgniter.php(921): App\Controllers\Kriteria->__construct()
 2 SYSTEMPATH\CodeIgniter.php(488): CodeIgniter\CodeIgniter->createController()
 3 SYSTEMPATH\CodeIgniter.php(340): CodeIgniter\CodeIgniter->handleRequest(null, Object(Config\Cache), false)
 4 SYSTEMPATH\Boot.php(417): CodeIgniter\CodeIgniter->run()
 5 SYSTEMPATH\Boot.php(68): CodeIgniter\Boot::runCodeIgniter(Object(CodeIgniter\CodeIgniter))
 6 FCPATH\index.php(59): CodeIgniter\Boot::bootWeb(Object(Config\Paths))
WARNING - 2026-04-27 03:30:59 --> [DEPRECATED] Creation of dynamic property App\Controllers\Kriteria::$model is deprecated in APPPATH\Controllers\Kriteria.php on line 10.
 1 SYSTEMPATH\CodeIgniter.php(921): App\Controllers\Kriteria->__construct()
 2 SYSTEMPATH\CodeIgniter.php(488): CodeIgniter\CodeIgniter->createController()
 3 SYSTEMPATH\CodeIgniter.php(340): CodeIgniter\CodeIgniter->handleRequest(null, Object(Config\Cache), false)
 4 SYSTEMPATH\Boot.php(417): CodeIgniter\CodeIgniter->run()
 5 SYSTEMPATH\Boot.php(68): CodeIgniter\Boot::runCodeIgniter(Object(CodeIgniter\CodeIgniter))
 6 FCPATH\index.php(59): CodeIgniter\Boot::bootWeb(Object(Config\Paths))
WARNING - 2026-04-27 03:30:59 --> [DEPRECATED] Creation of dynamic property App\Controllers\Kriteria::$model is deprecated in APPPATH\Controllers\Kriteria.php on line 10.
 1 SYSTEMPATH\CodeIgniter.php(921): App\Controllers\Kriteria->__construct()
 2 SYSTEMPATH\CodeIgniter.php(488): CodeIgniter\CodeIgniter->createController()
 3 SYSTEMPATH\CodeIgniter.php(340): CodeIgniter\CodeIgniter->handleRequest(null, Object(Config\Cache), false)
 4 SYSTEMPATH\Boot.php(417): CodeIgniter\CodeIgniter->run()
 5 SYSTEMPATH\Boot.php(68): CodeIgniter\Boot::runCodeIgniter(Object(CodeIgniter\CodeIgniter))
 6 FCPATH\index.php(59): CodeIgniter\Boot::bootWeb(Object(Config\Paths))
WARNING - 2026-04-27 03:30:59 --> [DEPRECATED] Creation of dynamic property App\Controllers\Kriteria::$model is deprecated in APPPATH\Controllers\Kriteria.php on line 10.
 1 SYSTEMPATH\CodeIgniter.php(921): App\Controllers\Kriteria->__construct()
 2 SYSTEMPATH\CodeIgniter.php(488): CodeIgniter\CodeIgniter->createController()
 3 SYSTEMPATH\CodeIgniter.php(340): CodeIgniter\CodeIgniter->handleRequest(null, Object(Config\Cache), false)
 4 SYSTEMPATH\Boot.php(417): CodeIgniter\CodeIgniter->run()
 5 SYSTEMPATH\Boot.php(68): CodeIgniter\Boot::runCodeIgniter(Object(CodeIgniter\CodeIgniter))
 6 FCPATH\index.php(59): CodeIgniter\Boot::bootWeb(Object(Config\Paths))
WARNING - 2026-04-27 03:31:00 --> [DEPRECATED] Creation of dynamic property App\Controllers\Kriteria::$model is deprecated in APPPATH\Controllers\Kriteria.php on line 10.
 1 SYSTEMPATH\CodeIgniter.php(921): App\Controllers\Kriteria->__construct()
 2 SYSTEMPATH\CodeIgniter.php(488): CodeIgniter\CodeIgniter->createController()
 3 SYSTEMPATH\CodeIgniter.php(340): CodeIgniter\CodeIgniter->handleRequest(null, Object(Config\Cache), false)
 4 SYSTEMPATH\Boot.php(417): CodeIgniter\CodeIgniter->run()
 5 SYSTEMPATH\Boot.php(68): CodeIgniter\Boot::runCodeIgniter(Object(CodeIgniter\CodeIgniter))
 6 FCPATH\index.php(59): CodeIgniter\Boot::bootWeb(Object(Config\Paths))
WARNING - 2026-04-27 03:31:00 --> [DEPRECATED] Creation of dynamic property App\Controllers\Kriteria::$model is deprecated in APPPATH\Controllers\Kriteria.php on line 10.
 1 SYSTEMPATH\CodeIgniter.php(921): App\Controllers\Kriteria->__construct()
 2 SYSTEMPATH\CodeIgniter.php(488): CodeIgniter\CodeIgniter->createController()
 3 SYSTEMPATH\CodeIgniter.php(340): CodeIgniter\CodeIgniter->handleRequest(null, Object(Config\Cache), false)
 4 SYSTEMPATH\Boot.php(417): CodeIgniter\CodeIgniter->run()
 5 SYSTEMPATH\Boot.php(68): CodeIgniter\Boot::runCodeIgniter(Object(CodeIgniter\CodeIgniter))
 6 FCPATH\index.php(59): CodeIgniter\Boot::bootWeb(Object(Config\Paths))
WARNING - 2026-04-27 03:31:00 --> [DEPRECATED] Creation of dynamic property App\Controllers\Kriteria::$model is deprecated in APPPATH\Controllers\Kriteria.php on line 10.
 1 SYSTEMPATH\CodeIgniter.php(921): App\Controllers\Kriteria->__construct()
 2 SYSTEMPATH\CodeIgniter.php(488): CodeIgniter\CodeIgniter->createController()
 3 SYSTEMPATH\CodeIgniter.php(340): CodeIgniter\CodeIgniter->handleRequest(null, Object(Config\Cache), false)
 4 SYSTEMPATH\Boot.php(417): CodeIgniter\CodeIgniter->run()
 5 SYSTEMPATH\Boot.php(68): CodeIgniter\Boot::runCodeIgniter(Object(CodeIgniter\CodeIgniter))
 6 FCPATH\index.php(59): CodeIgniter\Boot::bootWeb(Object(Config\Paths))
WARNING - 2026-04-27 03:31:32 --> [DEPRECATED] Creation of dynamic property App\Controllers\Kriteria::$model is deprecated in APPPATH\Controllers\Kriteria.php on line 10.
 1 SYSTEMPATH\CodeIgniter.php(921): App\Controllers\Kriteria->__construct()
 2 SYSTEMPATH\CodeIgniter.php(488): CodeIgniter\CodeIgniter->createController()
 3 SYSTEMPATH\CodeIgniter.php(340): CodeIgniter\CodeIgniter->handleRequest(null, Object(Config\Cache), false)
 4 SYSTEMPATH\Boot.php(417): CodeIgniter\CodeIgniter->run()
 5 SYSTEMPATH\Boot.php(68): CodeIgniter\Boot::runCodeIgniter(Object(CodeIgniter\CodeIgniter))
 6 FCPATH\index.php(59): CodeIgniter\Boot::bootWeb(Object(Config\Paths))
WARNING - 2026-04-27 03:31:33 --> [DEPRECATED] Creation of dynamic property App\Controllers\Kriteria::$model is deprecated in APPPATH\Controllers\Kriteria.php on line 10.
 1 SYSTEMPATH\CodeIgniter.php(921): App\Controllers\Kriteria->__construct()
 2 SYSTEMPATH\CodeIgniter.php(488): CodeIgniter\CodeIgniter->createController()
 3 SYSTEMPATH\CodeIgniter.php(340): CodeIgniter\CodeIgniter->handleRequest(null, Object(Config\Cache), false)
 4 SYSTEMPATH\Boot.php(417): CodeIgniter\CodeIgniter->run()
 5 SYSTEMPATH\Boot.php(68): CodeIgniter\Boot::runCodeIgniter(Object(CodeIgniter\CodeIgniter))
 6 FCPATH\index.php(59): CodeIgniter\Boot::bootWeb(Object(Config\Paths))
WARNING - 2026-04-27 03:31:33 --> [DEPRECATED] Creation of dynamic property App\Controllers\Kriteria::$model is deprecated in APPPATH\Controllers\Kriteria.php on line 10.
 1 SYSTEMPATH\CodeIgniter.php(921): App\Controllers\Kriteria->__construct()
 2 SYSTEMPATH\CodeIgniter.php(488): CodeIgniter\CodeIgniter->createController()
 3 SYSTEMPATH\CodeIgniter.php(340): CodeIgniter\CodeIgniter->handleRequest(null, Object(Config\Cache), false)
 4 SYSTEMPATH\Boot.php(417): CodeIgniter\CodeIgniter->run()
 5 SYSTEMPATH\Boot.php(68): CodeIgniter\Boot::runCodeIgniter(Object(CodeIgniter\CodeIgniter))
 6 FCPATH\index.php(59): CodeIgniter\Boot::bootWeb(Object(Config\Paths))
WARNING - 2026-04-27 03:31:33 --> [DEPRECATED] Creation of dynamic property App\Controllers\Kriteria::$model is deprecated in APPPATH\Controllers\Kriteria.php on line 10.
 1 SYSTEMPATH\CodeIgniter.php(921): App\Controllers\Kriteria->__construct()
 2 SYSTEMPATH\CodeIgniter.php(488): CodeIgniter\CodeIgniter->createController()
 3 SYSTEMPATH\CodeIgniter.php(340): CodeIgniter\CodeIgniter->handleRequest(null, Object(Config\Cache), false)
 4 SYSTEMPATH\Boot.php(417): CodeIgniter\CodeIgniter->run()
 5 SYSTEMPATH\Boot.php(68): CodeIgniter\Boot::runCodeIgniter(Object(CodeIgniter\CodeIgniter))
 6 FCPATH\index.php(59): CodeIgniter\Boot::bootWeb(Object(Config\Paths))
WARNING - 2026-04-27 03:32:32 --> [DEPRECATED] Creation of dynamic property App\Controllers\Kriteria::$model is deprecated in APPPATH\Controllers\Kriteria.php on line 10.
 1 SYSTEMPATH\CodeIgniter.php(921): App\Controllers\Kriteria->__construct()
 2 SYSTEMPATH\CodeIgniter.php(488): CodeIgniter\CodeIgniter->createController()
 3 SYSTEMPATH\CodeIgniter.php(340): CodeIgniter\CodeIgniter->handleRequest(null, Object(Config\Cache), false)
 4 SYSTEMPATH\Boot.php(417): CodeIgniter\CodeIgniter->run()
 5 SYSTEMPATH\Boot.php(68): CodeIgniter\Boot::runCodeIgniter(Object(CodeIgniter\CodeIgniter))
 6 FCPATH\index.php(59): CodeIgniter\Boot::bootWeb(Object(Config\Paths))
WARNING - 2026-04-27 03:32:32 --> [DEPRECATED] Creation of dynamic property App\Controllers\Kriteria::$model is deprecated in APPPATH\Controllers\Kriteria.php on line 10.
 1 SYSTEMPATH\CodeIgniter.php(921): App\Controllers\Kriteria->__construct()
 2 SYSTEMPATH\CodeIgniter.php(488): CodeIgniter\CodeIgniter->createController()
 3 SYSTEMPATH\CodeIgniter.php(340): CodeIgniter\CodeIgniter->handleRequest(null, Object(Config\Cache), false)
 4 SYSTEMPATH\Boot.php(417): CodeIgniter\CodeIgniter->run()
 5 SYSTEMPATH\Boot.php(68): CodeIgniter\Boot::runCodeIgniter(Object(CodeIgniter\CodeIgniter))
 6 FCPATH\index.php(59): CodeIgniter\Boot::bootWeb(Object(Config\Paths))
WARNING - 2026-04-27 03:32:32 --> [DEPRECATED] Creation of dynamic property App\Controllers\Kriteria::$model is deprecated in APPPATH\Controllers\Kriteria.php on line 10.
 1 SYSTEMPATH\CodeIgniter.php(921): App\Controllers\Kriteria->__construct()
 2 SYSTEMPATH\CodeIgniter.php(488): CodeIgniter\CodeIgniter->createController()
 3 SYSTEMPATH\CodeIgniter.php(340): CodeIgniter\CodeIgniter->handleRequest(null, Object(Config\Cache), false)
 4 SYSTEMPATH\Boot.php(417): CodeIgniter\CodeIgniter->run()
 5 SYSTEMPATH\Boot.php(68): CodeIgniter\Boot::runCodeIgniter(Object(CodeIgniter\CodeIgniter))
 6 FCPATH\index.php(59): CodeIgniter\Boot::bootWeb(Object(Config\Paths))
WARNING - 2026-04-27 03:32:32 --> [DEPRECATED] Creation of dynamic property App\Controllers\Kriteria::$model is deprecated in APPPATH\Controllers\Kriteria.php on line 10.
 1 SYSTEMPATH\CodeIgniter.php(921): App\Controllers\Kriteria->__construct()
 2 SYSTEMPATH\CodeIgniter.php(488): CodeIgniter\CodeIgniter->createController()
 3 SYSTEMPATH\CodeIgniter.php(340): CodeIgniter\CodeIgniter->handleRequest(null, Object(Config\Cache), false)
 4 SYSTEMPATH\Boot.php(417): CodeIgniter\CodeIgniter->run()
 5 SYSTEMPATH\Boot.php(68): CodeIgniter\Boot::runCodeIgniter(Object(CodeIgniter\CodeIgniter))
 6 FCPATH\index.php(59): CodeIgniter\Boot::bootWeb(Object(Config\Paths))
WARNING - 2026-04-27 03:34:01 --> [DEPRECATED] Creation of dynamic property App\Controllers\Kriteria::$model is deprecated in APPPATH\Controllers\Kriteria.php on line 10.
 1 SYSTEMPATH\CodeIgniter.php(921): App\Controllers\Kriteria->__construct()
 2 SYSTEMPATH\CodeIgniter.php(488): CodeIgniter\CodeIgniter->createController()
 3 SYSTEMPATH\CodeIgniter.php(340): CodeIgniter\CodeIgniter->handleRequest(null, Object(Config\Cache), false)
 4 SYSTEMPATH\Boot.php(417): CodeIgniter\CodeIgniter->run()
 5 SYSTEMPATH\Boot.php(68): CodeIgniter\Boot::runCodeIgniter(Object(CodeIgniter\CodeIgniter))
 6 FCPATH\index.php(59): CodeIgniter\Boot::bootWeb(Object(Config\Paths))
WARNING - 2026-04-27 03:34:01 --> [DEPRECATED] Creation of dynamic property App\Controllers\Kriteria::$model is deprecated in APPPATH\Controllers\Kriteria.php on line 10.
 1 SYSTEMPATH\CodeIgniter.php(921): App\Controllers\Kriteria->__construct()
 2 SYSTEMPATH\CodeIgniter.php(488): CodeIgniter\CodeIgniter->createController()
 3 SYSTEMPATH\CodeIgniter.php(340): CodeIgniter\CodeIgniter->handleRequest(null, Object(Config\Cache), false)
 4 SYSTEMPATH\Boot.php(417): CodeIgniter\CodeIgniter->run()
 5 SYSTEMPATH\Boot.php(68): CodeIgniter\Boot::runCodeIgniter(Object(CodeIgniter\CodeIgniter))
 6 FCPATH\index.php(59): CodeIgniter\Boot::bootWeb(Object(Config\Paths))
WARNING - 2026-04-27 03:34:01 --> [DEPRECATED] Creation of dynamic property App\Controllers\Kriteria::$model is deprecated in APPPATH\Controllers\Kriteria.php on line 10.
 1 SYSTEMPATH\CodeIgniter.php(921): App\Controllers\Kriteria->__construct()
 2 SYSTEMPATH\CodeIgniter.php(488): CodeIgniter\CodeIgniter->createController()
 3 SYSTEMPATH\CodeIgniter.php(340): CodeIgniter\CodeIgniter->handleRequest(null, Object(Config\Cache), false)
 4 SYSTEMPATH\Boot.php(417): CodeIgniter\CodeIgniter->run()
 5 SYSTEMPATH\Boot.php(68): CodeIgniter\Boot::runCodeIgniter(Object(CodeIgniter\CodeIgniter))
 6 FCPATH\index.php(59): CodeIgniter\Boot::bootWeb(Object(Config\Paths))
WARNING - 2026-04-27 03:34:01 --> [DEPRECATED] Creation of dynamic property App\Controllers\Kriteria::$model is deprecated in APPPATH\Controllers\Kriteria.php on line 10.
 1 SYSTEMPATH\CodeIgniter.php(921): App\Controllers\Kriteria->__construct()
 2 SYSTEMPATH\CodeIgniter.php(488): CodeIgniter\CodeIgniter->createController()
 3 SYSTEMPATH\CodeIgniter.php(340): CodeIgniter\CodeIgniter->handleRequest(null, Object(Config\Cache), false)
 4 SYSTEMPATH\Boot.php(417): CodeIgniter\CodeIgniter->run()
 5 SYSTEMPATH\Boot.php(68): CodeIgniter\Boot::runCodeIgniter(Object(CodeIgniter\CodeIgniter))
 6 FCPATH\index.php(59): CodeIgniter\Boot::bootWeb(Object(Config\Paths))
CRITICAL - 2026-04-27 03:35:34 --> Error: Class "App\Controllers\WilayahModel" not found
[Method: GET, Route: kriteria]
in APPPATH\Controllers\Kriteria.php on line 13.
 1 SYSTEMPATH\CodeIgniter.php(921): App\Controllers\Kriteria->__construct()
 2 SYSTEMPATH\CodeIgniter.php(488): CodeIgniter\CodeIgniter->createController()
 3 SYSTEMPATH\CodeIgniter.php(340): CodeIgniter\CodeIgniter->handleRequest(null, Object(Config\Cache), false)
 4 SYSTEMPATH\Boot.php(417): CodeIgniter\CodeIgniter->run()
 5 SYSTEMPATH\Boot.php(68): CodeIgniter\Boot::runCodeIgniter(Object(CodeIgniter\CodeIgniter))
 6 FCPATH\index.php(59): CodeIgniter\Boot::bootWeb(Object(Config\Paths))
CRITICAL - 2026-04-27 03:42:06 --> ParseError: syntax error, unexpected token "=", expecting "]"
[Method: GET, Route: kriteria]
in APPPATH\Controllers\Kriteria.php on line 65.
 1 SYSTEMPATH\Autoloader\Autoloader.php(295): CodeIgniter\Autoloader\Autoloader->includeFile('C:\\laragon\\www\\program_bltd\\app\\Controllers\\Kriteria.php')
 2 SYSTEMPATH\Autoloader\Autoloader.php(271): CodeIgniter\Autoloader\Autoloader->loadInNamespace('App\\Controllers\\Kriteria')
 3 [internal function]: CodeIgniter\Autoloader\Autoloader->loadClass('App\\Controllers\\Kriteria')
 4 SYSTEMPATH\Router\Router.php(792): class_exists('\\App\\Controllers\\Kriteria')
 5 SYSTEMPATH\Router\Router.php(230): CodeIgniter\Router\Router->processRouteAttributes()
 6 SYSTEMPATH\CodeIgniter.php(829): CodeIgniter\Router\Router->handle('kriteria')
 7 SYSTEMPATH\CodeIgniter.php(441): CodeIgniter\CodeIgniter->tryToRouteIt(Object(CodeIgniter\Router\RouteCollection))
 8 SYSTEMPATH\CodeIgniter.php(340): CodeIgniter\CodeIgniter->handleRequest(null, Object(Config\Cache), false)
 9 SYSTEMPATH\Boot.php(417): CodeIgniter\CodeIgniter->run()
10 SYSTEMPATH\Boot.php(68): CodeIgniter\Boot::runCodeIgniter(Object(CodeIgniter\CodeIgniter))
11 FCPATH\index.php(59): CodeIgniter\Boot::bootWeb(Object(Config\Paths))
CRITICAL - 2026-04-27 07:02:04 --> CodeIgniter\View\Exceptions\ViewException: Invalid file: "kriteria/dta1/kriteria_view.php"
[Method: GET, Route: kriteria/dta1]
in SYSTEMPATH\Exceptions\FrameworkException.php on line 39.
 1 SYSTEMPATH\View\View.php(228): CodeIgniter\Exceptions\FrameworkException::forInvalidFile('kriteria/dta1/kriteria_view.php')
 2 SYSTEMPATH\Common.php(1250): CodeIgniter\View\View->render('kriteria/dta1/kriteria_view', [], true)
 3 APPPATH\Controllers\Kriteria.php(22): view('kriteria/dta1/kriteria_view', [...])
 4 SYSTEMPATH\CodeIgniter.php(951): App\Controllers\Kriteria->index()
 5 SYSTEMPATH\CodeIgniter.php(497): CodeIgniter\CodeIgniter->runController(Object(App\Controllers\Kriteria))
 6 SYSTEMPATH\CodeIgniter.php(340): CodeIgniter\CodeIgniter->handleRequest(null, Object(Config\Cache), false)
 7 SYSTEMPATH\Boot.php(417): CodeIgniter\CodeIgniter->run()
 8 SYSTEMPATH\Boot.php(68): CodeIgniter\Boot::runCodeIgniter(Object(CodeIgniter\CodeIgniter))
 9 FCPATH\index.php(59): CodeIgniter\Boot::bootWeb(Object(Config\Paths))
CRITICAL - 2026-04-27 07:02:09 --> CodeIgniter\View\Exceptions\ViewException: Invalid file: "kriteria/dta1/kriteria_view.php"
[Method: GET, Route: kriteria/dta1]
in SYSTEMPATH\Exceptions\FrameworkException.php on line 39.
 1 SYSTEMPATH\View\View.php(228): CodeIgniter\Exceptions\FrameworkException::forInvalidFile('kriteria/dta1/kriteria_view.php')
 2 SYSTEMPATH\Common.php(1250): CodeIgniter\View\View->render('kriteria/dta1/kriteria_view', [], true)
 3 APPPATH\Controllers\Kriteria.php(22): view('kriteria/dta1/kriteria_view', [...])
 4 SYSTEMPATH\CodeIgniter.php(951): App\Controllers\Kriteria->index()
 5 SYSTEMPATH\CodeIgniter.php(497): CodeIgniter\CodeIgniter->runController(Object(App\Controllers\Kriteria))
 6 SYSTEMPATH\CodeIgniter.php(340): CodeIgniter\CodeIgniter->handleRequest(null, Object(Config\Cache), false)
 7 SYSTEMPATH\Boot.php(417): CodeIgniter\CodeIgniter->run()
 8 SYSTEMPATH\Boot.php(68): CodeIgniter\Boot::runCodeIgniter(Object(CodeIgniter\CodeIgniter))
 9 FCPATH\index.php(59): CodeIgniter\Boot::bootWeb(Object(Config\Paths))
CRITICAL - 2026-04-27 07:02:26 --> CodeIgniter\View\Exceptions\ViewException: Invalid file: "kriteria/dta1/kriteria_view.php"
[Method: GET, Route: kriteria/dta1]
in SYSTEMPATH\Exceptions\FrameworkException.php on line 39.
 1 SYSTEMPATH\View\View.php(228): CodeIgniter\Exceptions\FrameworkException::forInvalidFile('kriteria/dta1/kriteria_view.php')
 2 SYSTEMPATH\Common.php(1250): CodeIgniter\View\View->render('kriteria/dta1/kriteria_view', [], true)
 3 APPPATH\Controllers\Kriteria.php(22): view('kriteria/dta1/kriteria_view', [...])
 4 SYSTEMPATH\CodeIgniter.php(951): App\Controllers\Kriteria->index()
 5 SYSTEMPATH\CodeIgniter.php(497): CodeIgniter\CodeIgniter->runController(Object(App\Controllers\Kriteria))
 6 SYSTEMPATH\CodeIgniter.php(340): CodeIgniter\CodeIgniter->handleRequest(null, Object(Config\Cache), false)
 7 SYSTEMPATH\Boot.php(417): CodeIgniter\CodeIgniter->run()
 8 SYSTEMPATH\Boot.php(68): CodeIgniter\Boot::runCodeIgniter(Object(CodeIgniter\CodeIgniter))
 9 FCPATH\index.php(59): CodeIgniter\Boot::bootWeb(Object(Config\Paths))
CRITICAL - 2026-04-27 07:10:30 --> ParseError: syntax error, unexpected token ";"
[Method: GET, Route: kriteria2]
in APPPATH\Views\Kriteria\kriteria2_view.php on line 72.
 1 SYSTEMPATH\View\View.php(243): CodeIgniter\View\View->CodeIgniter\View\{closure}()
 2 SYSTEMPATH\Common.php(1250): CodeIgniter\View\View->render('kriteria/kriteria2_view', [], true)
 3 APPPATH\Controllers\Kriteria.php(31): view('kriteria/kriteria2_view', [...])
 4 SYSTEMPATH\CodeIgniter.php(951): App\Controllers\Kriteria->kriteria2()
 5 SYSTEMPATH\CodeIgniter.php(497): CodeIgniter\CodeIgniter->runController(Object(App\Controllers\Kriteria))
 6 SYSTEMPATH\CodeIgniter.php(340): CodeIgniter\CodeIgniter->handleRequest(null, Object(Config\Cache), false)
 7 SYSTEMPATH\Boot.php(417): CodeIgniter\CodeIgniter->run()
 8 SYSTEMPATH\Boot.php(68): CodeIgniter\Boot::runCodeIgniter(Object(CodeIgniter\CodeIgniter))
 9 FCPATH\index.php(59): CodeIgniter\Boot::bootWeb(Object(Config\Paths))
CRITICAL - 2026-04-27 12:16:47 --> Error: Class "App\Models\KeluargaModel" not found
[Method: GET, Route: keluarga]
in APPPATH\Controllers\Keluarga.php on line 13.
 1 SYSTEMPATH\CodeIgniter.php(921): App\Controllers\Keluarga->__construct()
 2 SYSTEMPATH\CodeIgniter.php(488): CodeIgniter\CodeIgniter->createController()
 3 SYSTEMPATH\CodeIgniter.php(340): CodeIgniter\CodeIgniter->handleRequest(null, Object(Config\Cache), false)
 4 SYSTEMPATH\Boot.php(417): CodeIgniter\CodeIgniter->run()
 5 SYSTEMPATH\Boot.php(68): CodeIgniter\Boot::runCodeIgniter(Object(CodeIgniter\CodeIgniter))
 6 FCPATH\index.php(59): CodeIgniter\Boot::bootWeb(Object(Config\Paths))
CRITICAL - 2026-04-27 12:43:04 --> ErrorException: Namespace declaration statement has to be the very first statement or after any declare call in the script
[Method: GET, Route: keluarga]
in APPPATH\Models\KeluargaModel.php on line 3.
 1 [internal function]: CodeIgniter\Debug\Exceptions->shutdownHandler()
CRITICAL - 2026-04-27 12:43:19 --> ErrorException: Namespace declaration statement has to be the very first statement or after any declare call in the script
[Method: GET, Route: keluarga]
in APPPATH\Models\KeluargaModel.php on line 3.
 1 [internal function]: CodeIgniter\Debug\Exceptions->shutdownHandler()
ERROR - 2026-04-27 12:55:00 --> Unknown table 'k'
in SYSTEMPATH\Database\MySQLi\Connection.php on line 300.
 1 SYSTEMPATH\Database\MySQLi\Connection.php(300): mysqli->query('SELECT `k`.*, `d`.`nama_wilayah` as `dusun`, `rw`.`nama_wilayah` as `rw`, `rt`.`nama_wilayah` as `rt`
FROM `keluarga`
LEFT JOIN `wilayah` `d` ON `d`.`id_wilayah` = `k`.`id_dusun`
LEFT JOIN `wilayah` `rw` ON `rw`.`id_wilayah` = `k`.`id_rw`
LEFT JOIN `wilayah` `rt` ON `rt`.`id_wilayah` = `k`.`id_rt`', 0)
 2 SYSTEMPATH\Database\BaseConnection.php(910): CodeIgniter\Database\MySQLi\Connection->execute('SELECT `k`.*, `d`.`nama_wilayah` as `dusun`, `rw`.`nama_wilayah` as `rw`, `rt`.`nama_wilayah` as `rt`
FROM `keluarga`
LEFT JOIN `wilayah` `d` ON `d`.`id_wilayah` = `k`.`id_dusun`
LEFT JOIN `wilayah` `rw` ON `rw`.`id_wilayah` = `k`.`id_rw`
LEFT JOIN `wilayah` `rt` ON `rt`.`id_wilayah` = `k`.`id_rt`')
 3 SYSTEMPATH\Database\BaseConnection.php(827): CodeIgniter\Database\BaseConnection->simpleQuery('SELECT `k`.*, `d`.`nama_wilayah` as `dusun`, `rw`.`nama_wilayah` as `rw`, `rt`.`nama_wilayah` as `rt`
FROM `keluarga`
LEFT JOIN `wilayah` `d` ON `d`.`id_wilayah` = `k`.`id_dusun`
LEFT JOIN `wilayah` `rw` ON `rw`.`id_wilayah` = `k`.`id_rw`
LEFT JOIN `wilayah` `rt` ON `rt`.`id_wilayah` = `k`.`id_rt`')
 4 SYSTEMPATH\Database\BaseBuilder.php(1649): CodeIgniter\Database\BaseConnection->query('SELECT `k`.*, `d`.`nama_wilayah` as `dusun`, `rw`.`nama_wilayah` as `rw`, `rt`.`nama_wilayah` as `rt`
FROM `keluarga`
LEFT JOIN `wilayah` `d` ON `d`.`id_wilayah` = `k`.`id_dusun`
LEFT JOIN `wilayah` `rw` ON `rw`.`id_wilayah` = `k`.`id_rw`
LEFT JOIN `wilayah` `rt` ON `rt`.`id_wilayah` = `k`.`id_rt`', [], false)
 5 APPPATH\Models\KeluargaModel.php(22): CodeIgniter\Database\BaseBuilder->get()
 6 APPPATH\Controllers\Keluarga.php(23): App\Models\KeluargaModel->getDataWithWilayah()
 7 SYSTEMPATH\CodeIgniter.php(951): App\Controllers\Keluarga->getData()
 8 SYSTEMPATH\CodeIgniter.php(497): CodeIgniter\CodeIgniter->runController(Object(App\Controllers\Keluarga))
 9 SYSTEMPATH\CodeIgniter.php(340): CodeIgniter\CodeIgniter->handleRequest(null, Object(Config\Cache), false)
10 SYSTEMPATH\Boot.php(417): CodeIgniter\CodeIgniter->run()
11 SYSTEMPATH\Boot.php(68): CodeIgniter\Boot::runCodeIgniter(Object(CodeIgniter\CodeIgniter))
12 FCPATH\index.php(59): CodeIgniter\Boot::bootWeb(Object(Config\Paths))
CRITICAL - 2026-04-27 12:55:00 --> CodeIgniter\Database\Exceptions\DatabaseException: Unknown table 'k'
[Method: GET, Route: keluarga/getData]
in SYSTEMPATH\Database\BaseConnection.php on line 865.
 1 SYSTEMPATH\Database\BaseBuilder.php(1649): CodeIgniter\Database\BaseConnection->query('SELECT `k`.*, `d`.`nama_wilayah` as `dusun`, `rw`.`nama_wilayah` as `rw`, `rt`.`nama_wilayah` as `rt`
FROM `keluarga`
LEFT JOIN `wilayah` `d` ON `d`.`id_wilayah` = `k`.`id_dusun`
LEFT JOIN `wilayah` `rw` ON `rw`.`id_wilayah` = `k`.`id_rw`
LEFT JOIN `wilayah` `rt` ON `rt`.`id_wilayah` = `k`.`id_rt`', [], false)
 2 APPPATH\Models\KeluargaModel.php(22): CodeIgniter\Database\BaseBuilder->get()
 3 APPPATH\Controllers\Keluarga.php(23): App\Models\KeluargaModel->getDataWithWilayah()
 4 SYSTEMPATH\CodeIgniter.php(951): App\Controllers\Keluarga->getData()
 5 SYSTEMPATH\CodeIgniter.php(497): CodeIgniter\CodeIgniter->runController(Object(App\Controllers\Keluarga))
 6 SYSTEMPATH\CodeIgniter.php(340): CodeIgniter\CodeIgniter->handleRequest(null, Object(Config\Cache), false)
 7 SYSTEMPATH\Boot.php(417): CodeIgniter\CodeIgniter->run()
 8 SYSTEMPATH\Boot.php(68): CodeIgniter\Boot::runCodeIgniter(Object(CodeIgniter\CodeIgniter))
 9 FCPATH\index.php(59): CodeIgniter\Boot::bootWeb(Object(Config\Paths))
CRITICAL - 2026-04-27 12:55:00 --> [Caused by] CodeIgniter\Database\Exceptions\DatabaseException: Unknown table 'k'
in SYSTEMPATH\Database\MySQLi\Connection.php on line 310.
 1 SYSTEMPATH\Database\BaseConnection.php(910): CodeIgniter\Database\MySQLi\Connection->execute('SELECT `k`.*, `d`.`nama_wilayah` as `dusun`, `rw`.`nama_wilayah` as `rw`, `rt`.`nama_wilayah` as `rt`
FROM `keluarga`
LEFT JOIN `wilayah` `d` ON `d`.`id_wilayah` = `k`.`id_dusun`
LEFT JOIN `wilayah` `rw` ON `rw`.`id_wilayah` = `k`.`id_rw`
LEFT JOIN `wilayah` `rt` ON `rt`.`id_wilayah` = `k`.`id_rt`')
 2 SYSTEMPATH\Database\BaseConnection.php(827): CodeIgniter\Database\BaseConnection->simpleQuery('SELECT `k`.*, `d`.`nama_wilayah` as `dusun`, `rw`.`nama_wilayah` as `rw`, `rt`.`nama_wilayah` as `rt`
FROM `keluarga`
LEFT JOIN `wilayah` `d` ON `d`.`id_wilayah` = `k`.`id_dusun`
LEFT JOIN `wilayah` `rw` ON `rw`.`id_wilayah` = `k`.`id_rw`
LEFT JOIN `wilayah` `rt` ON `rt`.`id_wilayah` = `k`.`id_rt`')
 3 SYSTEMPATH\Database\BaseBuilder.php(1649): CodeIgniter\Database\BaseConnection->query('SELECT `k`.*, `d`.`nama_wilayah` as `dusun`, `rw`.`nama_wilayah` as `rw`, `rt`.`nama_wilayah` as `rt`
FROM `keluarga`
LEFT JOIN `wilayah` `d` ON `d`.`id_wilayah` = `k`.`id_dusun`
LEFT JOIN `wilayah` `rw` ON `rw`.`id_wilayah` = `k`.`id_rw`
LEFT JOIN `wilayah` `rt` ON `rt`.`id_wilayah` = `k`.`id_rt`', [], false)
 4 APPPATH\Models\KeluargaModel.php(22): CodeIgniter\Database\BaseBuilder->get()
 5 APPPATH\Controllers\Keluarga.php(23): App\Models\KeluargaModel->getDataWithWilayah()
 6 SYSTEMPATH\CodeIgniter.php(951): App\Controllers\Keluarga->getData()
 7 SYSTEMPATH\CodeIgniter.php(497): CodeIgniter\CodeIgniter->runController(Object(App\Controllers\Keluarga))
 8 SYSTEMPATH\CodeIgniter.php(340): CodeIgniter\CodeIgniter->handleRequest(null, Object(Config\Cache), false)
 9 SYSTEMPATH\Boot.php(417): CodeIgniter\CodeIgniter->run()
10 SYSTEMPATH\Boot.php(68): CodeIgniter\Boot::runCodeIgniter(Object(CodeIgniter\CodeIgniter))
11 FCPATH\index.php(59): CodeIgniter\Boot::bootWeb(Object(Config\Paths))
CRITICAL - 2026-04-27 12:55:00 --> [Caused by] mysqli_sql_exception: Unknown table 'k'
in SYSTEMPATH\Database\MySQLi\Connection.php on line 300.
 1 SYSTEMPATH\Database\MySQLi\Connection.php(300): mysqli->query('SELECT `k`.*, `d`.`nama_wilayah` as `dusun`, `rw`.`nama_wilayah` as `rw`, `rt`.`nama_wilayah` as `rt`
FROM `keluarga`
LEFT JOIN `wilayah` `d` ON `d`.`id_wilayah` = `k`.`id_dusun`
LEFT JOIN `wilayah` `rw` ON `rw`.`id_wilayah` = `k`.`id_rw`
LEFT JOIN `wilayah` `rt` ON `rt`.`id_wilayah` = `k`.`id_rt`', 0)
 2 SYSTEMPATH\Database\BaseConnection.php(910): CodeIgniter\Database\MySQLi\Connection->execute('SELECT `k`.*, `d`.`nama_wilayah` as `dusun`, `rw`.`nama_wilayah` as `rw`, `rt`.`nama_wilayah` as `rt`
FROM `keluarga`
LEFT JOIN `wilayah` `d` ON `d`.`id_wilayah` = `k`.`id_dusun`
LEFT JOIN `wilayah` `rw` ON `rw`.`id_wilayah` = `k`.`id_rw`
LEFT JOIN `wilayah` `rt` ON `rt`.`id_wilayah` = `k`.`id_rt`')
 3 SYSTEMPATH\Database\BaseConnection.php(827): CodeIgniter\Database\BaseConnection->simpleQuery('SELECT `k`.*, `d`.`nama_wilayah` as `dusun`, `rw`.`nama_wilayah` as `rw`, `rt`.`nama_wilayah` as `rt`
FROM `keluarga`
LEFT JOIN `wilayah` `d` ON `d`.`id_wilayah` = `k`.`id_dusun`
LEFT JOIN `wilayah` `rw` ON `rw`.`id_wilayah` = `k`.`id_rw`
LEFT JOIN `wilayah` `rt` ON `rt`.`id_wilayah` = `k`.`id_rt`')
 4 SYSTEMPATH\Database\BaseBuilder.php(1649): CodeIgniter\Database\BaseConnection->query('SELECT `k`.*, `d`.`nama_wilayah` as `dusun`, `rw`.`nama_wilayah` as `rw`, `rt`.`nama_wilayah` as `rt`
FROM `keluarga`
LEFT JOIN `wilayah` `d` ON `d`.`id_wilayah` = `k`.`id_dusun`
LEFT JOIN `wilayah` `rw` ON `rw`.`id_wilayah` = `k`.`id_rw`
LEFT JOIN `wilayah` `rt` ON `rt`.`id_wilayah` = `k`.`id_rt`', [], false)
 5 APPPATH\Models\KeluargaModel.php(22): CodeIgniter\Database\BaseBuilder->get()
 6 APPPATH\Controllers\Keluarga.php(23): App\Models\KeluargaModel->getDataWithWilayah()
 7 SYSTEMPATH\CodeIgniter.php(951): App\Controllers\Keluarga->getData()
 8 SYSTEMPATH\CodeIgniter.php(497): CodeIgniter\CodeIgniter->runController(Object(App\Controllers\Keluarga))
 9 SYSTEMPATH\CodeIgniter.php(340): CodeIgniter\CodeIgniter->handleRequest(null, Object(Config\Cache), false)
10 SYSTEMPATH\Boot.php(417): CodeIgniter\CodeIgniter->run()
11 SYSTEMPATH\Boot.php(68): CodeIgniter\Boot::runCodeIgniter(Object(CodeIgniter\CodeIgniter))
12 FCPATH\index.php(59): CodeIgniter\Boot::bootWeb(Object(Config\Paths))
CRITICAL - 2026-04-27 13:13:23 --> ParseError: syntax error, unexpected token ","
[Method: GET, Route: keluarga]
in APPPATH\Controllers\Keluarga.php on line 29.
 1 SYSTEMPATH\Autoloader\Autoloader.php(295): CodeIgniter\Autoloader\Autoloader->includeFile('C:\\laragon\\www\\program_bltd\\app\\Controllers\\Keluarga.php')
 2 SYSTEMPATH\Autoloader\Autoloader.php(271): CodeIgniter\Autoloader\Autoloader->loadInNamespace('App\\Controllers\\Keluarga')
 3 [internal function]: CodeIgniter\Autoloader\Autoloader->loadClass('App\\Controllers\\Keluarga')
 4 SYSTEMPATH\Router\Router.php(792): class_exists('\\App\\Controllers\\Keluarga')
 5 SYSTEMPATH\Router\Router.php(230): CodeIgniter\Router\Router->processRouteAttributes()
 6 SYSTEMPATH\CodeIgniter.php(829): CodeIgniter\Router\Router->handle('keluarga')
 7 SYSTEMPATH\CodeIgniter.php(441): CodeIgniter\CodeIgniter->tryToRouteIt(Object(CodeIgniter\Router\RouteCollection))
 8 SYSTEMPATH\CodeIgniter.php(340): CodeIgniter\CodeIgniter->handleRequest(null, Object(Config\Cache), false)
 9 SYSTEMPATH\Boot.php(417): CodeIgniter\CodeIgniter->run()
10 SYSTEMPATH\Boot.php(68): CodeIgniter\Boot::runCodeIgniter(Object(CodeIgniter\CodeIgniter))
11 FCPATH\index.php(59): CodeIgniter\Boot::bootWeb(Object(Config\Paths))
CRITICAL - 2026-04-27 13:13:36 --> ParseError: syntax error, unexpected token ","
[Method: GET, Route: keluarga]
in APPPATH\Controllers\Keluarga.php on line 29.
 1 SYSTEMPATH\Autoloader\Autoloader.php(295): CodeIgniter\Autoloader\Autoloader->includeFile('C:\\laragon\\www\\program_bltd\\app\\Controllers\\Keluarga.php')
 2 SYSTEMPATH\Autoloader\Autoloader.php(271): CodeIgniter\Autoloader\Autoloader->loadInNamespace('App\\Controllers\\Keluarga')
 3 [internal function]: CodeIgniter\Autoloader\Autoloader->loadClass('App\\Controllers\\Keluarga')
 4 SYSTEMPATH\Router\Router.php(792): class_exists('\\App\\Controllers\\Keluarga')
 5 SYSTEMPATH\Router\Router.php(230): CodeIgniter\Router\Router->processRouteAttributes()
 6 SYSTEMPATH\CodeIgniter.php(829): CodeIgniter\Router\Router->handle('keluarga')
 7 SYSTEMPATH\CodeIgniter.php(441): CodeIgniter\CodeIgniter->tryToRouteIt(Object(CodeIgniter\Router\RouteCollection))
 8 SYSTEMPATH\CodeIgniter.php(340): CodeIgniter\CodeIgniter->handleRequest(null, Object(Config\Cache), false)
 9 SYSTEMPATH\Boot.php(417): CodeIgniter\CodeIgniter->run()
10 SYSTEMPATH\Boot.php(68): CodeIgniter\Boot::runCodeIgniter(Object(CodeIgniter\CodeIgniter))
11 FCPATH\index.php(59): CodeIgniter\Boot::bootWeb(Object(Config\Paths))
CRITICAL - 2026-04-27 13:28:00 --> ErrorException: Cannot redeclare App\Controllers\Keluarga::getDusun()
[Method: GET, Route: keluarga]
in APPPATH\Controllers\Keluarga.php on line 73.
 1 [internal function]: CodeIgniter\Debug\Exceptions->shutdownHandler()
CRITICAL - 2026-04-27 13:38:29 --> CodeIgniter\Database\Exceptions\DataException: Allowed fields must be specified for model: "App\Models\KeluargaModel"
[Method: POST, Route: keluarga/save]
in SYSTEMPATH\Model.php on line 678.
 1 SYSTEMPATH\Model.php(678): CodeIgniter\Database\Exceptions\DataException::forInvalidAllowedFields('App\\Models\\KeluargaModel')
 2 SYSTEMPATH\BaseModel.php(880): CodeIgniter\Model->doProtectFieldsForInsert([...])
 3 SYSTEMPATH\Model.php(668): CodeIgniter\BaseModel->insert([...], true)
 4 APPPATH\Controllers\Keluarga.php(46): CodeIgniter\Model->insert([...])
 5 SYSTEMPATH\CodeIgniter.php(951): App\Controllers\Keluarga->save()
 6 SYSTEMPATH\CodeIgniter.php(497): CodeIgniter\CodeIgniter->runController(Object(App\Controllers\Keluarga))
 7 SYSTEMPATH\CodeIgniter.php(340): CodeIgniter\CodeIgniter->handleRequest(null, Object(Config\Cache), false)
 8 SYSTEMPATH\Boot.php(417): CodeIgniter\CodeIgniter->run()
 9 SYSTEMPATH\Boot.php(68): CodeIgniter\Boot::runCodeIgniter(Object(CodeIgniter\CodeIgniter))
10 FCPATH\index.php(59): CodeIgniter\Boot::bootWeb(Object(Config\Paths))
CRITICAL - 2026-04-27 13:38:30 --> CodeIgniter\Database\Exceptions\DataException: Allowed fields must be specified for model: "App\Models\KeluargaModel"
[Method: POST, Route: keluarga/save]
in SYSTEMPATH\Model.php on line 678.
 1 SYSTEMPATH\Model.php(678): CodeIgniter\Database\Exceptions\DataException::forInvalidAllowedFields('App\\Models\\KeluargaModel')
 2 SYSTEMPATH\BaseModel.php(880): CodeIgniter\Model->doProtectFieldsForInsert([...])
 3 SYSTEMPATH\Model.php(668): CodeIgniter\BaseModel->insert([...], true)
 4 APPPATH\Controllers\Keluarga.php(46): CodeIgniter\Model->insert([...])
 5 SYSTEMPATH\CodeIgniter.php(951): App\Controllers\Keluarga->save()
 6 SYSTEMPATH\CodeIgniter.php(497): CodeIgniter\CodeIgniter->runController(Object(App\Controllers\Keluarga))
 7 SYSTEMPATH\CodeIgniter.php(340): CodeIgniter\CodeIgniter->handleRequest(null, Object(Config\Cache), false)
 8 SYSTEMPATH\Boot.php(417): CodeIgniter\CodeIgniter->run()
 9 SYSTEMPATH\Boot.php(68): CodeIgniter\Boot::runCodeIgniter(Object(CodeIgniter\CodeIgniter))
10 FCPATH\index.php(59): CodeIgniter\Boot::bootWeb(Object(Config\Paths))
CRITICAL - 2026-04-27 13:38:30 --> CodeIgniter\Database\Exceptions\DataException: Allowed fields must be specified for model: "App\Models\KeluargaModel"
[Method: POST, Route: keluarga/save]
in SYSTEMPATH\Model.php on line 678.
 1 SYSTEMPATH\Model.php(678): CodeIgniter\Database\Exceptions\DataException::forInvalidAllowedFields('App\\Models\\KeluargaModel')
 2 SYSTEMPATH\BaseModel.php(880): CodeIgniter\Model->doProtectFieldsForInsert([...])
 3 SYSTEMPATH\Model.php(668): CodeIgniter\BaseModel->insert([...], true)
 4 APPPATH\Controllers\Keluarga.php(46): CodeIgniter\Model->insert([...])
 5 SYSTEMPATH\CodeIgniter.php(951): App\Controllers\Keluarga->save()
 6 SYSTEMPATH\CodeIgniter.php(497): CodeIgniter\CodeIgniter->runController(Object(App\Controllers\Keluarga))
 7 SYSTEMPATH\CodeIgniter.php(340): CodeIgniter\CodeIgniter->handleRequest(null, Object(Config\Cache), false)
 8 SYSTEMPATH\Boot.php(417): CodeIgniter\CodeIgniter->run()
 9 SYSTEMPATH\Boot.php(68): CodeIgniter\Boot::runCodeIgniter(Object(CodeIgniter\CodeIgniter))
10 FCPATH\index.php(59): CodeIgniter\Boot::bootWeb(Object(Config\Paths))
CRITICAL - 2026-04-27 13:38:52 --> CodeIgniter\Database\Exceptions\DataException: Allowed fields must be specified for model: "App\Models\KeluargaModel"
[Method: POST, Route: keluarga/save]
in SYSTEMPATH\Model.php on line 678.
 1 SYSTEMPATH\Model.php(678): CodeIgniter\Database\Exceptions\DataException::forInvalidAllowedFields('App\\Models\\KeluargaModel')
 2 SYSTEMPATH\BaseModel.php(880): CodeIgniter\Model->doProtectFieldsForInsert([...])
 3 SYSTEMPATH\Model.php(668): CodeIgniter\BaseModel->insert([...], true)
 4 APPPATH\Controllers\Keluarga.php(46): CodeIgniter\Model->insert([...])
 5 SYSTEMPATH\CodeIgniter.php(951): App\Controllers\Keluarga->save()
 6 SYSTEMPATH\CodeIgniter.php(497): CodeIgniter\CodeIgniter->runController(Object(App\Controllers\Keluarga))
 7 SYSTEMPATH\CodeIgniter.php(340): CodeIgniter\CodeIgniter->handleRequest(null, Object(Config\Cache), false)
 8 SYSTEMPATH\Boot.php(417): CodeIgniter\CodeIgniter->run()
 9 SYSTEMPATH\Boot.php(68): CodeIgniter\Boot::runCodeIgniter(Object(CodeIgniter\CodeIgniter))
10 FCPATH\index.php(59): CodeIgniter\Boot::bootWeb(Object(Config\Paths))
CRITICAL - 2026-04-27 13:38:52 --> CodeIgniter\Database\Exceptions\DataException: Allowed fields must be specified for model: "App\Models\KeluargaModel"
[Method: POST, Route: keluarga/save]
in SYSTEMPATH\Model.php on line 678.
 1 SYSTEMPATH\Model.php(678): CodeIgniter\Database\Exceptions\DataException::forInvalidAllowedFields('App\\Models\\KeluargaModel')
 2 SYSTEMPATH\BaseModel.php(880): CodeIgniter\Model->doProtectFieldsForInsert([...])
 3 SYSTEMPATH\Model.php(668): CodeIgniter\BaseModel->insert([...], true)
 4 APPPATH\Controllers\Keluarga.php(46): CodeIgniter\Model->insert([...])
 5 SYSTEMPATH\CodeIgniter.php(951): App\Controllers\Keluarga->save()
 6 SYSTEMPATH\CodeIgniter.php(497): CodeIgniter\CodeIgniter->runController(Object(App\Controllers\Keluarga))
 7 SYSTEMPATH\CodeIgniter.php(340): CodeIgniter\CodeIgniter->handleRequest(null, Object(Config\Cache), false)
 8 SYSTEMPATH\Boot.php(417): CodeIgniter\CodeIgniter->run()
 9 SYSTEMPATH\Boot.php(68): CodeIgniter\Boot::runCodeIgniter(Object(CodeIgniter\CodeIgniter))
10 FCPATH\index.php(59): CodeIgniter\Boot::bootWeb(Object(Config\Paths))
CRITICAL - 2026-04-27 13:40:53 --> CodeIgniter\Database\Exceptions\DataException: Allowed fields must be specified for model: "App\Models\KeluargaModel"
[Method: POST, Route: keluarga/saveKeluarga]
in SYSTEMPATH\Model.php on line 678.
 1 SYSTEMPATH\Model.php(678): CodeIgniter\Database\Exceptions\DataException::forInvalidAllowedFields('App\\Models\\KeluargaModel')
 2 SYSTEMPATH\BaseModel.php(880): CodeIgniter\Model->doProtectFieldsForInsert([...])
 3 SYSTEMPATH\Model.php(668): CodeIgniter\BaseModel->insert([...], true)
 4 APPPATH\Controllers\Keluarga.php(46): CodeIgniter\Model->insert([...])
 5 SYSTEMPATH\CodeIgniter.php(951): App\Controllers\Keluarga->saveKeluarga()
 6 SYSTEMPATH\CodeIgniter.php(497): CodeIgniter\CodeIgniter->runController(Object(App\Controllers\Keluarga))
 7 SYSTEMPATH\CodeIgniter.php(340): CodeIgniter\CodeIgniter->handleRequest(null, Object(Config\Cache), false)
 8 SYSTEMPATH\Boot.php(417): CodeIgniter\CodeIgniter->run()
 9 SYSTEMPATH\Boot.php(68): CodeIgniter\Boot::runCodeIgniter(Object(CodeIgniter\CodeIgniter))
10 FCPATH\index.php(59): CodeIgniter\Boot::bootWeb(Object(Config\Paths))
CRITICAL - 2026-04-27 13:40:59 --> CodeIgniter\Database\Exceptions\DataException: Allowed fields must be specified for model: "App\Models\KeluargaModel"
[Method: POST, Route: keluarga/saveKeluarga]
in SYSTEMPATH\Model.php on line 678.
 1 SYSTEMPATH\Model.php(678): CodeIgniter\Database\Exceptions\DataException::forInvalidAllowedFields('App\\Models\\KeluargaModel')
 2 SYSTEMPATH\BaseModel.php(880): CodeIgniter\Model->doProtectFieldsForInsert([...])
 3 SYSTEMPATH\Model.php(668): CodeIgniter\BaseModel->insert([...], true)
 4 APPPATH\Controllers\Keluarga.php(46): CodeIgniter\Model->insert([...])
 5 SYSTEMPATH\CodeIgniter.php(951): App\Controllers\Keluarga->saveKeluarga()
 6 SYSTEMPATH\CodeIgniter.php(497): CodeIgniter\CodeIgniter->runController(Object(App\Controllers\Keluarga))
 7 SYSTEMPATH\CodeIgniter.php(340): CodeIgniter\CodeIgniter->handleRequest(null, Object(Config\Cache), false)
 8 SYSTEMPATH\Boot.php(417): CodeIgniter\CodeIgniter->run()
 9 SYSTEMPATH\Boot.php(68): CodeIgniter\Boot::runCodeIgniter(Object(CodeIgniter\CodeIgniter))
10 FCPATH\index.php(59): CodeIgniter\Boot::bootWeb(Object(Config\Paths))
CRITICAL - 2026-04-27 13:40:59 --> CodeIgniter\Database\Exceptions\DataException: Allowed fields must be specified for model: "App\Models\KeluargaModel"
[Method: POST, Route: keluarga/saveKeluarga]
in SYSTEMPATH\Model.php on line 678.
 1 SYSTEMPATH\Model.php(678): CodeIgniter\Database\Exceptions\DataException::forInvalidAllowedFields('App\\Models\\KeluargaModel')
 2 SYSTEMPATH\BaseModel.php(880): CodeIgniter\Model->doProtectFieldsForInsert([...])
 3 SYSTEMPATH\Model.php(668): CodeIgniter\BaseModel->insert([...], true)
 4 APPPATH\Controllers\Keluarga.php(46): CodeIgniter\Model->insert([...])
 5 SYSTEMPATH\CodeIgniter.php(951): App\Controllers\Keluarga->saveKeluarga()
 6 SYSTEMPATH\CodeIgniter.php(497): CodeIgniter\CodeIgniter->runController(Object(App\Controllers\Keluarga))
 7 SYSTEMPATH\CodeIgniter.php(340): CodeIgniter\CodeIgniter->handleRequest(null, Object(Config\Cache), false)
 8 SYSTEMPATH\Boot.php(417): CodeIgniter\CodeIgniter->run()
 9 SYSTEMPATH\Boot.php(68): CodeIgniter\Boot::runCodeIgniter(Object(CodeIgniter\CodeIgniter))
10 FCPATH\index.php(59): CodeIgniter\Boot::bootWeb(Object(Config\Paths))
CRITICAL - 2026-04-27 13:41:00 --> CodeIgniter\Database\Exceptions\DataException: Allowed fields must be specified for model: "App\Models\KeluargaModel"
[Method: POST, Route: keluarga/saveKeluarga]
in SYSTEMPATH\Model.php on line 678.
 1 SYSTEMPATH\Model.php(678): CodeIgniter\Database\Exceptions\DataException::forInvalidAllowedFields('App\\Models\\KeluargaModel')
 2 SYSTEMPATH\BaseModel.php(880): CodeIgniter\Model->doProtectFieldsForInsert([...])
 3 SYSTEMPATH\Model.php(668): CodeIgniter\BaseModel->insert([...], true)
 4 APPPATH\Controllers\Keluarga.php(46): CodeIgniter\Model->insert([...])
 5 SYSTEMPATH\CodeIgniter.php(951): App\Controllers\Keluarga->saveKeluarga()
 6 SYSTEMPATH\CodeIgniter.php(497): CodeIgniter\CodeIgniter->runController(Object(App\Controllers\Keluarga))
 7 SYSTEMPATH\CodeIgniter.php(340): CodeIgniter\CodeIgniter->handleRequest(null, Object(Config\Cache), false)
 8 SYSTEMPATH\Boot.php(417): CodeIgniter\CodeIgniter->run()
 9 SYSTEMPATH\Boot.php(68): CodeIgniter\Boot::runCodeIgniter(Object(CodeIgniter\CodeIgniter))
10 FCPATH\index.php(59): CodeIgniter\Boot::bootWeb(Object(Config\Paths))
CRITICAL - 2026-04-27 13:41:00 --> CodeIgniter\Database\Exceptions\DataException: Allowed fields must be specified for model: "App\Models\KeluargaModel"
[Method: POST, Route: keluarga/saveKeluarga]
in SYSTEMPATH\Model.php on line 678.
 1 SYSTEMPATH\Model.php(678): CodeIgniter\Database\Exceptions\DataException::forInvalidAllowedFields('App\\Models\\KeluargaModel')
 2 SYSTEMPATH\BaseModel.php(880): CodeIgniter\Model->doProtectFieldsForInsert([...])
 3 SYSTEMPATH\Model.php(668): CodeIgniter\BaseModel->insert([...], true)
 4 APPPATH\Controllers\Keluarga.php(46): CodeIgniter\Model->insert([...])
 5 SYSTEMPATH\CodeIgniter.php(951): App\Controllers\Keluarga->saveKeluarga()
 6 SYSTEMPATH\CodeIgniter.php(497): CodeIgniter\CodeIgniter->runController(Object(App\Controllers\Keluarga))
 7 SYSTEMPATH\CodeIgniter.php(340): CodeIgniter\CodeIgniter->handleRequest(null, Object(Config\Cache), false)
 8 SYSTEMPATH\Boot.php(417): CodeIgniter\CodeIgniter->run()
 9 SYSTEMPATH\Boot.php(68): CodeIgniter\Boot::runCodeIgniter(Object(CodeIgniter\CodeIgniter))
10 FCPATH\index.php(59): CodeIgniter\Boot::bootWeb(Object(Config\Paths))
CRITICAL - 2026-04-27 13:41:25 --> CodeIgniter\Database\Exceptions\DataException: Allowed fields must be specified for model: "App\Models\KeluargaModel"
[Method: POST, Route: keluarga/saveKeluarga]
in SYSTEMPATH\Model.php on line 678.
 1 SYSTEMPATH\Model.php(678): CodeIgniter\Database\Exceptions\DataException::forInvalidAllowedFields('App\\Models\\KeluargaModel')
 2 SYSTEMPATH\BaseModel.php(880): CodeIgniter\Model->doProtectFieldsForInsert([...])
 3 SYSTEMPATH\Model.php(668): CodeIgniter\BaseModel->insert([...], true)
 4 APPPATH\Controllers\Keluarga.php(46): CodeIgniter\Model->insert([...])
 5 SYSTEMPATH\CodeIgniter.php(951): App\Controllers\Keluarga->saveKeluarga()
 6 SYSTEMPATH\CodeIgniter.php(497): CodeIgniter\CodeIgniter->runController(Object(App\Controllers\Keluarga))
 7 SYSTEMPATH\CodeIgniter.php(340): CodeIgniter\CodeIgniter->handleRequest(null, Object(Config\Cache), false)
 8 SYSTEMPATH\Boot.php(417): CodeIgniter\CodeIgniter->run()
 9 SYSTEMPATH\Boot.php(68): CodeIgniter\Boot::runCodeIgniter(Object(CodeIgniter\CodeIgniter))
10 FCPATH\index.php(59): CodeIgniter\Boot::bootWeb(Object(Config\Paths))
CRITICAL - 2026-04-27 13:41:26 --> CodeIgniter\Database\Exceptions\DataException: Allowed fields must be specified for model: "App\Models\KeluargaModel"
[Method: POST, Route: keluarga/saveKeluarga]
in SYSTEMPATH\Model.php on line 678.
 1 SYSTEMPATH\Model.php(678): CodeIgniter\Database\Exceptions\DataException::forInvalidAllowedFields('App\\Models\\KeluargaModel')
 2 SYSTEMPATH\BaseModel.php(880): CodeIgniter\Model->doProtectFieldsForInsert([...])
 3 SYSTEMPATH\Model.php(668): CodeIgniter\BaseModel->insert([...], true)
 4 APPPATH\Controllers\Keluarga.php(46): CodeIgniter\Model->insert([...])
 5 SYSTEMPATH\CodeIgniter.php(951): App\Controllers\Keluarga->saveKeluarga()
 6 SYSTEMPATH\CodeIgniter.php(497): CodeIgniter\CodeIgniter->runController(Object(App\Controllers\Keluarga))
 7 SYSTEMPATH\CodeIgniter.php(340): CodeIgniter\CodeIgniter->handleRequest(null, Object(Config\Cache), false)
 8 SYSTEMPATH\Boot.php(417): CodeIgniter\CodeIgniter->run()
 9 SYSTEMPATH\Boot.php(68): CodeIgniter\Boot::runCodeIgniter(Object(CodeIgniter\CodeIgniter))
10 FCPATH\index.php(59): CodeIgniter\Boot::bootWeb(Object(Config\Paths))
CRITICAL - 2026-04-27 13:41:55 --> CodeIgniter\Database\Exceptions\DataException: Allowed fields must be specified for model: "App\Models\KeluargaModel"
[Method: POST, Route: keluarga/saveKeluarga]
in SYSTEMPATH\Model.php on line 678.
 1 SYSTEMPATH\Model.php(678): CodeIgniter\Database\Exceptions\DataException::forInvalidAllowedFields('App\\Models\\KeluargaModel')
 2 SYSTEMPATH\BaseModel.php(880): CodeIgniter\Model->doProtectFieldsForInsert([...])
 3 SYSTEMPATH\Model.php(668): CodeIgniter\BaseModel->insert([...], true)
 4 APPPATH\Controllers\Keluarga.php(46): CodeIgniter\Model->insert([...])
 5 SYSTEMPATH\CodeIgniter.php(951): App\Controllers\Keluarga->saveKeluarga()
 6 SYSTEMPATH\CodeIgniter.php(497): CodeIgniter\CodeIgniter->runController(Object(App\Controllers\Keluarga))
 7 SYSTEMPATH\CodeIgniter.php(340): CodeIgniter\CodeIgniter->handleRequest(null, Object(Config\Cache), false)
 8 SYSTEMPATH\Boot.php(417): CodeIgniter\CodeIgniter->run()
 9 SYSTEMPATH\Boot.php(68): CodeIgniter\Boot::runCodeIgniter(Object(CodeIgniter\CodeIgniter))
10 FCPATH\index.php(59): CodeIgniter\Boot::bootWeb(Object(Config\Paths))
CRITICAL - 2026-04-27 13:43:04 --> CodeIgniter\Database\Exceptions\DataException: Allowed fields must be specified for model: "App\Models\KeluargaModel"
[Method: POST, Route: keluarga/saveKeluarga]
in SYSTEMPATH\Model.php on line 678.
 1 SYSTEMPATH\Model.php(678): CodeIgniter\Database\Exceptions\DataException::forInvalidAllowedFields('App\\Models\\KeluargaModel')
 2 SYSTEMPATH\BaseModel.php(880): CodeIgniter\Model->doProtectFieldsForInsert([...])
 3 SYSTEMPATH\Model.php(668): CodeIgniter\BaseModel->insert([...], true)
 4 APPPATH\Controllers\Keluarga.php(46): CodeIgniter\Model->insert([...])
 5 SYSTEMPATH\CodeIgniter.php(951): App\Controllers\Keluarga->saveKeluarga()
 6 SYSTEMPATH\CodeIgniter.php(497): CodeIgniter\CodeIgniter->runController(Object(App\Controllers\Keluarga))
 7 SYSTEMPATH\CodeIgniter.php(340): CodeIgniter\CodeIgniter->handleRequest(null, Object(Config\Cache), false)
 8 SYSTEMPATH\Boot.php(417): CodeIgniter\CodeIgniter->run()
 9 SYSTEMPATH\Boot.php(68): CodeIgniter\Boot::runCodeIgniter(Object(CodeIgniter\CodeIgniter))
10 FCPATH\index.php(59): CodeIgniter\Boot::bootWeb(Object(Config\Paths))
CRITICAL - 2026-04-27 13:43:05 --> CodeIgniter\Database\Exceptions\DataException: Allowed fields must be specified for model: "App\Models\KeluargaModel"
[Method: POST, Route: keluarga/saveKeluarga]
in SYSTEMPATH\Model.php on line 678.
 1 SYSTEMPATH\Model.php(678): CodeIgniter\Database\Exceptions\DataException::forInvalidAllowedFields('App\\Models\\KeluargaModel')
 2 SYSTEMPATH\BaseModel.php(880): CodeIgniter\Model->doProtectFieldsForInsert([...])
 3 SYSTEMPATH\Model.php(668): CodeIgniter\BaseModel->insert([...], true)
 4 APPPATH\Controllers\Keluarga.php(46): CodeIgniter\Model->insert([...])
 5 SYSTEMPATH\CodeIgniter.php(951): App\Controllers\Keluarga->saveKeluarga()
 6 SYSTEMPATH\CodeIgniter.php(497): CodeIgniter\CodeIgniter->runController(Object(App\Controllers\Keluarga))
 7 SYSTEMPATH\CodeIgniter.php(340): CodeIgniter\CodeIgniter->handleRequest(null, Object(Config\Cache), false)
 8 SYSTEMPATH\Boot.php(417): CodeIgniter\CodeIgniter->run()
 9 SYSTEMPATH\Boot.php(68): CodeIgniter\Boot::runCodeIgniter(Object(CodeIgniter\CodeIgniter))
10 FCPATH\index.php(59): CodeIgniter\Boot::bootWeb(Object(Config\Paths))
CRITICAL - 2026-04-27 13:43:08 --> CodeIgniter\Database\Exceptions\DataException: Allowed fields must be specified for model: "App\Models\KeluargaModel"
[Method: POST, Route: keluarga/saveKeluarga]
in SYSTEMPATH\Model.php on line 678.
 1 SYSTEMPATH\Model.php(678): CodeIgniter\Database\Exceptions\DataException::forInvalidAllowedFields('App\\Models\\KeluargaModel')
 2 SYSTEMPATH\BaseModel.php(880): CodeIgniter\Model->doProtectFieldsForInsert([...])
 3 SYSTEMPATH\Model.php(668): CodeIgniter\BaseModel->insert([...], true)
 4 APPPATH\Controllers\Keluarga.php(46): CodeIgniter\Model->insert([...])
 5 SYSTEMPATH\CodeIgniter.php(951): App\Controllers\Keluarga->saveKeluarga()
 6 SYSTEMPATH\CodeIgniter.php(497): CodeIgniter\CodeIgniter->runController(Object(App\Controllers\Keluarga))
 7 SYSTEMPATH\CodeIgniter.php(340): CodeIgniter\CodeIgniter->handleRequest(null, Object(Config\Cache), false)
 8 SYSTEMPATH\Boot.php(417): CodeIgniter\CodeIgniter->run()
 9 SYSTEMPATH\Boot.php(68): CodeIgniter\Boot::runCodeIgniter(Object(CodeIgniter\CodeIgniter))
10 FCPATH\index.php(59): CodeIgniter\Boot::bootWeb(Object(Config\Paths))
CRITICAL - 2026-04-27 13:43:09 --> CodeIgniter\Database\Exceptions\DataException: Allowed fields must be specified for model: "App\Models\KeluargaModel"
[Method: POST, Route: keluarga/saveKeluarga]
in SYSTEMPATH\Model.php on line 678.
 1 SYSTEMPATH\Model.php(678): CodeIgniter\Database\Exceptions\DataException::forInvalidAllowedFields('App\\Models\\KeluargaModel')
 2 SYSTEMPATH\BaseModel.php(880): CodeIgniter\Model->doProtectFieldsForInsert([...])
 3 SYSTEMPATH\Model.php(668): CodeIgniter\BaseModel->insert([...], true)
 4 APPPATH\Controllers\Keluarga.php(46): CodeIgniter\Model->insert([...])
 5 SYSTEMPATH\CodeIgniter.php(951): App\Controllers\Keluarga->saveKeluarga()
 6 SYSTEMPATH\CodeIgniter.php(497): CodeIgniter\CodeIgniter->runController(Object(App\Controllers\Keluarga))
 7 SYSTEMPATH\CodeIgniter.php(340): CodeIgniter\CodeIgniter->handleRequest(null, Object(Config\Cache), false)
 8 SYSTEMPATH\Boot.php(417): CodeIgniter\CodeIgniter->run()
 9 SYSTEMPATH\Boot.php(68): CodeIgniter\Boot::runCodeIgniter(Object(CodeIgniter\CodeIgniter))
10 FCPATH\index.php(59): CodeIgniter\Boot::bootWeb(Object(Config\Paths))
CRITICAL - 2026-04-27 13:43:09 --> CodeIgniter\Database\Exceptions\DataException: Allowed fields must be specified for model: "App\Models\KeluargaModel"
[Method: POST, Route: keluarga/saveKeluarga]
in SYSTEMPATH\Model.php on line 678.
 1 SYSTEMPATH\Model.php(678): CodeIgniter\Database\Exceptions\DataException::forInvalidAllowedFields('App\\Models\\KeluargaModel')
 2 SYSTEMPATH\BaseModel.php(880): CodeIgniter\Model->doProtectFieldsForInsert([...])
 3 SYSTEMPATH\Model.php(668): CodeIgniter\BaseModel->insert([...], true)
 4 APPPATH\Controllers\Keluarga.php(46): CodeIgniter\Model->insert([...])
 5 SYSTEMPATH\CodeIgniter.php(951): App\Controllers\Keluarga->saveKeluarga()
 6 SYSTEMPATH\CodeIgniter.php(497): CodeIgniter\CodeIgniter->runController(Object(App\Controllers\Keluarga))
 7 SYSTEMPATH\CodeIgniter.php(340): CodeIgniter\CodeIgniter->handleRequest(null, Object(Config\Cache), false)
 8 SYSTEMPATH\Boot.php(417): CodeIgniter\CodeIgniter->run()
 9 SYSTEMPATH\Boot.php(68): CodeIgniter\Boot::runCodeIgniter(Object(CodeIgniter\CodeIgniter))
10 FCPATH\index.php(59): CodeIgniter\Boot::bootWeb(Object(Config\Paths))
CRITICAL - 2026-04-27 13:43:09 --> CodeIgniter\Database\Exceptions\DataException: Allowed fields must be specified for model: "App\Models\KeluargaModel"
[Method: POST, Route: keluarga/saveKeluarga]
in SYSTEMPATH\Model.php on line 678.
 1 SYSTEMPATH\Model.php(678): CodeIgniter\Database\Exceptions\DataException::forInvalidAllowedFields('App\\Models\\KeluargaModel')
 2 SYSTEMPATH\BaseModel.php(880): CodeIgniter\Model->doProtectFieldsForInsert([...])
 3 SYSTEMPATH\Model.php(668): CodeIgniter\BaseModel->insert([...], true)
 4 APPPATH\Controllers\Keluarga.php(46): CodeIgniter\Model->insert([...])
 5 SYSTEMPATH\CodeIgniter.php(951): App\Controllers\Keluarga->saveKeluarga()
 6 SYSTEMPATH\CodeIgniter.php(497): CodeIgniter\CodeIgniter->runController(Object(App\Controllers\Keluarga))
 7 SYSTEMPATH\CodeIgniter.php(340): CodeIgniter\CodeIgniter->handleRequest(null, Object(Config\Cache), false)
 8 SYSTEMPATH\Boot.php(417): CodeIgniter\CodeIgniter->run()
 9 SYSTEMPATH\Boot.php(68): CodeIgniter\Boot::runCodeIgniter(Object(CodeIgniter\CodeIgniter))
10 FCPATH\index.php(59): CodeIgniter\Boot::bootWeb(Object(Config\Paths))
CRITICAL - 2026-04-27 13:43:09 --> CodeIgniter\Database\Exceptions\DataException: Allowed fields must be specified for model: "App\Models\KeluargaModel"
[Method: POST, Route: keluarga/saveKeluarga]
in SYSTEMPATH\Model.php on line 678.
 1 SYSTEMPATH\Model.php(678): CodeIgniter\Database\Exceptions\DataException::forInvalidAllowedFields('App\\Models\\KeluargaModel')
 2 SYSTEMPATH\BaseModel.php(880): CodeIgniter\Model->doProtectFieldsForInsert([...])
 3 SYSTEMPATH\Model.php(668): CodeIgniter\BaseModel->insert([...], true)
 4 APPPATH\Controllers\Keluarga.php(46): CodeIgniter\Model->insert([...])
 5 SYSTEMPATH\CodeIgniter.php(951): App\Controllers\Keluarga->saveKeluarga()
 6 SYSTEMPATH\CodeIgniter.php(497): CodeIgniter\CodeIgniter->runController(Object(App\Controllers\Keluarga))
 7 SYSTEMPATH\CodeIgniter.php(340): CodeIgniter\CodeIgniter->handleRequest(null, Object(Config\Cache), false)
 8 SYSTEMPATH\Boot.php(417): CodeIgniter\CodeIgniter->run()
 9 SYSTEMPATH\Boot.php(68): CodeIgniter\Boot::runCodeIgniter(Object(CodeIgniter\CodeIgniter))
10 FCPATH\index.php(59): CodeIgniter\Boot::bootWeb(Object(Config\Paths))
CRITICAL - 2026-04-27 13:43:09 --> CodeIgniter\Database\Exceptions\DataException: Allowed fields must be specified for model: "App\Models\KeluargaModel"
[Method: POST, Route: keluarga/saveKeluarga]
in SYSTEMPATH\Model.php on line 678.
 1 SYSTEMPATH\Model.php(678): CodeIgniter\Database\Exceptions\DataException::forInvalidAllowedFields('App\\Models\\KeluargaModel')
 2 SYSTEMPATH\BaseModel.php(880): CodeIgniter\Model->doProtectFieldsForInsert([...])
 3 SYSTEMPATH\Model.php(668): CodeIgniter\BaseModel->insert([...], true)
 4 APPPATH\Controllers\Keluarga.php(46): CodeIgniter\Model->insert([...])
 5 SYSTEMPATH\CodeIgniter.php(951): App\Controllers\Keluarga->saveKeluarga()
 6 SYSTEMPATH\CodeIgniter.php(497): CodeIgniter\CodeIgniter->runController(Object(App\Controllers\Keluarga))
 7 SYSTEMPATH\CodeIgniter.php(340): CodeIgniter\CodeIgniter->handleRequest(null, Object(Config\Cache), false)
 8 SYSTEMPATH\Boot.php(417): CodeIgniter\CodeIgniter->run()
 9 SYSTEMPATH\Boot.php(68): CodeIgniter\Boot::runCodeIgniter(Object(CodeIgniter\CodeIgniter))
10 FCPATH\index.php(59): CodeIgniter\Boot::bootWeb(Object(Config\Paths))
CRITICAL - 2026-04-27 13:43:54 --> CodeIgniter\Database\Exceptions\DataException: Allowed fields must be specified for model: "App\Models\KeluargaModel"
[Method: POST, Route: keluarga/saveKeluarga]
in SYSTEMPATH\Model.php on line 678.
 1 SYSTEMPATH\Model.php(678): CodeIgniter\Database\Exceptions\DataException::forInvalidAllowedFields('App\\Models\\KeluargaModel')
 2 SYSTEMPATH\BaseModel.php(880): CodeIgniter\Model->doProtectFieldsForInsert([...])
 3 SYSTEMPATH\Model.php(668): CodeIgniter\BaseModel->insert([...], true)
 4 APPPATH\Controllers\Keluarga.php(46): CodeIgniter\Model->insert([...])
 5 SYSTEMPATH\CodeIgniter.php(951): App\Controllers\Keluarga->saveKeluarga()
 6 SYSTEMPATH\CodeIgniter.php(497): CodeIgniter\CodeIgniter->runController(Object(App\Controllers\Keluarga))
 7 SYSTEMPATH\CodeIgniter.php(340): CodeIgniter\CodeIgniter->handleRequest(null, Object(Config\Cache), false)
 8 SYSTEMPATH\Boot.php(417): CodeIgniter\CodeIgniter->run()
 9 SYSTEMPATH\Boot.php(68): CodeIgniter\Boot::runCodeIgniter(Object(CodeIgniter\CodeIgniter))
10 FCPATH\index.php(59): CodeIgniter\Boot::bootWeb(Object(Config\Paths))
CRITICAL - 2026-04-27 13:43:56 --> CodeIgniter\Database\Exceptions\DataException: Allowed fields must be specified for model: "App\Models\KeluargaModel"
[Method: POST, Route: keluarga/saveKeluarga]
in SYSTEMPATH\Model.php on line 678.
 1 SYSTEMPATH\Model.php(678): CodeIgniter\Database\Exceptions\DataException::forInvalidAllowedFields('App\\Models\\KeluargaModel')
 2 SYSTEMPATH\BaseModel.php(880): CodeIgniter\Model->doProtectFieldsForInsert([...])
 3 SYSTEMPATH\Model.php(668): CodeIgniter\BaseModel->insert([...], true)
 4 APPPATH\Controllers\Keluarga.php(46): CodeIgniter\Model->insert([...])
 5 SYSTEMPATH\CodeIgniter.php(951): App\Controllers\Keluarga->saveKeluarga()
 6 SYSTEMPATH\CodeIgniter.php(497): CodeIgniter\CodeIgniter->runController(Object(App\Controllers\Keluarga))
 7 SYSTEMPATH\CodeIgniter.php(340): CodeIgniter\CodeIgniter->handleRequest(null, Object(Config\Cache), false)
 8 SYSTEMPATH\Boot.php(417): CodeIgniter\CodeIgniter->run()
 9 SYSTEMPATH\Boot.php(68): CodeIgniter\Boot::runCodeIgniter(Object(CodeIgniter\CodeIgniter))
10 FCPATH\index.php(59): CodeIgniter\Boot::bootWeb(Object(Config\Paths))
CRITICAL - 2026-04-27 13:43:56 --> CodeIgniter\Database\Exceptions\DataException: Allowed fields must be specified for model: "App\Models\KeluargaModel"
[Method: POST, Route: keluarga/saveKeluarga]
in SYSTEMPATH\Model.php on line 678.
 1 SYSTEMPATH\Model.php(678): CodeIgniter\Database\Exceptions\DataException::forInvalidAllowedFields('App\\Models\\KeluargaModel')
 2 SYSTEMPATH\BaseModel.php(880): CodeIgniter\Model->doProtectFieldsForInsert([...])
 3 SYSTEMPATH\Model.php(668): CodeIgniter\BaseModel->insert([...], true)
 4 APPPATH\Controllers\Keluarga.php(46): CodeIgniter\Model->insert([...])
 5 SYSTEMPATH\CodeIgniter.php(951): App\Controllers\Keluarga->saveKeluarga()
 6 SYSTEMPATH\CodeIgniter.php(497): CodeIgniter\CodeIgniter->runController(Object(App\Controllers\Keluarga))
 7 SYSTEMPATH\CodeIgniter.php(340): CodeIgniter\CodeIgniter->handleRequest(null, Object(Config\Cache), false)
 8 SYSTEMPATH\Boot.php(417): CodeIgniter\CodeIgniter->run()
 9 SYSTEMPATH\Boot.php(68): CodeIgniter\Boot::runCodeIgniter(Object(CodeIgniter\CodeIgniter))
10 FCPATH\index.php(59): CodeIgniter\Boot::bootWeb(Object(Config\Paths))
CRITICAL - 2026-04-27 13:43:56 --> CodeIgniter\Database\Exceptions\DataException: Allowed fields must be specified for model: "App\Models\KeluargaModel"
[Method: POST, Route: keluarga/saveKeluarga]
in SYSTEMPATH\Model.php on line 678.
 1 SYSTEMPATH\Model.php(678): CodeIgniter\Database\Exceptions\DataException::forInvalidAllowedFields('App\\Models\\KeluargaModel')
 2 SYSTEMPATH\BaseModel.php(880): CodeIgniter\Model->doProtectFieldsForInsert([...])
 3 SYSTEMPATH\Model.php(668): CodeIgniter\BaseModel->insert([...], true)
 4 APPPATH\Controllers\Keluarga.php(46): CodeIgniter\Model->insert([...])
 5 SYSTEMPATH\CodeIgniter.php(951): App\Controllers\Keluarga->saveKeluarga()
 6 SYSTEMPATH\CodeIgniter.php(497): CodeIgniter\CodeIgniter->runController(Object(App\Controllers\Keluarga))
 7 SYSTEMPATH\CodeIgniter.php(340): CodeIgniter\CodeIgniter->handleRequest(null, Object(Config\Cache), false)
 8 SYSTEMPATH\Boot.php(417): CodeIgniter\CodeIgniter->run()
 9 SYSTEMPATH\Boot.php(68): CodeIgniter\Boot::runCodeIgniter(Object(CodeIgniter\CodeIgniter))
10 FCPATH\index.php(59): CodeIgniter\Boot::bootWeb(Object(Config\Paths))
CRITICAL - 2026-04-27 13:46:29 --> CodeIgniter\Database\Exceptions\DataException: Allowed fields must be specified for model: "App\Models\KeluargaModel"
[Method: POST, Route: keluarga/saveKeluarga]
in SYSTEMPATH\Model.php on line 678.
 1 SYSTEMPATH\Model.php(678): CodeIgniter\Database\Exceptions\DataException::forInvalidAllowedFields('App\\Models\\KeluargaModel')
 2 SYSTEMPATH\BaseModel.php(880): CodeIgniter\Model->doProtectFieldsForInsert([...])
 3 SYSTEMPATH\Model.php(668): CodeIgniter\BaseModel->insert([...], true)
 4 APPPATH\Controllers\Keluarga.php(46): CodeIgniter\Model->insert([...])
 5 SYSTEMPATH\CodeIgniter.php(951): App\Controllers\Keluarga->saveKeluarga()
 6 SYSTEMPATH\CodeIgniter.php(497): CodeIgniter\CodeIgniter->runController(Object(App\Controllers\Keluarga))
 7 SYSTEMPATH\CodeIgniter.php(340): CodeIgniter\CodeIgniter->handleRequest(null, Object(Config\Cache), false)
 8 SYSTEMPATH\Boot.php(417): CodeIgniter\CodeIgniter->run()
 9 SYSTEMPATH\Boot.php(68): CodeIgniter\Boot::runCodeIgniter(Object(CodeIgniter\CodeIgniter))
10 FCPATH\index.php(59): CodeIgniter\Boot::bootWeb(Object(Config\Paths))
CRITICAL - 2026-04-27 13:46:31 --> CodeIgniter\Database\Exceptions\DataException: Allowed fields must be specified for model: "App\Models\KeluargaModel"
[Method: POST, Route: keluarga/saveKeluarga]
in SYSTEMPATH\Model.php on line 678.
 1 SYSTEMPATH\Model.php(678): CodeIgniter\Database\Exceptions\DataException::forInvalidAllowedFields('App\\Models\\KeluargaModel')
 2 SYSTEMPATH\BaseModel.php(880): CodeIgniter\Model->doProtectFieldsForInsert([...])
 3 SYSTEMPATH\Model.php(668): CodeIgniter\BaseModel->insert([...], true)
 4 APPPATH\Controllers\Keluarga.php(46): CodeIgniter\Model->insert([...])
 5 SYSTEMPATH\CodeIgniter.php(951): App\Controllers\Keluarga->saveKeluarga()
 6 SYSTEMPATH\CodeIgniter.php(497): CodeIgniter\CodeIgniter->runController(Object(App\Controllers\Keluarga))
 7 SYSTEMPATH\CodeIgniter.php(340): CodeIgniter\CodeIgniter->handleRequest(null, Object(Config\Cache), false)
 8 SYSTEMPATH\Boot.php(417): CodeIgniter\CodeIgniter->run()
 9 SYSTEMPATH\Boot.php(68): CodeIgniter\Boot::runCodeIgniter(Object(CodeIgniter\CodeIgniter))
10 FCPATH\index.php(59): CodeIgniter\Boot::bootWeb(Object(Config\Paths))
CRITICAL - 2026-04-27 13:46:31 --> CodeIgniter\Database\Exceptions\DataException: Allowed fields must be specified for model: "App\Models\KeluargaModel"
[Method: POST, Route: keluarga/saveKeluarga]
in SYSTEMPATH\Model.php on line 678.
 1 SYSTEMPATH\Model.php(678): CodeIgniter\Database\Exceptions\DataException::forInvalidAllowedFields('App\\Models\\KeluargaModel')
 2 SYSTEMPATH\BaseModel.php(880): CodeIgniter\Model->doProtectFieldsForInsert([...])
 3 SYSTEMPATH\Model.php(668): CodeIgniter\BaseModel->insert([...], true)
 4 APPPATH\Controllers\Keluarga.php(46): CodeIgniter\Model->insert([...])
 5 SYSTEMPATH\CodeIgniter.php(951): App\Controllers\Keluarga->saveKeluarga()
 6 SYSTEMPATH\CodeIgniter.php(497): CodeIgniter\CodeIgniter->runController(Object(App\Controllers\Keluarga))
 7 SYSTEMPATH\CodeIgniter.php(340): CodeIgniter\CodeIgniter->handleRequest(null, Object(Config\Cache), false)
 8 SYSTEMPATH\Boot.php(417): CodeIgniter\CodeIgniter->run()
 9 SYSTEMPATH\Boot.php(68): CodeIgniter\Boot::runCodeIgniter(Object(CodeIgniter\CodeIgniter))
10 FCPATH\index.php(59): CodeIgniter\Boot::bootWeb(Object(Config\Paths))
CRITICAL - 2026-04-27 13:46:34 --> CodeIgniter\Database\Exceptions\DataException: Allowed fields must be specified for model: "App\Models\KeluargaModel"
[Method: POST, Route: keluarga/saveKeluarga]
in SYSTEMPATH\Model.php on line 678.
 1 SYSTEMPATH\Model.php(678): CodeIgniter\Database\Exceptions\DataException::forInvalidAllowedFields('App\\Models\\KeluargaModel')
 2 SYSTEMPATH\BaseModel.php(880): CodeIgniter\Model->doProtectFieldsForInsert([...])
 3 SYSTEMPATH\Model.php(668): CodeIgniter\BaseModel->insert([...], true)
 4 APPPATH\Controllers\Keluarga.php(46): CodeIgniter\Model->insert([...])
 5 SYSTEMPATH\CodeIgniter.php(951): App\Controllers\Keluarga->saveKeluarga()
 6 SYSTEMPATH\CodeIgniter.php(497): CodeIgniter\CodeIgniter->runController(Object(App\Controllers\Keluarga))
 7 SYSTEMPATH\CodeIgniter.php(340): CodeIgniter\CodeIgniter->handleRequest(null, Object(Config\Cache), false)
 8 SYSTEMPATH\Boot.php(417): CodeIgniter\CodeIgniter->run()
 9 SYSTEMPATH\Boot.php(68): CodeIgniter\Boot::runCodeIgniter(Object(CodeIgniter\CodeIgniter))
10 FCPATH\index.php(59): CodeIgniter\Boot::bootWeb(Object(Config\Paths))
CRITICAL - 2026-04-27 13:46:34 --> CodeIgniter\Database\Exceptions\DataException: Allowed fields must be specified for model: "App\Models\KeluargaModel"
[Method: POST, Route: keluarga/saveKeluarga]
in SYSTEMPATH\Model.php on line 678.
 1 SYSTEMPATH\Model.php(678): CodeIgniter\Database\Exceptions\DataException::forInvalidAllowedFields('App\\Models\\KeluargaModel')
 2 SYSTEMPATH\BaseModel.php(880): CodeIgniter\Model->doProtectFieldsForInsert([...])
 3 SYSTEMPATH\Model.php(668): CodeIgniter\BaseModel->insert([...], true)
 4 APPPATH\Controllers\Keluarga.php(46): CodeIgniter\Model->insert([...])
 5 SYSTEMPATH\CodeIgniter.php(951): App\Controllers\Keluarga->saveKeluarga()
 6 SYSTEMPATH\CodeIgniter.php(497): CodeIgniter\CodeIgniter->runController(Object(App\Controllers\Keluarga))
 7 SYSTEMPATH\CodeIgniter.php(340): CodeIgniter\CodeIgniter->handleRequest(null, Object(Config\Cache), false)
 8 SYSTEMPATH\Boot.php(417): CodeIgniter\CodeIgniter->run()
 9 SYSTEMPATH\Boot.php(68): CodeIgniter\Boot::runCodeIgniter(Object(CodeIgniter\CodeIgniter))
10 FCPATH\index.php(59): CodeIgniter\Boot::bootWeb(Object(Config\Paths))
CRITICAL - 2026-04-27 13:46:34 --> CodeIgniter\Database\Exceptions\DataException: Allowed fields must be specified for model: "App\Models\KeluargaModel"
[Method: POST, Route: keluarga/saveKeluarga]
in SYSTEMPATH\Model.php on line 678.
 1 SYSTEMPATH\Model.php(678): CodeIgniter\Database\Exceptions\DataException::forInvalidAllowedFields('App\\Models\\KeluargaModel')
 2 SYSTEMPATH\BaseModel.php(880): CodeIgniter\Model->doProtectFieldsForInsert([...])
 3 SYSTEMPATH\Model.php(668): CodeIgniter\BaseModel->insert([...], true)
 4 APPPATH\Controllers\Keluarga.php(46): CodeIgniter\Model->insert([...])
 5 SYSTEMPATH\CodeIgniter.php(951): App\Controllers\Keluarga->saveKeluarga()
 6 SYSTEMPATH\CodeIgniter.php(497): CodeIgniter\CodeIgniter->runController(Object(App\Controllers\Keluarga))
 7 SYSTEMPATH\CodeIgniter.php(340): CodeIgniter\CodeIgniter->handleRequest(null, Object(Config\Cache), false)
 8 SYSTEMPATH\Boot.php(417): CodeIgniter\CodeIgniter->run()
 9 SYSTEMPATH\Boot.php(68): CodeIgniter\Boot::runCodeIgniter(Object(CodeIgniter\CodeIgniter))
10 FCPATH\index.php(59): CodeIgniter\Boot::bootWeb(Object(Config\Paths))
CRITICAL - 2026-04-27 13:46:34 --> CodeIgniter\Database\Exceptions\DataException: Allowed fields must be specified for model: "App\Models\KeluargaModel"
[Method: POST, Route: keluarga/saveKeluarga]
in SYSTEMPATH\Model.php on line 678.
 1 SYSTEMPATH\Model.php(678): CodeIgniter\Database\Exceptions\DataException::forInvalidAllowedFields('App\\Models\\KeluargaModel')
 2 SYSTEMPATH\BaseModel.php(880): CodeIgniter\Model->doProtectFieldsForInsert([...])
 3 SYSTEMPATH\Model.php(668): CodeIgniter\BaseModel->insert([...], true)
 4 APPPATH\Controllers\Keluarga.php(46): CodeIgniter\Model->insert([...])
 5 SYSTEMPATH\CodeIgniter.php(951): App\Controllers\Keluarga->saveKeluarga()
 6 SYSTEMPATH\CodeIgniter.php(497): CodeIgniter\CodeIgniter->runController(Object(App\Controllers\Keluarga))
 7 SYSTEMPATH\CodeIgniter.php(340): CodeIgniter\CodeIgniter->handleRequest(null, Object(Config\Cache), false)
 8 SYSTEMPATH\Boot.php(417): CodeIgniter\CodeIgniter->run()
 9 SYSTEMPATH\Boot.php(68): CodeIgniter\Boot::runCodeIgniter(Object(CodeIgniter\CodeIgniter))
10 FCPATH\index.php(59): CodeIgniter\Boot::bootWeb(Object(Config\Paths))
CRITICAL - 2026-04-27 13:46:34 --> CodeIgniter\Database\Exceptions\DataException: Allowed fields must be specified for model: "App\Models\KeluargaModel"
[Method: POST, Route: keluarga/saveKeluarga]
in SYSTEMPATH\Model.php on line 678.
 1 SYSTEMPATH\Model.php(678): CodeIgniter\Database\Exceptions\DataException::forInvalidAllowedFields('App\\Models\\KeluargaModel')
 2 SYSTEMPATH\BaseModel.php(880): CodeIgniter\Model->doProtectFieldsForInsert([...])
 3 SYSTEMPATH\Model.php(668): CodeIgniter\BaseModel->insert([...], true)
 4 APPPATH\Controllers\Keluarga.php(46): CodeIgniter\Model->insert([...])
 5 SYSTEMPATH\CodeIgniter.php(951): App\Controllers\Keluarga->saveKeluarga()
 6 SYSTEMPATH\CodeIgniter.php(497): CodeIgniter\CodeIgniter->runController(Object(App\Controllers\Keluarga))
 7 SYSTEMPATH\CodeIgniter.php(340): CodeIgniter\CodeIgniter->handleRequest(null, Object(Config\Cache), false)
 8 SYSTEMPATH\Boot.php(417): CodeIgniter\CodeIgniter->run()
 9 SYSTEMPATH\Boot.php(68): CodeIgniter\Boot::runCodeIgniter(Object(CodeIgniter\CodeIgniter))
10 FCPATH\index.php(59): CodeIgniter\Boot::bootWeb(Object(Config\Paths))
CRITICAL - 2026-04-27 13:49:14 --> CodeIgniter\Database\Exceptions\DataException: Allowed fields must be specified for model: "App\Models\KeluargaModel"
[Method: GET, Route: keluarga/saveKeluarga]
in SYSTEMPATH\Model.php on line 678.
 1 SYSTEMPATH\Model.php(678): CodeIgniter\Database\Exceptions\DataException::forInvalidAllowedFields('App\\Models\\KeluargaModel')
 2 SYSTEMPATH\BaseModel.php(880): CodeIgniter\Model->doProtectFieldsForInsert([...])
 3 SYSTEMPATH\Model.php(668): CodeIgniter\BaseModel->insert([...], true)
 4 APPPATH\Controllers\Keluarga.php(46): CodeIgniter\Model->insert([...])
 5 SYSTEMPATH\CodeIgniter.php(951): App\Controllers\Keluarga->saveKeluarga()
 6 SYSTEMPATH\CodeIgniter.php(497): CodeIgniter\CodeIgniter->runController(Object(App\Controllers\Keluarga))
 7 SYSTEMPATH\CodeIgniter.php(340): CodeIgniter\CodeIgniter->handleRequest(null, Object(Config\Cache), false)
 8 SYSTEMPATH\Boot.php(417): CodeIgniter\CodeIgniter->run()
 9 SYSTEMPATH\Boot.php(68): CodeIgniter\Boot::runCodeIgniter(Object(CodeIgniter\CodeIgniter))
10 FCPATH\index.php(59): CodeIgniter\Boot::bootWeb(Object(Config\Paths))
CRITICAL - 2026-04-27 13:49:54 --> CodeIgniter\Database\Exceptions\DataException: Allowed fields must be specified for model: "App\Models\KeluargaModel"
[Method: POST, Route: keluarga/saveKeluarga]
in SYSTEMPATH\Model.php on line 678.
 1 SYSTEMPATH\Model.php(678): CodeIgniter\Database\Exceptions\DataException::forInvalidAllowedFields('App\\Models\\KeluargaModel')
 2 SYSTEMPATH\BaseModel.php(880): CodeIgniter\Model->doProtectFieldsForInsert([...])
 3 SYSTEMPATH\Model.php(668): CodeIgniter\BaseModel->insert([...], true)
 4 APPPATH\Controllers\Keluarga.php(46): CodeIgniter\Model->insert([...])
 5 SYSTEMPATH\CodeIgniter.php(951): App\Controllers\Keluarga->saveKeluarga()
 6 SYSTEMPATH\CodeIgniter.php(497): CodeIgniter\CodeIgniter->runController(Object(App\Controllers\Keluarga))
 7 SYSTEMPATH\CodeIgniter.php(340): CodeIgniter\CodeIgniter->handleRequest(null, Object(Config\Cache), false)
 8 SYSTEMPATH\Boot.php(417): CodeIgniter\CodeIgniter->run()
 9 SYSTEMPATH\Boot.php(68): CodeIgniter\Boot::runCodeIgniter(Object(CodeIgniter\CodeIgniter))
10 FCPATH\index.php(59): CodeIgniter\Boot::bootWeb(Object(Config\Paths))
CRITICAL - 2026-04-27 13:49:55 --> CodeIgniter\Database\Exceptions\DataException: Allowed fields must be specified for model: "App\Models\KeluargaModel"
[Method: POST, Route: keluarga/saveKeluarga]
in SYSTEMPATH\Model.php on line 678.
 1 SYSTEMPATH\Model.php(678): CodeIgniter\Database\Exceptions\DataException::forInvalidAllowedFields('App\\Models\\KeluargaModel')
 2 SYSTEMPATH\BaseModel.php(880): CodeIgniter\Model->doProtectFieldsForInsert([...])
 3 SYSTEMPATH\Model.php(668): CodeIgniter\BaseModel->insert([...], true)
 4 APPPATH\Controllers\Keluarga.php(46): CodeIgniter\Model->insert([...])
 5 SYSTEMPATH\CodeIgniter.php(951): App\Controllers\Keluarga->saveKeluarga()
 6 SYSTEMPATH\CodeIgniter.php(497): CodeIgniter\CodeIgniter->runController(Object(App\Controllers\Keluarga))
 7 SYSTEMPATH\CodeIgniter.php(340): CodeIgniter\CodeIgniter->handleRequest(null, Object(Config\Cache), false)
 8 SYSTEMPATH\Boot.php(417): CodeIgniter\CodeIgniter->run()
 9 SYSTEMPATH\Boot.php(68): CodeIgniter\Boot::runCodeIgniter(Object(CodeIgniter\CodeIgniter))
10 FCPATH\index.php(59): CodeIgniter\Boot::bootWeb(Object(Config\Paths))
CRITICAL - 2026-04-27 13:49:55 --> CodeIgniter\Database\Exceptions\DataException: Allowed fields must be specified for model: "App\Models\KeluargaModel"
[Method: POST, Route: keluarga/saveKeluarga]
in SYSTEMPATH\Model.php on line 678.
 1 SYSTEMPATH\Model.php(678): CodeIgniter\Database\Exceptions\DataException::forInvalidAllowedFields('App\\Models\\KeluargaModel')
 2 SYSTEMPATH\BaseModel.php(880): CodeIgniter\Model->doProtectFieldsForInsert([...])
 3 SYSTEMPATH\Model.php(668): CodeIgniter\BaseModel->insert([...], true)
 4 APPPATH\Controllers\Keluarga.php(46): CodeIgniter\Model->insert([...])
 5 SYSTEMPATH\CodeIgniter.php(951): App\Controllers\Keluarga->saveKeluarga()
 6 SYSTEMPATH\CodeIgniter.php(497): CodeIgniter\CodeIgniter->runController(Object(App\Controllers\Keluarga))
 7 SYSTEMPATH\CodeIgniter.php(340): CodeIgniter\CodeIgniter->handleRequest(null, Object(Config\Cache), false)
 8 SYSTEMPATH\Boot.php(417): CodeIgniter\CodeIgniter->run()
 9 SYSTEMPATH\Boot.php(68): CodeIgniter\Boot::runCodeIgniter(Object(CodeIgniter\CodeIgniter))
10 FCPATH\index.php(59): CodeIgniter\Boot::bootWeb(Object(Config\Paths))
CRITICAL - 2026-04-27 13:49:55 --> CodeIgniter\Database\Exceptions\DataException: Allowed fields must be specified for model: "App\Models\KeluargaModel"
[Method: POST, Route: keluarga/saveKeluarga]
in SYSTEMPATH\Model.php on line 678.
 1 SYSTEMPATH\Model.php(678): CodeIgniter\Database\Exceptions\DataException::forInvalidAllowedFields('App\\Models\\KeluargaModel')
 2 SYSTEMPATH\BaseModel.php(880): CodeIgniter\Model->doProtectFieldsForInsert([...])
 3 SYSTEMPATH\Model.php(668): CodeIgniter\BaseModel->insert([...], true)
 4 APPPATH\Controllers\Keluarga.php(46): CodeIgniter\Model->insert([...])
 5 SYSTEMPATH\CodeIgniter.php(951): App\Controllers\Keluarga->saveKeluarga()
 6 SYSTEMPATH\CodeIgniter.php(497): CodeIgniter\CodeIgniter->runController(Object(App\Controllers\Keluarga))
 7 SYSTEMPATH\CodeIgniter.php(340): CodeIgniter\CodeIgniter->handleRequest(null, Object(Config\Cache), false)
 8 SYSTEMPATH\Boot.php(417): CodeIgniter\CodeIgniter->run()
 9 SYSTEMPATH\Boot.php(68): CodeIgniter\Boot::runCodeIgniter(Object(CodeIgniter\CodeIgniter))
10 FCPATH\index.php(59): CodeIgniter\Boot::bootWeb(Object(Config\Paths))
CRITICAL - 2026-04-27 22:10:29 --> CodeIgniter\Database\Exceptions\DataException: Allowed fields must be specified for model: "App\Models\KeluargaModel"
[Method: POST, Route: keluarga/saveKeluarga]
in SYSTEMPATH\Model.php on line 678.
 1 SYSTEMPATH\Model.php(678): CodeIgniter\Database\Exceptions\DataException::forInvalidAllowedFields('App\\Models\\KeluargaModel')
 2 SYSTEMPATH\BaseModel.php(880): CodeIgniter\Model->doProtectFieldsForInsert([...])
 3 SYSTEMPATH\Model.php(668): CodeIgniter\BaseModel->insert([...], true)
 4 APPPATH\Controllers\Keluarga.php(46): CodeIgniter\Model->insert([...])
 5 SYSTEMPATH\CodeIgniter.php(951): App\Controllers\Keluarga->saveKeluarga()
 6 SYSTEMPATH\CodeIgniter.php(497): CodeIgniter\CodeIgniter->runController(Object(App\Controllers\Keluarga))
 7 SYSTEMPATH\CodeIgniter.php(340): CodeIgniter\CodeIgniter->handleRequest(null, Object(Config\Cache), false)
 8 SYSTEMPATH\Boot.php(417): CodeIgniter\CodeIgniter->run()
 9 SYSTEMPATH\Boot.php(68): CodeIgniter\Boot::runCodeIgniter(Object(CodeIgniter\CodeIgniter))
10 FCPATH\index.php(59): CodeIgniter\Boot::bootWeb(Object(Config\Paths))
CRITICAL - 2026-04-27 22:10:30 --> CodeIgniter\Database\Exceptions\DataException: Allowed fields must be specified for model: "App\Models\KeluargaModel"
[Method: POST, Route: keluarga/saveKeluarga]
in SYSTEMPATH\Model.php on line 678.
 1 SYSTEMPATH\Model.php(678): CodeIgniter\Database\Exceptions\DataException::forInvalidAllowedFields('App\\Models\\KeluargaModel')
 2 SYSTEMPATH\BaseModel.php(880): CodeIgniter\Model->doProtectFieldsForInsert([...])
 3 SYSTEMPATH\Model.php(668): CodeIgniter\BaseModel->insert([...], true)
 4 APPPATH\Controllers\Keluarga.php(46): CodeIgniter\Model->insert([...])
 5 SYSTEMPATH\CodeIgniter.php(951): App\Controllers\Keluarga->saveKeluarga()
 6 SYSTEMPATH\CodeIgniter.php(497): CodeIgniter\CodeIgniter->runController(Object(App\Controllers\Keluarga))
 7 SYSTEMPATH\CodeIgniter.php(340): CodeIgniter\CodeIgniter->handleRequest(null, Object(Config\Cache), false)
 8 SYSTEMPATH\Boot.php(417): CodeIgniter\CodeIgniter->run()
 9 SYSTEMPATH\Boot.php(68): CodeIgniter\Boot::runCodeIgniter(Object(CodeIgniter\CodeIgniter))
10 FCPATH\index.php(59): CodeIgniter\Boot::bootWeb(Object(Config\Paths))
CRITICAL - 2026-04-27 22:10:31 --> CodeIgniter\Database\Exceptions\DataException: Allowed fields must be specified for model: "App\Models\KeluargaModel"
[Method: POST, Route: keluarga/saveKeluarga]
in SYSTEMPATH\Model.php on line 678.
 1 SYSTEMPATH\Model.php(678): CodeIgniter\Database\Exceptions\DataException::forInvalidAllowedFields('App\\Models\\KeluargaModel')
 2 SYSTEMPATH\BaseModel.php(880): CodeIgniter\Model->doProtectFieldsForInsert([...])
 3 SYSTEMPATH\Model.php(668): CodeIgniter\BaseModel->insert([...], true)
 4 APPPATH\Controllers\Keluarga.php(46): CodeIgniter\Model->insert([...])
 5 SYSTEMPATH\CodeIgniter.php(951): App\Controllers\Keluarga->saveKeluarga()
 6 SYSTEMPATH\CodeIgniter.php(497): CodeIgniter\CodeIgniter->runController(Object(App\Controllers\Keluarga))
 7 SYSTEMPATH\CodeIgniter.php(340): CodeIgniter\CodeIgniter->handleRequest(null, Object(Config\Cache), false)
 8 SYSTEMPATH\Boot.php(417): CodeIgniter\CodeIgniter->run()
 9 SYSTEMPATH\Boot.php(68): CodeIgniter\Boot::runCodeIgniter(Object(CodeIgniter\CodeIgniter))
10 FCPATH\index.php(59): CodeIgniter\Boot::bootWeb(Object(Config\Paths))
CRITICAL - 2026-04-27 22:10:42 --> CodeIgniter\Database\Exceptions\DataException: Allowed fields must be specified for model: "App\Models\KeluargaModel"
[Method: POST, Route: keluarga/saveKeluarga]
in SYSTEMPATH\Model.php on line 678.
 1 SYSTEMPATH\Model.php(678): CodeIgniter\Database\Exceptions\DataException::forInvalidAllowedFields('App\\Models\\KeluargaModel')
 2 SYSTEMPATH\BaseModel.php(880): CodeIgniter\Model->doProtectFieldsForInsert([...])
 3 SYSTEMPATH\Model.php(668): CodeIgniter\BaseModel->insert([...], true)
 4 APPPATH\Controllers\Keluarga.php(46): CodeIgniter\Model->insert([...])
 5 SYSTEMPATH\CodeIgniter.php(951): App\Controllers\Keluarga->saveKeluarga()
 6 SYSTEMPATH\CodeIgniter.php(497): CodeIgniter\CodeIgniter->runController(Object(App\Controllers\Keluarga))
 7 SYSTEMPATH\CodeIgniter.php(340): CodeIgniter\CodeIgniter->handleRequest(null, Object(Config\Cache), false)
 8 SYSTEMPATH\Boot.php(417): CodeIgniter\CodeIgniter->run()
 9 SYSTEMPATH\Boot.php(68): CodeIgniter\Boot::runCodeIgniter(Object(CodeIgniter\CodeIgniter))
10 FCPATH\index.php(59): CodeIgniter\Boot::bootWeb(Object(Config\Paths))
CRITICAL - 2026-04-27 22:13:45 --> CodeIgniter\Database\Exceptions\DataException: Allowed fields must be specified for model: "App\Models\KeluargaModel"
[Method: POST, Route: keluarga/saveKeluarga]
in SYSTEMPATH\Model.php on line 678.
 1 SYSTEMPATH\Model.php(678): CodeIgniter\Database\Exceptions\DataException::forInvalidAllowedFields('App\\Models\\KeluargaModel')
 2 SYSTEMPATH\BaseModel.php(880): CodeIgniter\Model->doProtectFieldsForInsert([...])
 3 SYSTEMPATH\Model.php(668): CodeIgniter\BaseModel->insert([...], true)
 4 APPPATH\Controllers\Keluarga.php(46): CodeIgniter\Model->insert([...])
 5 SYSTEMPATH\CodeIgniter.php(951): App\Controllers\Keluarga->saveKeluarga()
 6 SYSTEMPATH\CodeIgniter.php(497): CodeIgniter\CodeIgniter->runController(Object(App\Controllers\Keluarga))
 7 SYSTEMPATH\CodeIgniter.php(340): CodeIgniter\CodeIgniter->handleRequest(null, Object(Config\Cache), false)
 8 SYSTEMPATH\Boot.php(417): CodeIgniter\CodeIgniter->run()
 9 SYSTEMPATH\Boot.php(68): CodeIgniter\Boot::runCodeIgniter(Object(CodeIgniter\CodeIgniter))
10 FCPATH\index.php(59): CodeIgniter\Boot::bootWeb(Object(Config\Paths))
CRITICAL - 2026-04-27 22:13:51 --> CodeIgniter\Database\Exceptions\DataException: Allowed fields must be specified for model: "App\Models\KeluargaModel"
[Method: POST, Route: keluarga/saveKeluarga]
in SYSTEMPATH\Model.php on line 678.
 1 SYSTEMPATH\Model.php(678): CodeIgniter\Database\Exceptions\DataException::forInvalidAllowedFields('App\\Models\\KeluargaModel')
 2 SYSTEMPATH\BaseModel.php(880): CodeIgniter\Model->doProtectFieldsForInsert([...])
 3 SYSTEMPATH\Model.php(668): CodeIgniter\BaseModel->insert([...], true)
 4 APPPATH\Controllers\Keluarga.php(46): CodeIgniter\Model->insert([...])
 5 SYSTEMPATH\CodeIgniter.php(951): App\Controllers\Keluarga->saveKeluarga()
 6 SYSTEMPATH\CodeIgniter.php(497): CodeIgniter\CodeIgniter->runController(Object(App\Controllers\Keluarga))
 7 SYSTEMPATH\CodeIgniter.php(340): CodeIgniter\CodeIgniter->handleRequest(null, Object(Config\Cache), false)
 8 SYSTEMPATH\Boot.php(417): CodeIgniter\CodeIgniter->run()
 9 SYSTEMPATH\Boot.php(68): CodeIgniter\Boot::runCodeIgniter(Object(CodeIgniter\CodeIgniter))
10 FCPATH\index.php(59): CodeIgniter\Boot::bootWeb(Object(Config\Paths))
