WARNING - 2026-07-04 02:25:35 --> [DEPRECATED] strtotime(): Passing null to parameter #1 ($datetime) of type string is deprecated in APPPATH\Views\penduduk\tambahAnggota.php on line 150.
 1 APPPATH\Views\penduduk\tambahAnggota.php(150): strtotime(null)
 2 SYSTEMPATH\View\View.php(240): include('C:\\laragon\\www\\program_bltd\\app\\Views\\penduduk\\tambahAnggota.php')
 3 SYSTEMPATH\View\View.php(243): CodeIgniter\View\View->CodeIgniter\View\{closure}()
 4 SYSTEMPATH\Common.php(1250): CodeIgniter\View\View->render('penduduk/tambahanggota', [], true)
 5 APPPATH\Controllers\Keluarga.php(41): view('penduduk/tambahanggota', [...])
 6 SYSTEMPATH\CodeIgniter.php(951): App\Controllers\Keluarga->tambahanggota()
 7 SYSTEMPATH\CodeIgniter.php(497): CodeIgniter\CodeIgniter->runController(Object(App\Controllers\Keluarga))
 8 SYSTEMPATH\CodeIgniter.php(340): CodeIgniter\CodeIgniter->handleRequest(null, Object(Config\Cache), false)
 9 SYSTEMPATH\Boot.php(417): CodeIgniter\CodeIgniter->run()
10 SYSTEMPATH\Boot.php(68): CodeIgniter\Boot::runCodeIgniter(Object(CodeIgniter\CodeIgniter))
11 FCPATH\index.php(59): CodeIgniter\Boot::bootWeb(Object(Config\Paths))
WARNING - 2026-07-04 02:25:35 --> [DEPRECATED] strtotime(): Passing null to parameter #1 ($datetime) of type string is deprecated in APPPATH\Views\penduduk\tambahAnggota.php on line 150.
 1 APPPATH\Views\penduduk\tambahAnggota.php(150): strtotime(null)
 2 SYSTEMPATH\View\View.php(240): include('C:\\laragon\\www\\program_bltd\\app\\Views\\penduduk\\tambahAnggota.php')
 3 SYSTEMPATH\View\View.php(243): CodeIgniter\View\View->CodeIgniter\View\{closure}()
 4 SYSTEMPATH\Common.php(1250): CodeIgniter\View\View->render('penduduk/tambahanggota', [], true)
 5 APPPATH\Controllers\Keluarga.php(41): view('penduduk/tambahanggota', [...])
 6 SYSTEMPATH\CodeIgniter.php(951): App\Controllers\Keluarga->tambahanggota()
 7 SYSTEMPATH\CodeIgniter.php(497): CodeIgniter\CodeIgniter->runController(Object(App\Controllers\Keluarga))
 8 SYSTEMPATH\CodeIgniter.php(340): CodeIgniter\CodeIgniter->handleRequest(null, Object(Config\Cache), false)
 9 SYSTEMPATH\Boot.php(417): CodeIgniter\CodeIgniter->run()
10 SYSTEMPATH\Boot.php(68): CodeIgniter\Boot::runCodeIgniter(Object(CodeIgniter\CodeIgniter))
11 FCPATH\index.php(59): CodeIgniter\Boot::bootWeb(Object(Config\Paths))
DEBUG - 2026-07-04 02:25:37 --> Session: Class initialized using 'CodeIgniter\Session\Handlers\FileHandler' driver.
CRITICAL - 2026-07-04 02:27:57 --> ErrorException: Undefined variable $dusun
[Method: GET, Route: keluarga]
in APPPATH\Views\penduduk\keluarga_view.php on line 586.
 1 APPPATH\Views\penduduk\keluarga_view.php(586): CodeIgniter\Debug\Exceptions->errorHandler(2, 'Undefined variable $dusun', 'C:\\laragon\\www\\program_bltd\\app\\Views\\penduduk\\keluarga_view.php', 586)
 2 SYSTEMPATH\View\View.php(240): include('C:\\laragon\\www\\program_bltd\\app\\Views\\penduduk\\keluarga_view.php')
 3 SYSTEMPATH\View\View.php(243): CodeIgniter\View\View->CodeIgniter\View\{closure}()
 4 SYSTEMPATH\Common.php(1250): CodeIgniter\View\View->render('penduduk/keluarga_view', [], true)
 5 APPPATH\Controllers\Keluarga.php(24): view('penduduk/keluarga_view')
 6 SYSTEMPATH\CodeIgniter.php(951): App\Controllers\Keluarga->index()
 7 SYSTEMPATH\CodeIgniter.php(497): CodeIgniter\CodeIgniter->runController(Object(App\Controllers\Keluarga))
 8 SYSTEMPATH\CodeIgniter.php(340): CodeIgniter\CodeIgniter->handleRequest(null, Object(Config\Cache), false)
 9 SYSTEMPATH\Boot.php(417): CodeIgniter\CodeIgniter->run()
10 SYSTEMPATH\Boot.php(68): CodeIgniter\Boot::runCodeIgniter(Object(CodeIgniter\CodeIgniter))
11 FCPATH\index.php(59): CodeIgniter\Boot::bootWeb(Object(Config\Paths))
CRITICAL - 2026-07-04 02:28:54 --> ParseError: syntax error, unexpected token ";", expecting ")"
[Method: GET, Route: keluarga]
in APPPATH\Views\penduduk\keluarga_view.php on line 586.
 1 SYSTEMPATH\View\View.php(243): CodeIgniter\View\View->CodeIgniter\View\{closure}()
 2 SYSTEMPATH\Common.php(1250): CodeIgniter\View\View->render('penduduk/keluarga_view', [], true)
 3 APPPATH\Controllers\Keluarga.php(24): view('penduduk/keluarga_view')
 4 SYSTEMPATH\CodeIgniter.php(951): App\Controllers\Keluarga->index()
 5 SYSTEMPATH\CodeIgniter.php(497): CodeIgniter\CodeIgniter->runController(Object(App\Controllers\Keluarga))
 6 SYSTEMPATH\CodeIgniter.php(340): CodeIgniter\CodeIgniter->handleRequest(null, Object(Config\Cache), false)
 7 SYSTEMPATH\Boot.php(417): CodeIgniter\CodeIgniter->run()
 8 SYSTEMPATH\Boot.php(68): CodeIgniter\Boot::runCodeIgniter(Object(CodeIgniter\CodeIgniter))
 9 FCPATH\index.php(59): CodeIgniter\Boot::bootWeb(Object(Config\Paths))
CRITICAL - 2026-07-04 02:30:28 --> ErrorException: Trying to access array offset on null
[Method: GET, Route: tambahanggota]
in APPPATH\Views\penduduk\tambahAnggota.php on line 40.
 1 APPPATH\Views\penduduk\tambahAnggota.php(40): CodeIgniter\Debug\Exceptions->errorHandler(2, 'Trying to access array offset on null', 'C:\\laragon\\www\\program_bltd\\app\\Views\\penduduk\\tambahAnggota.php', 40)
 2 SYSTEMPATH\View\View.php(240): include('C:\\laragon\\www\\program_bltd\\app\\Views\\penduduk\\tambahAnggota.php')
 3 SYSTEMPATH\View\View.php(243): CodeIgniter\View\View->CodeIgniter\View\{closure}()
 4 SYSTEMPATH\Common.php(1250): CodeIgniter\View\View->render('penduduk/tambahanggota', [], true)
 5 APPPATH\Controllers\Keluarga.php(41): view('penduduk/tambahanggota', [...])
 6 SYSTEMPATH\CodeIgniter.php(951): App\Controllers\Keluarga->tambahanggota()
 7 SYSTEMPATH\CodeIgniter.php(497): CodeIgniter\CodeIgniter->runController(Object(App\Controllers\Keluarga))
 8 SYSTEMPATH\CodeIgniter.php(340): CodeIgniter\CodeIgniter->handleRequest(null, Object(Config\Cache), false)
 9 SYSTEMPATH\Boot.php(417): CodeIgniter\CodeIgniter->run()
10 SYSTEMPATH\Boot.php(68): CodeIgniter\Boot::runCodeIgniter(Object(CodeIgniter\CodeIgniter))
11 FCPATH\index.php(59): CodeIgniter\Boot::bootWeb(Object(Config\Paths))
CRITICAL - 2026-07-04 02:32:42 --> ErrorException: Trying to access array offset on null
[Method: GET, Route: tambahanggota]
in APPPATH\Views\penduduk\tambahAnggota.php on line 40.
 1 APPPATH\Views\penduduk\tambahAnggota.php(40): CodeIgniter\Debug\Exceptions->errorHandler(2, 'Trying to access array offset on null', 'C:\\laragon\\www\\program_bltd\\app\\Views\\penduduk\\tambahAnggota.php', 40)
 2 SYSTEMPATH\View\View.php(240): include('C:\\laragon\\www\\program_bltd\\app\\Views\\penduduk\\tambahAnggota.php')
 3 SYSTEMPATH\View\View.php(243): CodeIgniter\View\View->CodeIgniter\View\{closure}()
 4 SYSTEMPATH\Common.php(1250): CodeIgniter\View\View->render('penduduk/tambahanggota', [], true)
 5 APPPATH\Controllers\Keluarga.php(41): view('penduduk/tambahanggota', [...])
 6 SYSTEMPATH\CodeIgniter.php(951): App\Controllers\Keluarga->tambahanggota()
 7 SYSTEMPATH\CodeIgniter.php(497): CodeIgniter\CodeIgniter->runController(Object(App\Controllers\Keluarga))
 8 SYSTEMPATH\CodeIgniter.php(340): CodeIgniter\CodeIgniter->handleRequest(null, Object(Config\Cache), false)
 9 SYSTEMPATH\Boot.php(417): CodeIgniter\CodeIgniter->run()
10 SYSTEMPATH\Boot.php(68): CodeIgniter\Boot::runCodeIgniter(Object(CodeIgniter\CodeIgniter))
11 FCPATH\index.php(59): CodeIgniter\Boot::bootWeb(Object(Config\Paths))
WARNING - 2026-07-04 02:36:15 --> [DEPRECATED] strtotime(): Passing null to parameter #1 ($datetime) of type string is deprecated in APPPATH\Views\penduduk\tambahAnggota.php on line 150.
 1 APPPATH\Views\penduduk\tambahAnggota.php(150): strtotime(null)
 2 SYSTEMPATH\View\View.php(240): include('C:\\laragon\\www\\program_bltd\\app\\Views\\penduduk\\tambahAnggota.php')
 3 SYSTEMPATH\View\View.php(243): CodeIgniter\View\View->CodeIgniter\View\{closure}()
 4 SYSTEMPATH\Common.php(1250): CodeIgniter\View\View->render('penduduk/tambahanggota', [], true)
 5 APPPATH\Controllers\Keluarga.php(41): view('penduduk/tambahanggota', [...])
 6 SYSTEMPATH\CodeIgniter.php(951): App\Controllers\Keluarga->tambahanggota()
 7 SYSTEMPATH\CodeIgniter.php(497): CodeIgniter\CodeIgniter->runController(Object(App\Controllers\Keluarga))
 8 SYSTEMPATH\CodeIgniter.php(340): CodeIgniter\CodeIgniter->handleRequest(null, Object(Config\Cache), false)
 9 SYSTEMPATH\Boot.php(417): CodeIgniter\CodeIgniter->run()
10 SYSTEMPATH\Boot.php(68): CodeIgniter\Boot::runCodeIgniter(Object(CodeIgniter\CodeIgniter))
11 FCPATH\index.php(59): CodeIgniter\Boot::bootWeb(Object(Config\Paths))
WARNING - 2026-07-04 02:36:15 --> [DEPRECATED] strtotime(): Passing null to parameter #1 ($datetime) of type string is deprecated in APPPATH\Views\penduduk\tambahAnggota.php on line 150.
 1 APPPATH\Views\penduduk\tambahAnggota.php(150): strtotime(null)
 2 SYSTEMPATH\View\View.php(240): include('C:\\laragon\\www\\program_bltd\\app\\Views\\penduduk\\tambahAnggota.php')
 3 SYSTEMPATH\View\View.php(243): CodeIgniter\View\View->CodeIgniter\View\{closure}()
 4 SYSTEMPATH\Common.php(1250): CodeIgniter\View\View->render('penduduk/tambahanggota', [], true)
 5 APPPATH\Controllers\Keluarga.php(41): view('penduduk/tambahanggota', [...])
 6 SYSTEMPATH\CodeIgniter.php(951): App\Controllers\Keluarga->tambahanggota()
 7 SYSTEMPATH\CodeIgniter.php(497): CodeIgniter\CodeIgniter->runController(Object(App\Controllers\Keluarga))
 8 SYSTEMPATH\CodeIgniter.php(340): CodeIgniter\CodeIgniter->handleRequest(null, Object(Config\Cache), false)
 9 SYSTEMPATH\Boot.php(417): CodeIgniter\CodeIgniter->run()
10 SYSTEMPATH\Boot.php(68): CodeIgniter\Boot::runCodeIgniter(Object(CodeIgniter\CodeIgniter))
11 FCPATH\index.php(59): CodeIgniter\Boot::bootWeb(Object(Config\Paths))
DEBUG - 2026-07-04 02:36:15 --> Session: Class initialized using 'CodeIgniter\Session\Handlers\FileHandler' driver.
DEBUG - 2026-07-04 02:36:24 --> Session: Class initialized using 'CodeIgniter\Session\Handlers\FileHandler' driver.
CRITICAL - 2026-07-04 02:45:48 --> Error: Call to undefined method CodeIgniter\Database\MySQLi\Builder::first()
[Method: POST, Route: detailanggota/cekKK]
in APPPATH\Models\KeluargaModel.php on line 62.
 1 APPPATH\Controllers\DetailAnggota.php(53): App\Models\KeluargaModel->cekKKbyId('1111111111110002')
 2 SYSTEMPATH\CodeIgniter.php(951): App\Controllers\DetailAnggota->cekKK()
 3 SYSTEMPATH\CodeIgniter.php(497): CodeIgniter\CodeIgniter->runController(Object(App\Controllers\DetailAnggota))
 4 SYSTEMPATH\CodeIgniter.php(340): CodeIgniter\CodeIgniter->handleRequest(null, Object(Config\Cache), false)
 5 SYSTEMPATH\Boot.php(417): CodeIgniter\CodeIgniter->run()
 6 SYSTEMPATH\Boot.php(68): CodeIgniter\Boot::runCodeIgniter(Object(CodeIgniter\CodeIgniter))
 7 FCPATH\index.php(59): CodeIgniter\Boot::bootWeb(Object(Config\Paths))
CRITICAL - 2026-07-04 02:45:50 --> Error: Call to undefined method CodeIgniter\Database\MySQLi\Builder::first()
[Method: POST, Route: detailanggota/cekKK]
in APPPATH\Models\KeluargaModel.php on line 62.
 1 APPPATH\Controllers\DetailAnggota.php(53): App\Models\KeluargaModel->cekKKbyId('1111111111110002')
 2 SYSTEMPATH\CodeIgniter.php(951): App\Controllers\DetailAnggota->cekKK()
 3 SYSTEMPATH\CodeIgniter.php(497): CodeIgniter\CodeIgniter->runController(Object(App\Controllers\DetailAnggota))
 4 SYSTEMPATH\CodeIgniter.php(340): CodeIgniter\CodeIgniter->handleRequest(null, Object(Config\Cache), false)
 5 SYSTEMPATH\Boot.php(417): CodeIgniter\CodeIgniter->run()
 6 SYSTEMPATH\Boot.php(68): CodeIgniter\Boot::runCodeIgniter(Object(CodeIgniter\CodeIgniter))
 7 FCPATH\index.php(59): CodeIgniter\Boot::bootWeb(Object(Config\Paths))
CRITICAL - 2026-07-04 02:47:20 --> Error: Call to undefined method CodeIgniter\Database\MySQLi\Builder::first()
[Method: POST, Route: detailanggota/cekKK]
in APPPATH\Models\KeluargaModel.php on line 62.
 1 APPPATH\Controllers\DetailAnggota.php(53): App\Models\KeluargaModel->cekKKbyId('1111111111110008')
 2 SYSTEMPATH\CodeIgniter.php(951): App\Controllers\DetailAnggota->cekKK()
 3 SYSTEMPATH\CodeIgniter.php(497): CodeIgniter\CodeIgniter->runController(Object(App\Controllers\DetailAnggota))
 4 SYSTEMPATH\CodeIgniter.php(340): CodeIgniter\CodeIgniter->handleRequest(null, Object(Config\Cache), false)
 5 SYSTEMPATH\Boot.php(417): CodeIgniter\CodeIgniter->run()
 6 SYSTEMPATH\Boot.php(68): CodeIgniter\Boot::runCodeIgniter(Object(CodeIgniter\CodeIgniter))
 7 FCPATH\index.php(59): CodeIgniter\Boot::bootWeb(Object(Config\Paths))
CRITICAL - 2026-07-04 02:48:00 --> Error: Call to undefined method CodeIgniter\Database\MySQLi\Builder::first()
[Method: POST, Route: detailanggota/cekKK]
in APPPATH\Models\KeluargaModel.php on line 62.
 1 APPPATH\Controllers\DetailAnggota.php(53): App\Models\KeluargaModel->cekKKbyId('1111111111110008')
 2 SYSTEMPATH\CodeIgniter.php(951): App\Controllers\DetailAnggota->cekKK()
 3 SYSTEMPATH\CodeIgniter.php(497): CodeIgniter\CodeIgniter->runController(Object(App\Controllers\DetailAnggota))
 4 SYSTEMPATH\CodeIgniter.php(340): CodeIgniter\CodeIgniter->handleRequest(null, Object(Config\Cache), false)
 5 SYSTEMPATH\Boot.php(417): CodeIgniter\CodeIgniter->run()
 6 SYSTEMPATH\Boot.php(68): CodeIgniter\Boot::runCodeIgniter(Object(CodeIgniter\CodeIgniter))
 7 FCPATH\index.php(59): CodeIgniter\Boot::bootWeb(Object(Config\Paths))
CRITICAL - 2026-07-04 02:48:34 --> Error: Call to undefined method CodeIgniter\Database\MySQLi\Builder::first()
[Method: POST, Route: detailanggota/cekKK]
in APPPATH\Models\KeluargaModel.php on line 62.
 1 APPPATH\Controllers\DetailAnggota.php(53): App\Models\KeluargaModel->cekKKbyId('1111111111110008')
 2 SYSTEMPATH\CodeIgniter.php(951): App\Controllers\DetailAnggota->cekKK()
 3 SYSTEMPATH\CodeIgniter.php(497): CodeIgniter\CodeIgniter->runController(Object(App\Controllers\DetailAnggota))
 4 SYSTEMPATH\CodeIgniter.php(340): CodeIgniter\CodeIgniter->handleRequest(null, Object(Config\Cache), false)
 5 SYSTEMPATH\Boot.php(417): CodeIgniter\CodeIgniter->run()
 6 SYSTEMPATH\Boot.php(68): CodeIgniter\Boot::runCodeIgniter(Object(CodeIgniter\CodeIgniter))
 7 FCPATH\index.php(59): CodeIgniter\Boot::bootWeb(Object(Config\Paths))
CRITICAL - 2026-07-04 02:58:01 --> Error: Call to undefined method CodeIgniter\Database\MySQLi\Builder::first()
[Method: POST, Route: detailanggota/cekKK]
in APPPATH\Models\KeluargaModel.php on line 62.
 1 APPPATH\Controllers\DetailAnggota.php(53): App\Models\KeluargaModel->cekKKbyId('1111111111110008')
 2 SYSTEMPATH\CodeIgniter.php(951): App\Controllers\DetailAnggota->cekKK()
 3 SYSTEMPATH\CodeIgniter.php(497): CodeIgniter\CodeIgniter->runController(Object(App\Controllers\DetailAnggota))
 4 SYSTEMPATH\CodeIgniter.php(340): CodeIgniter\CodeIgniter->handleRequest(null, Object(Config\Cache), false)
 5 SYSTEMPATH\Boot.php(417): CodeIgniter\CodeIgniter->run()
 6 SYSTEMPATH\Boot.php(68): CodeIgniter\Boot::runCodeIgniter(Object(CodeIgniter\CodeIgniter))
 7 FCPATH\index.php(59): CodeIgniter\Boot::bootWeb(Object(Config\Paths))
CRITICAL - 2026-07-04 02:58:33 --> Error: Call to undefined method CodeIgniter\Database\MySQLi\Builder::first()
[Method: POST, Route: detailanggota/cekKK]
in APPPATH\Models\KeluargaModel.php on line 62.
 1 APPPATH\Controllers\DetailAnggota.php(53): App\Models\KeluargaModel->cekKKbyId('1111111111110008')
 2 SYSTEMPATH\CodeIgniter.php(951): App\Controllers\DetailAnggota->cekKK()
 3 SYSTEMPATH\CodeIgniter.php(497): CodeIgniter\CodeIgniter->runController(Object(App\Controllers\DetailAnggota))
 4 SYSTEMPATH\CodeIgniter.php(340): CodeIgniter\CodeIgniter->handleRequest(null, Object(Config\Cache), false)
 5 SYSTEMPATH\Boot.php(417): CodeIgniter\CodeIgniter->run()
 6 SYSTEMPATH\Boot.php(68): CodeIgniter\Boot::runCodeIgniter(Object(CodeIgniter\CodeIgniter))
 7 FCPATH\index.php(59): CodeIgniter\Boot::bootWeb(Object(Config\Paths))
CRITICAL - 2026-07-04 03:00:14 --> ErrorException: Undefined variable $keluargaModel
[Method: POST, Route: detailanggota/cekKK]
in APPPATH\Controllers\DetailAnggota.php on line 71.
 1 APPPATH\Controllers\DetailAnggota.php(71): CodeIgniter\Debug\Exceptions->errorHandler(2, 'Undefined variable $keluargaModel', 'C:\\laragon\\www\\program_bltd\\app\\Controllers\\DetailAnggota.php', 71)
 2 SYSTEMPATH\CodeIgniter.php(951): App\Controllers\DetailAnggota->cekKK()
 3 SYSTEMPATH\CodeIgniter.php(497): CodeIgniter\CodeIgniter->runController(Object(App\Controllers\DetailAnggota))
 4 SYSTEMPATH\CodeIgniter.php(340): CodeIgniter\CodeIgniter->handleRequest(null, Object(Config\Cache), false)
 5 SYSTEMPATH\Boot.php(417): CodeIgniter\CodeIgniter->run()
 6 SYSTEMPATH\Boot.php(68): CodeIgniter\Boot::runCodeIgniter(Object(CodeIgniter\CodeIgniter))
 7 FCPATH\index.php(59): CodeIgniter\Boot::bootWeb(Object(Config\Paths))
ERROR - 2026-07-04 03:01:37 --> You have an error in your SQL syntax; check the manual that corresponds to your MySQL server version for the right syntax to use near '`
JOIN `dusun` ON `dusun`.`id_dusun` = `keluarga`.`id_dusun`
JOIN `rw` ON `rw`.`' at line 3
in SYSTEMPATH\Database\MySQLi\Connection.php on line 300.
 1 SYSTEMPATH\Database\MySQLi\Connection.php(300): mysqli->query('SELECT `keluarga`.`no_kk`, `keluarga`.`alamat`, `dusun`.`nama_dusun`, `rw`.`nama_rw`, `rt`.`nama_rt`, `keluarga`.`jumlah_anggota`, `penduduk`.`nama` AS `kepala_keluarga`
FROM `keluarga`
JOIN `penduduk` ON `penduduk`.`no_kk` = `keluarga`.`no_kk` AND `penduduk`.`hubungan_keluarga`="Kepala `Keluarga"`
JOIN `dusun` ON `dusun`.`id_dusun` = `keluarga`.`id_dusun`
JOIN `rw` ON `rw`.`id_rw` = `keluarga`.`id_rw`
JOIN `rt` ON `rt`.`id_rt` = `keluarga`.`id_rt`
WHERE `keluarga`.`no_kk` = \'1111111111110008\'
 LIMIT 1', 0)
 2 SYSTEMPATH\Database\BaseConnection.php(910): CodeIgniter\Database\MySQLi\Connection->execute('SELECT `keluarga`.`no_kk`, `keluarga`.`alamat`, `dusun`.`nama_dusun`, `rw`.`nama_rw`, `rt`.`nama_rt`, `keluarga`.`jumlah_anggota`, `penduduk`.`nama` AS `kepala_keluarga`
FROM `keluarga`
JOIN `penduduk` ON `penduduk`.`no_kk` = `keluarga`.`no_kk` AND `penduduk`.`hubungan_keluarga`="Kepala `Keluarga"`
JOIN `dusun` ON `dusun`.`id_dusun` = `keluarga`.`id_dusun`
JOIN `rw` ON `rw`.`id_rw` = `keluarga`.`id_rw`
JOIN `rt` ON `rt`.`id_rt` = `keluarga`.`id_rt`
WHERE `keluarga`.`no_kk` = \'1111111111110008\'
 LIMIT 1')
 3 SYSTEMPATH\Database\BaseConnection.php(827): CodeIgniter\Database\BaseConnection->simpleQuery('SELECT `keluarga`.`no_kk`, `keluarga`.`alamat`, `dusun`.`nama_dusun`, `rw`.`nama_rw`, `rt`.`nama_rt`, `keluarga`.`jumlah_anggota`, `penduduk`.`nama` AS `kepala_keluarga`
FROM `keluarga`
JOIN `penduduk` ON `penduduk`.`no_kk` = `keluarga`.`no_kk` AND `penduduk`.`hubungan_keluarga`="Kepala `Keluarga"`
JOIN `dusun` ON `dusun`.`id_dusun` = `keluarga`.`id_dusun`
JOIN `rw` ON `rw`.`id_rw` = `keluarga`.`id_rw`
JOIN `rt` ON `rt`.`id_rt` = `keluarga`.`id_rt`
WHERE `keluarga`.`no_kk` = \'1111111111110008\'
 LIMIT 1')
 4 SYSTEMPATH\Database\BaseBuilder.php(1649): CodeIgniter\Database\BaseConnection->query('SELECT `keluarga`.`no_kk`, `keluarga`.`alamat`, `dusun`.`nama_dusun`, `rw`.`nama_rw`, `rt`.`nama_rt`, `keluarga`.`jumlah_anggota`, `penduduk`.`nama` AS `kepala_keluarga`
FROM `keluarga`
JOIN `penduduk` ON `penduduk`.`no_kk` = `keluarga`.`no_kk` AND `penduduk`.`hubungan_keluarga`="Kepala `Keluarga"`
JOIN `dusun` ON `dusun`.`id_dusun` = `keluarga`.`id_dusun`
JOIN `rw` ON `rw`.`id_rw` = `keluarga`.`id_rw`
JOIN `rt` ON `rt`.`id_rt` = `keluarga`.`id_rt`
WHERE `keluarga`.`no_kk` = :keluarga.no_kk:
 LIMIT 1', [...], false)
 5 SYSTEMPATH\Model.php(295): CodeIgniter\Database\BaseBuilder->get()
 6 SYSTEMPATH\BaseModel.php(714): CodeIgniter\Model->doFirst()
 7 APPPATH\Controllers\DetailAnggota.php(89): CodeIgniter\BaseModel->first()
 8 SYSTEMPATH\CodeIgniter.php(951): App\Controllers\DetailAnggota->cekKK()
 9 SYSTEMPATH\CodeIgniter.php(497): CodeIgniter\CodeIgniter->runController(Object(App\Controllers\DetailAnggota))
10 SYSTEMPATH\CodeIgniter.php(340): CodeIgniter\CodeIgniter->handleRequest(null, Object(Config\Cache), false)
11 SYSTEMPATH\Boot.php(417): CodeIgniter\CodeIgniter->run()
12 SYSTEMPATH\Boot.php(68): CodeIgniter\Boot::runCodeIgniter(Object(CodeIgniter\CodeIgniter))
13 FCPATH\index.php(59): CodeIgniter\Boot::bootWeb(Object(Config\Paths))
CRITICAL - 2026-07-04 03:01:37 --> CodeIgniter\Database\Exceptions\DatabaseException: You have an error in your SQL syntax; check the manual that corresponds to your MySQL server version for the right syntax to use near '`
JOIN `dusun` ON `dusun`.`id_dusun` = `keluarga`.`id_dusun`
JOIN `rw` ON `rw`.`' at line 3
[Method: POST, Route: detailanggota/cekKK]
in SYSTEMPATH\Database\BaseConnection.php on line 865.
 1 SYSTEMPATH\Database\BaseBuilder.php(1649): CodeIgniter\Database\BaseConnection->query('SELECT `keluarga`.`no_kk`, `keluarga`.`alamat`, `dusun`.`nama_dusun`, `rw`.`nama_rw`, `rt`.`nama_rt`, `keluarga`.`jumlah_anggota`, `penduduk`.`nama` AS `kepala_keluarga`
FROM `keluarga`
JOIN `penduduk` ON `penduduk`.`no_kk` = `keluarga`.`no_kk` AND `penduduk`.`hubungan_keluarga`="Kepala `Keluarga"`
JOIN `dusun` ON `dusun`.`id_dusun` = `keluarga`.`id_dusun`
JOIN `rw` ON `rw`.`id_rw` = `keluarga`.`id_rw`
JOIN `rt` ON `rt`.`id_rt` = `keluarga`.`id_rt`
WHERE `keluarga`.`no_kk` = :keluarga.no_kk:
 LIMIT 1', [...], false)
 2 SYSTEMPATH\Model.php(295): CodeIgniter\Database\BaseBuilder->get()
 3 SYSTEMPATH\BaseModel.php(714): CodeIgniter\Model->doFirst()
 4 APPPATH\Controllers\DetailAnggota.php(89): CodeIgniter\BaseModel->first()
 5 SYSTEMPATH\CodeIgniter.php(951): App\Controllers\DetailAnggota->cekKK()
 6 SYSTEMPATH\CodeIgniter.php(497): CodeIgniter\CodeIgniter->runController(Object(App\Controllers\DetailAnggota))
 7 SYSTEMPATH\CodeIgniter.php(340): CodeIgniter\CodeIgniter->handleRequest(null, Object(Config\Cache), false)
 8 SYSTEMPATH\Boot.php(417): CodeIgniter\CodeIgniter->run()
 9 SYSTEMPATH\Boot.php(68): CodeIgniter\Boot::runCodeIgniter(Object(CodeIgniter\CodeIgniter))
10 FCPATH\index.php(59): CodeIgniter\Boot::bootWeb(Object(Config\Paths))
CRITICAL - 2026-07-04 03:01:37 --> [Caused by] CodeIgniter\Database\Exceptions\DatabaseException: You have an error in your SQL syntax; check the manual that corresponds to your MySQL server version for the right syntax to use near '`
JOIN `dusun` ON `dusun`.`id_dusun` = `keluarga`.`id_dusun`
JOIN `rw` ON `rw`.`' at line 3
in SYSTEMPATH\Database\MySQLi\Connection.php on line 310.
 1 SYSTEMPATH\Database\BaseConnection.php(910): CodeIgniter\Database\MySQLi\Connection->execute('SELECT `keluarga`.`no_kk`, `keluarga`.`alamat`, `dusun`.`nama_dusun`, `rw`.`nama_rw`, `rt`.`nama_rt`, `keluarga`.`jumlah_anggota`, `penduduk`.`nama` AS `kepala_keluarga`
FROM `keluarga`
JOIN `penduduk` ON `penduduk`.`no_kk` = `keluarga`.`no_kk` AND `penduduk`.`hubungan_keluarga`="Kepala `Keluarga"`
JOIN `dusun` ON `dusun`.`id_dusun` = `keluarga`.`id_dusun`
JOIN `rw` ON `rw`.`id_rw` = `keluarga`.`id_rw`
JOIN `rt` ON `rt`.`id_rt` = `keluarga`.`id_rt`
WHERE `keluarga`.`no_kk` = \'1111111111110008\'
 LIMIT 1')
 2 SYSTEMPATH\Database\BaseConnection.php(827): CodeIgniter\Database\BaseConnection->simpleQuery('SELECT `keluarga`.`no_kk`, `keluarga`.`alamat`, `dusun`.`nama_dusun`, `rw`.`nama_rw`, `rt`.`nama_rt`, `keluarga`.`jumlah_anggota`, `penduduk`.`nama` AS `kepala_keluarga`
FROM `keluarga`
JOIN `penduduk` ON `penduduk`.`no_kk` = `keluarga`.`no_kk` AND `penduduk`.`hubungan_keluarga`="Kepala `Keluarga"`
JOIN `dusun` ON `dusun`.`id_dusun` = `keluarga`.`id_dusun`
JOIN `rw` ON `rw`.`id_rw` = `keluarga`.`id_rw`
JOIN `rt` ON `rt`.`id_rt` = `keluarga`.`id_rt`
WHERE `keluarga`.`no_kk` = \'1111111111110008\'
 LIMIT 1')
 3 SYSTEMPATH\Database\BaseBuilder.php(1649): CodeIgniter\Database\BaseConnection->query('SELECT `keluarga`.`no_kk`, `keluarga`.`alamat`, `dusun`.`nama_dusun`, `rw`.`nama_rw`, `rt`.`nama_rt`, `keluarga`.`jumlah_anggota`, `penduduk`.`nama` AS `kepala_keluarga`
FROM `keluarga`
JOIN `penduduk` ON `penduduk`.`no_kk` = `keluarga`.`no_kk` AND `penduduk`.`hubungan_keluarga`="Kepala `Keluarga"`
JOIN `dusun` ON `dusun`.`id_dusun` = `keluarga`.`id_dusun`
JOIN `rw` ON `rw`.`id_rw` = `keluarga`.`id_rw`
JOIN `rt` ON `rt`.`id_rt` = `keluarga`.`id_rt`
WHERE `keluarga`.`no_kk` = :keluarga.no_kk:
 LIMIT 1', [...], false)
 4 SYSTEMPATH\Model.php(295): CodeIgniter\Database\BaseBuilder->get()
 5 SYSTEMPATH\BaseModel.php(714): CodeIgniter\Model->doFirst()
 6 APPPATH\Controllers\DetailAnggota.php(89): CodeIgniter\BaseModel->first()
 7 SYSTEMPATH\CodeIgniter.php(951): App\Controllers\DetailAnggota->cekKK()
 8 SYSTEMPATH\CodeIgniter.php(497): CodeIgniter\CodeIgniter->runController(Object(App\Controllers\DetailAnggota))
 9 SYSTEMPATH\CodeIgniter.php(340): CodeIgniter\CodeIgniter->handleRequest(null, Object(Config\Cache), false)
10 SYSTEMPATH\Boot.php(417): CodeIgniter\CodeIgniter->run()
11 SYSTEMPATH\Boot.php(68): CodeIgniter\Boot::runCodeIgniter(Object(CodeIgniter\CodeIgniter))
12 FCPATH\index.php(59): CodeIgniter\Boot::bootWeb(Object(Config\Paths))
CRITICAL - 2026-07-04 03:01:37 --> [Caused by] mysqli_sql_exception: You have an error in your SQL syntax; check the manual that corresponds to your MySQL server version for the right syntax to use near '`
JOIN `dusun` ON `dusun`.`id_dusun` = `keluarga`.`id_dusun`
JOIN `rw` ON `rw`.`' at line 3
in SYSTEMPATH\Database\MySQLi\Connection.php on line 300.
 1 SYSTEMPATH\Database\MySQLi\Connection.php(300): mysqli->query('SELECT `keluarga`.`no_kk`, `keluarga`.`alamat`, `dusun`.`nama_dusun`, `rw`.`nama_rw`, `rt`.`nama_rt`, `keluarga`.`jumlah_anggota`, `penduduk`.`nama` AS `kepala_keluarga`
FROM `keluarga`
JOIN `penduduk` ON `penduduk`.`no_kk` = `keluarga`.`no_kk` AND `penduduk`.`hubungan_keluarga`="Kepala `Keluarga"`
JOIN `dusun` ON `dusun`.`id_dusun` = `keluarga`.`id_dusun`
JOIN `rw` ON `rw`.`id_rw` = `keluarga`.`id_rw`
JOIN `rt` ON `rt`.`id_rt` = `keluarga`.`id_rt`
WHERE `keluarga`.`no_kk` = \'1111111111110008\'
 LIMIT 1', 0)
 2 SYSTEMPATH\Database\BaseConnection.php(910): CodeIgniter\Database\MySQLi\Connection->execute('SELECT `keluarga`.`no_kk`, `keluarga`.`alamat`, `dusun`.`nama_dusun`, `rw`.`nama_rw`, `rt`.`nama_rt`, `keluarga`.`jumlah_anggota`, `penduduk`.`nama` AS `kepala_keluarga`
FROM `keluarga`
JOIN `penduduk` ON `penduduk`.`no_kk` = `keluarga`.`no_kk` AND `penduduk`.`hubungan_keluarga`="Kepala `Keluarga"`
JOIN `dusun` ON `dusun`.`id_dusun` = `keluarga`.`id_dusun`
JOIN `rw` ON `rw`.`id_rw` = `keluarga`.`id_rw`
JOIN `rt` ON `rt`.`id_rt` = `keluarga`.`id_rt`
WHERE `keluarga`.`no_kk` = \'1111111111110008\'
 LIMIT 1')
 3 SYSTEMPATH\Database\BaseConnection.php(827): CodeIgniter\Database\BaseConnection->simpleQuery('SELECT `keluarga`.`no_kk`, `keluarga`.`alamat`, `dusun`.`nama_dusun`, `rw`.`nama_rw`, `rt`.`nama_rt`, `keluarga`.`jumlah_anggota`, `penduduk`.`nama` AS `kepala_keluarga`
FROM `keluarga`
JOIN `penduduk` ON `penduduk`.`no_kk` = `keluarga`.`no_kk` AND `penduduk`.`hubungan_keluarga`="Kepala `Keluarga"`
JOIN `dusun` ON `dusun`.`id_dusun` = `keluarga`.`id_dusun`
JOIN `rw` ON `rw`.`id_rw` = `keluarga`.`id_rw`
JOIN `rt` ON `rt`.`id_rt` = `keluarga`.`id_rt`
WHERE `keluarga`.`no_kk` = \'1111111111110008\'
 LIMIT 1')
 4 SYSTEMPATH\Database\BaseBuilder.php(1649): CodeIgniter\Database\BaseConnection->query('SELECT `keluarga`.`no_kk`, `keluarga`.`alamat`, `dusun`.`nama_dusun`, `rw`.`nama_rw`, `rt`.`nama_rt`, `keluarga`.`jumlah_anggota`, `penduduk`.`nama` AS `kepala_keluarga`
FROM `keluarga`
JOIN `penduduk` ON `penduduk`.`no_kk` = `keluarga`.`no_kk` AND `penduduk`.`hubungan_keluarga`="Kepala `Keluarga"`
JOIN `dusun` ON `dusun`.`id_dusun` = `keluarga`.`id_dusun`
JOIN `rw` ON `rw`.`id_rw` = `keluarga`.`id_rw`
JOIN `rt` ON `rt`.`id_rt` = `keluarga`.`id_rt`
WHERE `keluarga`.`no_kk` = :keluarga.no_kk:
 LIMIT 1', [...], false)
 5 SYSTEMPATH\Model.php(295): CodeIgniter\Database\BaseBuilder->get()
 6 SYSTEMPATH\BaseModel.php(714): CodeIgniter\Model->doFirst()
 7 APPPATH\Controllers\DetailAnggota.php(89): CodeIgniter\BaseModel->first()
 8 SYSTEMPATH\CodeIgniter.php(951): App\Controllers\DetailAnggota->cekKK()
 9 SYSTEMPATH\CodeIgniter.php(497): CodeIgniter\CodeIgniter->runController(Object(App\Controllers\DetailAnggota))
10 SYSTEMPATH\CodeIgniter.php(340): CodeIgniter\CodeIgniter->handleRequest(null, Object(Config\Cache), false)
11 SYSTEMPATH\Boot.php(417): CodeIgniter\CodeIgniter->run()
12 SYSTEMPATH\Boot.php(68): CodeIgniter\Boot::runCodeIgniter(Object(CodeIgniter\CodeIgniter))
13 FCPATH\index.php(59): CodeIgniter\Boot::bootWeb(Object(Config\Paths))
CRITICAL - 2026-07-04 03:02:23 --> ParseError: syntax error, unexpected token "->", expecting identifier or variable or "{" or "$"
[Method: GET, Route: detailanggota]
in APPPATH\Controllers\DetailAnggota.php on line 74.
 1 SYSTEMPATH\Autoloader\Autoloader.php(295): CodeIgniter\Autoloader\Autoloader->includeFile('C:\\laragon\\www\\program_bltd\\app\\Controllers\\DetailAnggota.php')
 2 SYSTEMPATH\Autoloader\Autoloader.php(271): CodeIgniter\Autoloader\Autoloader->loadInNamespace('App\\Controllers\\DetailAnggota')
 3 [internal function]: CodeIgniter\Autoloader\Autoloader->loadClass('App\\Controllers\\DetailAnggota')
 4 SYSTEMPATH\Router\Router.php(792): class_exists('\\App\\Controllers\\DetailAnggota')
 5 SYSTEMPATH\Router\Router.php(230): CodeIgniter\Router\Router->processRouteAttributes()
 6 SYSTEMPATH\CodeIgniter.php(829): CodeIgniter\Router\Router->handle('detailanggota')
 7 SYSTEMPATH\CodeIgniter.php(441): CodeIgniter\CodeIgniter->tryToRouteIt(Object(CodeIgniter\Router\RouteCollection))
 8 SYSTEMPATH\CodeIgniter.php(340): CodeIgniter\CodeIgniter->handleRequest(null, Object(Config\Cache), false)
 9 SYSTEMPATH\Boot.php(417): CodeIgniter\CodeIgniter->run()
10 SYSTEMPATH\Boot.php(68): CodeIgniter\Boot::runCodeIgniter(Object(CodeIgniter\CodeIgniter))
11 FCPATH\index.php(59): CodeIgniter\Boot::bootWeb(Object(Config\Paths))
CRITICAL - 2026-07-04 03:02:41 --> Error: Call to undefined method CodeIgniter\Database\MySQLi\Builder::first()
[Method: POST, Route: detailanggota/cekKK]
in APPPATH\Models\KeluargaModel.php on line 62.
 1 APPPATH\Controllers\DetailAnggota.php(74): App\Models\KeluargaModel->cekKKbyId('1111111111110008')
 2 SYSTEMPATH\CodeIgniter.php(951): App\Controllers\DetailAnggota->cekKK()
 3 SYSTEMPATH\CodeIgniter.php(497): CodeIgniter\CodeIgniter->runController(Object(App\Controllers\DetailAnggota))
 4 SYSTEMPATH\CodeIgniter.php(340): CodeIgniter\CodeIgniter->handleRequest(null, Object(Config\Cache), false)
 5 SYSTEMPATH\Boot.php(417): CodeIgniter\CodeIgniter->run()
 6 SYSTEMPATH\Boot.php(68): CodeIgniter\Boot::runCodeIgniter(Object(CodeIgniter\CodeIgniter))
 7 FCPATH\index.php(59): CodeIgniter\Boot::bootWeb(Object(Config\Paths))
CRITICAL - 2026-07-04 03:03:10 --> ErrorException: Undefined variable $keluargaModel
[Method: POST, Route: detailanggota/cekKK]
in APPPATH\Controllers\DetailAnggota.php on line 73.
 1 APPPATH\Controllers\DetailAnggota.php(73): CodeIgniter\Debug\Exceptions->errorHandler(2, 'Undefined variable $keluargaModel', 'C:\\laragon\\www\\program_bltd\\app\\Controllers\\DetailAnggota.php', 73)
 2 SYSTEMPATH\CodeIgniter.php(951): App\Controllers\DetailAnggota->cekKK()
 3 SYSTEMPATH\CodeIgniter.php(497): CodeIgniter\CodeIgniter->runController(Object(App\Controllers\DetailAnggota))
 4 SYSTEMPATH\CodeIgniter.php(340): CodeIgniter\CodeIgniter->handleRequest(null, Object(Config\Cache), false)
 5 SYSTEMPATH\Boot.php(417): CodeIgniter\CodeIgniter->run()
 6 SYSTEMPATH\Boot.php(68): CodeIgniter\Boot::runCodeIgniter(Object(CodeIgniter\CodeIgniter))
 7 FCPATH\index.php(59): CodeIgniter\Boot::bootWeb(Object(Config\Paths))
CRITICAL - 2026-07-04 03:03:50 --> ErrorException: Undefined variable $keluargaModel
[Method: POST, Route: detailanggota/cekKK]
in APPPATH\Controllers\DetailAnggota.php on line 73.
 1 APPPATH\Controllers\DetailAnggota.php(73): CodeIgniter\Debug\Exceptions->errorHandler(2, 'Undefined variable $keluargaModel', 'C:\\laragon\\www\\program_bltd\\app\\Controllers\\DetailAnggota.php', 73)
 2 SYSTEMPATH\CodeIgniter.php(951): App\Controllers\DetailAnggota->cekKK()
 3 SYSTEMPATH\CodeIgniter.php(497): CodeIgniter\CodeIgniter->runController(Object(App\Controllers\DetailAnggota))
 4 SYSTEMPATH\CodeIgniter.php(340): CodeIgniter\CodeIgniter->handleRequest(null, Object(Config\Cache), false)
 5 SYSTEMPATH\Boot.php(417): CodeIgniter\CodeIgniter->run()
 6 SYSTEMPATH\Boot.php(68): CodeIgniter\Boot::runCodeIgniter(Object(CodeIgniter\CodeIgniter))
 7 FCPATH\index.php(59): CodeIgniter\Boot::bootWeb(Object(Config\Paths))
CRITICAL - 2026-07-04 03:04:09 --> Error: Call to undefined method CodeIgniter\Database\MySQLi\Builder::first()
[Method: POST, Route: detailanggota/cekKK]
in APPPATH\Models\KeluargaModel.php on line 62.
 1 APPPATH\Controllers\DetailAnggota.php(73): App\Models\KeluargaModel->cekKKbyId('1111111111110008')
 2 SYSTEMPATH\CodeIgniter.php(951): App\Controllers\DetailAnggota->cekKK()
 3 SYSTEMPATH\CodeIgniter.php(497): CodeIgniter\CodeIgniter->runController(Object(App\Controllers\DetailAnggota))
 4 SYSTEMPATH\CodeIgniter.php(340): CodeIgniter\CodeIgniter->handleRequest(null, Object(Config\Cache), false)
 5 SYSTEMPATH\Boot.php(417): CodeIgniter\CodeIgniter->run()
 6 SYSTEMPATH\Boot.php(68): CodeIgniter\Boot::runCodeIgniter(Object(CodeIgniter\CodeIgniter))
 7 FCPATH\index.php(59): CodeIgniter\Boot::bootWeb(Object(Config\Paths))
CRITICAL - 2026-07-04 03:04:31 --> ParseError: syntax error, unexpected token "return", expecting "function"
[Method: GET, Route: detailanggota]
in APPPATH\Controllers\DetailAnggota.php on line 69.
 1 SYSTEMPATH\Autoloader\Autoloader.php(295): CodeIgniter\Autoloader\Autoloader->includeFile('C:\\laragon\\www\\program_bltd\\app\\Controllers\\DetailAnggota.php')
 2 SYSTEMPATH\Autoloader\Autoloader.php(271): CodeIgniter\Autoloader\Autoloader->loadInNamespace('App\\Controllers\\DetailAnggota')
 3 [internal function]: CodeIgniter\Autoloader\Autoloader->loadClass('App\\Controllers\\DetailAnggota')
 4 SYSTEMPATH\Router\Router.php(792): class_exists('\\App\\Controllers\\DetailAnggota')
 5 SYSTEMPATH\Router\Router.php(230): CodeIgniter\Router\Router->processRouteAttributes()
 6 SYSTEMPATH\CodeIgniter.php(829): CodeIgniter\Router\Router->handle('detailanggota')
 7 SYSTEMPATH\CodeIgniter.php(441): CodeIgniter\CodeIgniter->tryToRouteIt(Object(CodeIgniter\Router\RouteCollection))
 8 SYSTEMPATH\CodeIgniter.php(340): CodeIgniter\CodeIgniter->handleRequest(null, Object(Config\Cache), false)
 9 SYSTEMPATH\Boot.php(417): CodeIgniter\CodeIgniter->run()
10 SYSTEMPATH\Boot.php(68): CodeIgniter\Boot::runCodeIgniter(Object(CodeIgniter\CodeIgniter))
11 FCPATH\index.php(59): CodeIgniter\Boot::bootWeb(Object(Config\Paths))
CRITICAL - 2026-07-04 03:04:59 --> Error: Call to undefined method CodeIgniter\Database\MySQLi\Builder::first()
[Method: POST, Route: detailanggota/cekKK]
in APPPATH\Models\KeluargaModel.php on line 62.
 1 APPPATH\Controllers\DetailAnggota.php(54): App\Models\KeluargaModel->cekKKbyId('1111111111110008')
 2 SYSTEMPATH\CodeIgniter.php(951): App\Controllers\DetailAnggota->cekKK()
 3 SYSTEMPATH\CodeIgniter.php(497): CodeIgniter\CodeIgniter->runController(Object(App\Controllers\DetailAnggota))
 4 SYSTEMPATH\CodeIgniter.php(340): CodeIgniter\CodeIgniter->handleRequest(null, Object(Config\Cache), false)
 5 SYSTEMPATH\Boot.php(417): CodeIgniter\CodeIgniter->run()
 6 SYSTEMPATH\Boot.php(68): CodeIgniter\Boot::runCodeIgniter(Object(CodeIgniter\CodeIgniter))
 7 FCPATH\index.php(59): CodeIgniter\Boot::bootWeb(Object(Config\Paths))
CRITICAL - 2026-07-04 03:08:45 --> Error: Call to undefined method CodeIgniter\Database\MySQLi\Builder::first()
[Method: POST, Route: detailanggota/cekKK]
in APPPATH\Models\KeluargaModel.php on line 69.
 1 APPPATH\Controllers\DetailAnggota.php(54): App\Models\KeluargaModel->cekKKbyId('1111111111110008')
 2 SYSTEMPATH\CodeIgniter.php(951): App\Controllers\DetailAnggota->cekKK()
 3 SYSTEMPATH\CodeIgniter.php(497): CodeIgniter\CodeIgniter->runController(Object(App\Controllers\DetailAnggota))
 4 SYSTEMPATH\CodeIgniter.php(340): CodeIgniter\CodeIgniter->handleRequest(null, Object(Config\Cache), false)
 5 SYSTEMPATH\Boot.php(417): CodeIgniter\CodeIgniter->run()
 6 SYSTEMPATH\Boot.php(68): CodeIgniter\Boot::runCodeIgniter(Object(CodeIgniter\CodeIgniter))
 7 FCPATH\index.php(59): CodeIgniter\Boot::bootWeb(Object(Config\Paths))
ERROR - 2026-07-04 03:11:07 --> You have an error in your SQL syntax; check the manual that corresponds to your MySQL server version for the right syntax to use near '`
JOIN `dusun` ON `dusun`.`id_dusun` = `keluarga`.`id_dusun`
JOIN `rw` ON `rw`.`' at line 3
in SYSTEMPATH\Database\MySQLi\Connection.php on line 300.
 1 SYSTEMPATH\Database\MySQLi\Connection.php(300): mysqli->query('SELECT `keluarga`.`no_kk`, `keluarga`.`alamat`, `dusun`.`nama_dusun`, `rw`.`nama_rw`, `rt`.`nama_rt`, `keluarga`.`jumlah_anggota`, `penduduk`.`nama` AS `kepala_keluarga`
FROM `keluarga`
JOIN `penduduk` ON `penduduk`.`no_kk` = `keluarga`.`no_kk` AND `penduduk`.`hubungan_keluarga` = "Kepala `Keluarga"`
JOIN `dusun` ON `dusun`.`id_dusun` = `keluarga`.`id_dusun`
JOIN `rw` ON `rw`.`id_rw` = `keluarga`.`id_rw`
JOIN `rt` ON `rt`.`id_rt` = `keluarga`.`id_rt`
WHERE `keluarga`.`no_kk` = \'1111111111110008\'', 0)
 2 SYSTEMPATH\Database\BaseConnection.php(910): CodeIgniter\Database\MySQLi\Connection->execute('SELECT `keluarga`.`no_kk`, `keluarga`.`alamat`, `dusun`.`nama_dusun`, `rw`.`nama_rw`, `rt`.`nama_rt`, `keluarga`.`jumlah_anggota`, `penduduk`.`nama` AS `kepala_keluarga`
FROM `keluarga`
JOIN `penduduk` ON `penduduk`.`no_kk` = `keluarga`.`no_kk` AND `penduduk`.`hubungan_keluarga` = "Kepala `Keluarga"`
JOIN `dusun` ON `dusun`.`id_dusun` = `keluarga`.`id_dusun`
JOIN `rw` ON `rw`.`id_rw` = `keluarga`.`id_rw`
JOIN `rt` ON `rt`.`id_rt` = `keluarga`.`id_rt`
WHERE `keluarga`.`no_kk` = \'1111111111110008\'')
 3 SYSTEMPATH\Database\BaseConnection.php(827): CodeIgniter\Database\BaseConnection->simpleQuery('SELECT `keluarga`.`no_kk`, `keluarga`.`alamat`, `dusun`.`nama_dusun`, `rw`.`nama_rw`, `rt`.`nama_rt`, `keluarga`.`jumlah_anggota`, `penduduk`.`nama` AS `kepala_keluarga`
FROM `keluarga`
JOIN `penduduk` ON `penduduk`.`no_kk` = `keluarga`.`no_kk` AND `penduduk`.`hubungan_keluarga` = "Kepala `Keluarga"`
JOIN `dusun` ON `dusun`.`id_dusun` = `keluarga`.`id_dusun`
JOIN `rw` ON `rw`.`id_rw` = `keluarga`.`id_rw`
JOIN `rt` ON `rt`.`id_rt` = `keluarga`.`id_rt`
WHERE `keluarga`.`no_kk` = \'1111111111110008\'')
 4 SYSTEMPATH\Database\BaseBuilder.php(1649): CodeIgniter\Database\BaseConnection->query('SELECT `keluarga`.`no_kk`, `keluarga`.`alamat`, `dusun`.`nama_dusun`, `rw`.`nama_rw`, `rt`.`nama_rt`, `keluarga`.`jumlah_anggota`, `penduduk`.`nama` AS `kepala_keluarga`
FROM `keluarga`
JOIN `penduduk` ON `penduduk`.`no_kk` = `keluarga`.`no_kk` AND `penduduk`.`hubungan_keluarga` = "Kepala `Keluarga"`
JOIN `dusun` ON `dusun`.`id_dusun` = `keluarga`.`id_dusun`
JOIN `rw` ON `rw`.`id_rw` = `keluarga`.`id_rw`
JOIN `rt` ON `rt`.`id_rt` = `keluarga`.`id_rt`
WHERE `keluarga`.`no_kk` = :keluarga.no_kk:', [...], false)
 5 APPPATH\Models\KeluargaModel.php(69): CodeIgniter\Database\BaseBuilder->get()
 6 APPPATH\Controllers\DetailAnggota.php(54): App\Models\KeluargaModel->cekKKbyId('1111111111110008')
 7 SYSTEMPATH\CodeIgniter.php(951): App\Controllers\DetailAnggota->cekKK()
 8 SYSTEMPATH\CodeIgniter.php(497): CodeIgniter\CodeIgniter->runController(Object(App\Controllers\DetailAnggota))
 9 SYSTEMPATH\CodeIgniter.php(340): CodeIgniter\CodeIgniter->handleRequest(null, Object(Config\Cache), false)
10 SYSTEMPATH\Boot.php(417): CodeIgniter\CodeIgniter->run()
11 SYSTEMPATH\Boot.php(68): CodeIgniter\Boot::runCodeIgniter(Object(CodeIgniter\CodeIgniter))
12 FCPATH\index.php(59): CodeIgniter\Boot::bootWeb(Object(Config\Paths))
CRITICAL - 2026-07-04 03:11:07 --> CodeIgniter\Database\Exceptions\DatabaseException: You have an error in your SQL syntax; check the manual that corresponds to your MySQL server version for the right syntax to use near '`
JOIN `dusun` ON `dusun`.`id_dusun` = `keluarga`.`id_dusun`
JOIN `rw` ON `rw`.`' at line 3
[Method: POST, Route: detailanggota/cekKK]
in SYSTEMPATH\Database\BaseConnection.php on line 865.
 1 SYSTEMPATH\Database\BaseBuilder.php(1649): CodeIgniter\Database\BaseConnection->query('SELECT `keluarga`.`no_kk`, `keluarga`.`alamat`, `dusun`.`nama_dusun`, `rw`.`nama_rw`, `rt`.`nama_rt`, `keluarga`.`jumlah_anggota`, `penduduk`.`nama` AS `kepala_keluarga`
FROM `keluarga`
JOIN `penduduk` ON `penduduk`.`no_kk` = `keluarga`.`no_kk` AND `penduduk`.`hubungan_keluarga` = "Kepala `Keluarga"`
JOIN `dusun` ON `dusun`.`id_dusun` = `keluarga`.`id_dusun`
JOIN `rw` ON `rw`.`id_rw` = `keluarga`.`id_rw`
JOIN `rt` ON `rt`.`id_rt` = `keluarga`.`id_rt`
WHERE `keluarga`.`no_kk` = :keluarga.no_kk:', [...], false)
 2 APPPATH\Models\KeluargaModel.php(69): CodeIgniter\Database\BaseBuilder->get()
 3 APPPATH\Controllers\DetailAnggota.php(54): App\Models\KeluargaModel->cekKKbyId('1111111111110008')
 4 SYSTEMPATH\CodeIgniter.php(951): App\Controllers\DetailAnggota->cekKK()
 5 SYSTEMPATH\CodeIgniter.php(497): CodeIgniter\CodeIgniter->runController(Object(App\Controllers\DetailAnggota))
 6 SYSTEMPATH\CodeIgniter.php(340): CodeIgniter\CodeIgniter->handleRequest(null, Object(Config\Cache), false)
 7 SYSTEMPATH\Boot.php(417): CodeIgniter\CodeIgniter->run()
 8 SYSTEMPATH\Boot.php(68): CodeIgniter\Boot::runCodeIgniter(Object(CodeIgniter\CodeIgniter))
 9 FCPATH\index.php(59): CodeIgniter\Boot::bootWeb(Object(Config\Paths))
CRITICAL - 2026-07-04 03:11:07 --> [Caused by] CodeIgniter\Database\Exceptions\DatabaseException: You have an error in your SQL syntax; check the manual that corresponds to your MySQL server version for the right syntax to use near '`
JOIN `dusun` ON `dusun`.`id_dusun` = `keluarga`.`id_dusun`
JOIN `rw` ON `rw`.`' at line 3
in SYSTEMPATH\Database\MySQLi\Connection.php on line 310.
 1 SYSTEMPATH\Database\BaseConnection.php(910): CodeIgniter\Database\MySQLi\Connection->execute('SELECT `keluarga`.`no_kk`, `keluarga`.`alamat`, `dusun`.`nama_dusun`, `rw`.`nama_rw`, `rt`.`nama_rt`, `keluarga`.`jumlah_anggota`, `penduduk`.`nama` AS `kepala_keluarga`
FROM `keluarga`
JOIN `penduduk` ON `penduduk`.`no_kk` = `keluarga`.`no_kk` AND `penduduk`.`hubungan_keluarga` = "Kepala `Keluarga"`
JOIN `dusun` ON `dusun`.`id_dusun` = `keluarga`.`id_dusun`
JOIN `rw` ON `rw`.`id_rw` = `keluarga`.`id_rw`
JOIN `rt` ON `rt`.`id_rt` = `keluarga`.`id_rt`
WHERE `keluarga`.`no_kk` = \'1111111111110008\'')
 2 SYSTEMPATH\Database\BaseConnection.php(827): CodeIgniter\Database\BaseConnection->simpleQuery('SELECT `keluarga`.`no_kk`, `keluarga`.`alamat`, `dusun`.`nama_dusun`, `rw`.`nama_rw`, `rt`.`nama_rt`, `keluarga`.`jumlah_anggota`, `penduduk`.`nama` AS `kepala_keluarga`
FROM `keluarga`
JOIN `penduduk` ON `penduduk`.`no_kk` = `keluarga`.`no_kk` AND `penduduk`.`hubungan_keluarga` = "Kepala `Keluarga"`
JOIN `dusun` ON `dusun`.`id_dusun` = `keluarga`.`id_dusun`
JOIN `rw` ON `rw`.`id_rw` = `keluarga`.`id_rw`
JOIN `rt` ON `rt`.`id_rt` = `keluarga`.`id_rt`
WHERE `keluarga`.`no_kk` = \'1111111111110008\'')
 3 SYSTEMPATH\Database\BaseBuilder.php(1649): CodeIgniter\Database\BaseConnection->query('SELECT `keluarga`.`no_kk`, `keluarga`.`alamat`, `dusun`.`nama_dusun`, `rw`.`nama_rw`, `rt`.`nama_rt`, `keluarga`.`jumlah_anggota`, `penduduk`.`nama` AS `kepala_keluarga`
FROM `keluarga`
JOIN `penduduk` ON `penduduk`.`no_kk` = `keluarga`.`no_kk` AND `penduduk`.`hubungan_keluarga` = "Kepala `Keluarga"`
JOIN `dusun` ON `dusun`.`id_dusun` = `keluarga`.`id_dusun`
JOIN `rw` ON `rw`.`id_rw` = `keluarga`.`id_rw`
JOIN `rt` ON `rt`.`id_rt` = `keluarga`.`id_rt`
WHERE `keluarga`.`no_kk` = :keluarga.no_kk:', [...], false)
 4 APPPATH\Models\KeluargaModel.php(69): CodeIgniter\Database\BaseBuilder->get()
 5 APPPATH\Controllers\DetailAnggota.php(54): App\Models\KeluargaModel->cekKKbyId('1111111111110008')
 6 SYSTEMPATH\CodeIgniter.php(951): App\Controllers\DetailAnggota->cekKK()
 7 SYSTEMPATH\CodeIgniter.php(497): CodeIgniter\CodeIgniter->runController(Object(App\Controllers\DetailAnggota))
 8 SYSTEMPATH\CodeIgniter.php(340): CodeIgniter\CodeIgniter->handleRequest(null, Object(Config\Cache), false)
 9 SYSTEMPATH\Boot.php(417): CodeIgniter\CodeIgniter->run()
10 SYSTEMPATH\Boot.php(68): CodeIgniter\Boot::runCodeIgniter(Object(CodeIgniter\CodeIgniter))
11 FCPATH\index.php(59): CodeIgniter\Boot::bootWeb(Object(Config\Paths))
CRITICAL - 2026-07-04 03:11:07 --> [Caused by] mysqli_sql_exception: You have an error in your SQL syntax; check the manual that corresponds to your MySQL server version for the right syntax to use near '`
JOIN `dusun` ON `dusun`.`id_dusun` = `keluarga`.`id_dusun`
JOIN `rw` ON `rw`.`' at line 3
in SYSTEMPATH\Database\MySQLi\Connection.php on line 300.
 1 SYSTEMPATH\Database\MySQLi\Connection.php(300): mysqli->query('SELECT `keluarga`.`no_kk`, `keluarga`.`alamat`, `dusun`.`nama_dusun`, `rw`.`nama_rw`, `rt`.`nama_rt`, `keluarga`.`jumlah_anggota`, `penduduk`.`nama` AS `kepala_keluarga`
FROM `keluarga`
JOIN `penduduk` ON `penduduk`.`no_kk` = `keluarga`.`no_kk` AND `penduduk`.`hubungan_keluarga` = "Kepala `Keluarga"`
JOIN `dusun` ON `dusun`.`id_dusun` = `keluarga`.`id_dusun`
JOIN `rw` ON `rw`.`id_rw` = `keluarga`.`id_rw`
JOIN `rt` ON `rt`.`id_rt` = `keluarga`.`id_rt`
WHERE `keluarga`.`no_kk` = \'1111111111110008\'', 0)
 2 SYSTEMPATH\Database\BaseConnection.php(910): CodeIgniter\Database\MySQLi\Connection->execute('SELECT `keluarga`.`no_kk`, `keluarga`.`alamat`, `dusun`.`nama_dusun`, `rw`.`nama_rw`, `rt`.`nama_rt`, `keluarga`.`jumlah_anggota`, `penduduk`.`nama` AS `kepala_keluarga`
FROM `keluarga`
JOIN `penduduk` ON `penduduk`.`no_kk` = `keluarga`.`no_kk` AND `penduduk`.`hubungan_keluarga` = "Kepala `Keluarga"`
JOIN `dusun` ON `dusun`.`id_dusun` = `keluarga`.`id_dusun`
JOIN `rw` ON `rw`.`id_rw` = `keluarga`.`id_rw`
JOIN `rt` ON `rt`.`id_rt` = `keluarga`.`id_rt`
WHERE `keluarga`.`no_kk` = \'1111111111110008\'')
 3 SYSTEMPATH\Database\BaseConnection.php(827): CodeIgniter\Database\BaseConnection->simpleQuery('SELECT `keluarga`.`no_kk`, `keluarga`.`alamat`, `dusun`.`nama_dusun`, `rw`.`nama_rw`, `rt`.`nama_rt`, `keluarga`.`jumlah_anggota`, `penduduk`.`nama` AS `kepala_keluarga`
FROM `keluarga`
JOIN `penduduk` ON `penduduk`.`no_kk` = `keluarga`.`no_kk` AND `penduduk`.`hubungan_keluarga` = "Kepala `Keluarga"`
JOIN `dusun` ON `dusun`.`id_dusun` = `keluarga`.`id_dusun`
JOIN `rw` ON `rw`.`id_rw` = `keluarga`.`id_rw`
JOIN `rt` ON `rt`.`id_rt` = `keluarga`.`id_rt`
WHERE `keluarga`.`no_kk` = \'1111111111110008\'')
 4 SYSTEMPATH\Database\BaseBuilder.php(1649): CodeIgniter\Database\BaseConnection->query('SELECT `keluarga`.`no_kk`, `keluarga`.`alamat`, `dusun`.`nama_dusun`, `rw`.`nama_rw`, `rt`.`nama_rt`, `keluarga`.`jumlah_anggota`, `penduduk`.`nama` AS `kepala_keluarga`
FROM `keluarga`
JOIN `penduduk` ON `penduduk`.`no_kk` = `keluarga`.`no_kk` AND `penduduk`.`hubungan_keluarga` = "Kepala `Keluarga"`
JOIN `dusun` ON `dusun`.`id_dusun` = `keluarga`.`id_dusun`
JOIN `rw` ON `rw`.`id_rw` = `keluarga`.`id_rw`
JOIN `rt` ON `rt`.`id_rt` = `keluarga`.`id_rt`
WHERE `keluarga`.`no_kk` = :keluarga.no_kk:', [...], false)
 5 APPPATH\Models\KeluargaModel.php(69): CodeIgniter\Database\BaseBuilder->get()
 6 APPPATH\Controllers\DetailAnggota.php(54): App\Models\KeluargaModel->cekKKbyId('1111111111110008')
 7 SYSTEMPATH\CodeIgniter.php(951): App\Controllers\DetailAnggota->cekKK()
 8 SYSTEMPATH\CodeIgniter.php(497): CodeIgniter\CodeIgniter->runController(Object(App\Controllers\DetailAnggota))
 9 SYSTEMPATH\CodeIgniter.php(340): CodeIgniter\CodeIgniter->handleRequest(null, Object(Config\Cache), false)
10 SYSTEMPATH\Boot.php(417): CodeIgniter\CodeIgniter->run()
11 SYSTEMPATH\Boot.php(68): CodeIgniter\Boot::runCodeIgniter(Object(CodeIgniter\CodeIgniter))
12 FCPATH\index.php(59): CodeIgniter\Boot::bootWeb(Object(Config\Paths))
ERROR - 2026-07-04 03:11:54 --> You have an error in your SQL syntax; check the manual that corresponds to your MySQL server version for the right syntax to use near '`
JOIN `dusun` ON `dusun`.`id_dusun` = `keluarga`.`id_dusun`
JOIN `rw` ON `rw`.`' at line 3
in SYSTEMPATH\Database\MySQLi\Connection.php on line 300.
 1 SYSTEMPATH\Database\MySQLi\Connection.php(300): mysqli->query('SELECT `keluarga`.`no_kk`, `keluarga`.`alamat`, `dusun`.`nama_dusun`, `rw`.`nama_rw`, `rt`.`nama_rt`, `keluarga`.`jumlah_anggota`, `penduduk`.`nama` AS `kepala_keluarga`
FROM `keluarga`
JOIN `penduduk` ON `penduduk`.`no_kk` = `keluarga`.`no_kk` AND `penduduk`.`hubungan_keluarga` = "Kepala `Keluarga"`
JOIN `dusun` ON `dusun`.`id_dusun` = `keluarga`.`id_dusun`
JOIN `rw` ON `rw`.`id_rw` = `keluarga`.`id_rw`
JOIN `rt` ON `rt`.`id_rt` = `keluarga`.`id_rt`
WHERE `keluarga`.`no_kk` = \'1111111111110008\'', 0)
 2 SYSTEMPATH\Database\BaseConnection.php(910): CodeIgniter\Database\MySQLi\Connection->execute('SELECT `keluarga`.`no_kk`, `keluarga`.`alamat`, `dusun`.`nama_dusun`, `rw`.`nama_rw`, `rt`.`nama_rt`, `keluarga`.`jumlah_anggota`, `penduduk`.`nama` AS `kepala_keluarga`
FROM `keluarga`
JOIN `penduduk` ON `penduduk`.`no_kk` = `keluarga`.`no_kk` AND `penduduk`.`hubungan_keluarga` = "Kepala `Keluarga"`
JOIN `dusun` ON `dusun`.`id_dusun` = `keluarga`.`id_dusun`
JOIN `rw` ON `rw`.`id_rw` = `keluarga`.`id_rw`
JOIN `rt` ON `rt`.`id_rt` = `keluarga`.`id_rt`
WHERE `keluarga`.`no_kk` = \'1111111111110008\'')
 3 SYSTEMPATH\Database\BaseConnection.php(827): CodeIgniter\Database\BaseConnection->simpleQuery('SELECT `keluarga`.`no_kk`, `keluarga`.`alamat`, `dusun`.`nama_dusun`, `rw`.`nama_rw`, `rt`.`nama_rt`, `keluarga`.`jumlah_anggota`, `penduduk`.`nama` AS `kepala_keluarga`
FROM `keluarga`
JOIN `penduduk` ON `penduduk`.`no_kk` = `keluarga`.`no_kk` AND `penduduk`.`hubungan_keluarga` = "Kepala `Keluarga"`
JOIN `dusun` ON `dusun`.`id_dusun` = `keluarga`.`id_dusun`
JOIN `rw` ON `rw`.`id_rw` = `keluarga`.`id_rw`
JOIN `rt` ON `rt`.`id_rt` = `keluarga`.`id_rt`
WHERE `keluarga`.`no_kk` = \'1111111111110008\'')
 4 SYSTEMPATH\Database\BaseBuilder.php(1649): CodeIgniter\Database\BaseConnection->query('SELECT `keluarga`.`no_kk`, `keluarga`.`alamat`, `dusun`.`nama_dusun`, `rw`.`nama_rw`, `rt`.`nama_rt`, `keluarga`.`jumlah_anggota`, `penduduk`.`nama` AS `kepala_keluarga`
FROM `keluarga`
JOIN `penduduk` ON `penduduk`.`no_kk` = `keluarga`.`no_kk` AND `penduduk`.`hubungan_keluarga` = "Kepala `Keluarga"`
JOIN `dusun` ON `dusun`.`id_dusun` = `keluarga`.`id_dusun`
JOIN `rw` ON `rw`.`id_rw` = `keluarga`.`id_rw`
JOIN `rt` ON `rt`.`id_rt` = `keluarga`.`id_rt`
WHERE `keluarga`.`no_kk` = :keluarga.no_kk:', [...], false)
 5 APPPATH\Models\KeluargaModel.php(70): CodeIgniter\Database\BaseBuilder->get()
 6 APPPATH\Controllers\DetailAnggota.php(54): App\Models\KeluargaModel->cekKKbyId('1111111111110008')
 7 SYSTEMPATH\CodeIgniter.php(951): App\Controllers\DetailAnggota->cekKK()
 8 SYSTEMPATH\CodeIgniter.php(497): CodeIgniter\CodeIgniter->runController(Object(App\Controllers\DetailAnggota))
 9 SYSTEMPATH\CodeIgniter.php(340): CodeIgniter\CodeIgniter->handleRequest(null, Object(Config\Cache), false)
10 SYSTEMPATH\Boot.php(417): CodeIgniter\CodeIgniter->run()
11 SYSTEMPATH\Boot.php(68): CodeIgniter\Boot::runCodeIgniter(Object(CodeIgniter\CodeIgniter))
12 FCPATH\index.php(59): CodeIgniter\Boot::bootWeb(Object(Config\Paths))
CRITICAL - 2026-07-04 03:11:54 --> CodeIgniter\Database\Exceptions\DatabaseException: You have an error in your SQL syntax; check the manual that corresponds to your MySQL server version for the right syntax to use near '`
JOIN `dusun` ON `dusun`.`id_dusun` = `keluarga`.`id_dusun`
JOIN `rw` ON `rw`.`' at line 3
[Method: POST, Route: detailanggota/cekKK]
in SYSTEMPATH\Database\BaseConnection.php on line 865.
 1 SYSTEMPATH\Database\BaseBuilder.php(1649): CodeIgniter\Database\BaseConnection->query('SELECT `keluarga`.`no_kk`, `keluarga`.`alamat`, `dusun`.`nama_dusun`, `rw`.`nama_rw`, `rt`.`nama_rt`, `keluarga`.`jumlah_anggota`, `penduduk`.`nama` AS `kepala_keluarga`
FROM `keluarga`
JOIN `penduduk` ON `penduduk`.`no_kk` = `keluarga`.`no_kk` AND `penduduk`.`hubungan_keluarga` = "Kepala `Keluarga"`
JOIN `dusun` ON `dusun`.`id_dusun` = `keluarga`.`id_dusun`
JOIN `rw` ON `rw`.`id_rw` = `keluarga`.`id_rw`
JOIN `rt` ON `rt`.`id_rt` = `keluarga`.`id_rt`
WHERE `keluarga`.`no_kk` = :keluarga.no_kk:', [...], false)
 2 APPPATH\Models\KeluargaModel.php(70): CodeIgniter\Database\BaseBuilder->get()
 3 APPPATH\Controllers\DetailAnggota.php(54): App\Models\KeluargaModel->cekKKbyId('1111111111110008')
 4 SYSTEMPATH\CodeIgniter.php(951): App\Controllers\DetailAnggota->cekKK()
 5 SYSTEMPATH\CodeIgniter.php(497): CodeIgniter\CodeIgniter->runController(Object(App\Controllers\DetailAnggota))
 6 SYSTEMPATH\CodeIgniter.php(340): CodeIgniter\CodeIgniter->handleRequest(null, Object(Config\Cache), false)
 7 SYSTEMPATH\Boot.php(417): CodeIgniter\CodeIgniter->run()
 8 SYSTEMPATH\Boot.php(68): CodeIgniter\Boot::runCodeIgniter(Object(CodeIgniter\CodeIgniter))
 9 FCPATH\index.php(59): CodeIgniter\Boot::bootWeb(Object(Config\Paths))
CRITICAL - 2026-07-04 03:11:54 --> [Caused by] CodeIgniter\Database\Exceptions\DatabaseException: You have an error in your SQL syntax; check the manual that corresponds to your MySQL server version for the right syntax to use near '`
JOIN `dusun` ON `dusun`.`id_dusun` = `keluarga`.`id_dusun`
JOIN `rw` ON `rw`.`' at line 3
in SYSTEMPATH\Database\MySQLi\Connection.php on line 310.
 1 SYSTEMPATH\Database\BaseConnection.php(910): CodeIgniter\Database\MySQLi\Connection->execute('SELECT `keluarga`.`no_kk`, `keluarga`.`alamat`, `dusun`.`nama_dusun`, `rw`.`nama_rw`, `rt`.`nama_rt`, `keluarga`.`jumlah_anggota`, `penduduk`.`nama` AS `kepala_keluarga`
FROM `keluarga`
JOIN `penduduk` ON `penduduk`.`no_kk` = `keluarga`.`no_kk` AND `penduduk`.`hubungan_keluarga` = "Kepala `Keluarga"`
JOIN `dusun` ON `dusun`.`id_dusun` = `keluarga`.`id_dusun`
JOIN `rw` ON `rw`.`id_rw` = `keluarga`.`id_rw`
JOIN `rt` ON `rt`.`id_rt` = `keluarga`.`id_rt`
WHERE `keluarga`.`no_kk` = \'1111111111110008\'')
 2 SYSTEMPATH\Database\BaseConnection.php(827): CodeIgniter\Database\BaseConnection->simpleQuery('SELECT `keluarga`.`no_kk`, `keluarga`.`alamat`, `dusun`.`nama_dusun`, `rw`.`nama_rw`, `rt`.`nama_rt`, `keluarga`.`jumlah_anggota`, `penduduk`.`nama` AS `kepala_keluarga`
FROM `keluarga`
JOIN `penduduk` ON `penduduk`.`no_kk` = `keluarga`.`no_kk` AND `penduduk`.`hubungan_keluarga` = "Kepala `Keluarga"`
JOIN `dusun` ON `dusun`.`id_dusun` = `keluarga`.`id_dusun`
JOIN `rw` ON `rw`.`id_rw` = `keluarga`.`id_rw`
JOIN `rt` ON `rt`.`id_rt` = `keluarga`.`id_rt`
WHERE `keluarga`.`no_kk` = \'1111111111110008\'')
 3 SYSTEMPATH\Database\BaseBuilder.php(1649): CodeIgniter\Database\BaseConnection->query('SELECT `keluarga`.`no_kk`, `keluarga`.`alamat`, `dusun`.`nama_dusun`, `rw`.`nama_rw`, `rt`.`nama_rt`, `keluarga`.`jumlah_anggota`, `penduduk`.`nama` AS `kepala_keluarga`
FROM `keluarga`
JOIN `penduduk` ON `penduduk`.`no_kk` = `keluarga`.`no_kk` AND `penduduk`.`hubungan_keluarga` = "Kepala `Keluarga"`
JOIN `dusun` ON `dusun`.`id_dusun` = `keluarga`.`id_dusun`
JOIN `rw` ON `rw`.`id_rw` = `keluarga`.`id_rw`
JOIN `rt` ON `rt`.`id_rt` = `keluarga`.`id_rt`
WHERE `keluarga`.`no_kk` = :keluarga.no_kk:', [...], false)
 4 APPPATH\Models\KeluargaModel.php(70): CodeIgniter\Database\BaseBuilder->get()
 5 APPPATH\Controllers\DetailAnggota.php(54): App\Models\KeluargaModel->cekKKbyId('1111111111110008')
 6 SYSTEMPATH\CodeIgniter.php(951): App\Controllers\DetailAnggota->cekKK()
 7 SYSTEMPATH\CodeIgniter.php(497): CodeIgniter\CodeIgniter->runController(Object(App\Controllers\DetailAnggota))
 8 SYSTEMPATH\CodeIgniter.php(340): CodeIgniter\CodeIgniter->handleRequest(null, Object(Config\Cache), false)
 9 SYSTEMPATH\Boot.php(417): CodeIgniter\CodeIgniter->run()
10 SYSTEMPATH\Boot.php(68): CodeIgniter\Boot::runCodeIgniter(Object(CodeIgniter\CodeIgniter))
11 FCPATH\index.php(59): CodeIgniter\Boot::bootWeb(Object(Config\Paths))
CRITICAL - 2026-07-04 03:11:54 --> [Caused by] mysqli_sql_exception: You have an error in your SQL syntax; check the manual that corresponds to your MySQL server version for the right syntax to use near '`
JOIN `dusun` ON `dusun`.`id_dusun` = `keluarga`.`id_dusun`
JOIN `rw` ON `rw`.`' at line 3
in SYSTEMPATH\Database\MySQLi\Connection.php on line 300.
 1 SYSTEMPATH\Database\MySQLi\Connection.php(300): mysqli->query('SELECT `keluarga`.`no_kk`, `keluarga`.`alamat`, `dusun`.`nama_dusun`, `rw`.`nama_rw`, `rt`.`nama_rt`, `keluarga`.`jumlah_anggota`, `penduduk`.`nama` AS `kepala_keluarga`
FROM `keluarga`
JOIN `penduduk` ON `penduduk`.`no_kk` = `keluarga`.`no_kk` AND `penduduk`.`hubungan_keluarga` = "Kepala `Keluarga"`
JOIN `dusun` ON `dusun`.`id_dusun` = `keluarga`.`id_dusun`
JOIN `rw` ON `rw`.`id_rw` = `keluarga`.`id_rw`
JOIN `rt` ON `rt`.`id_rt` = `keluarga`.`id_rt`
WHERE `keluarga`.`no_kk` = \'1111111111110008\'', 0)
 2 SYSTEMPATH\Database\BaseConnection.php(910): CodeIgniter\Database\MySQLi\Connection->execute('SELECT `keluarga`.`no_kk`, `keluarga`.`alamat`, `dusun`.`nama_dusun`, `rw`.`nama_rw`, `rt`.`nama_rt`, `keluarga`.`jumlah_anggota`, `penduduk`.`nama` AS `kepala_keluarga`
FROM `keluarga`
JOIN `penduduk` ON `penduduk`.`no_kk` = `keluarga`.`no_kk` AND `penduduk`.`hubungan_keluarga` = "Kepala `Keluarga"`
JOIN `dusun` ON `dusun`.`id_dusun` = `keluarga`.`id_dusun`
JOIN `rw` ON `rw`.`id_rw` = `keluarga`.`id_rw`
JOIN `rt` ON `rt`.`id_rt` = `keluarga`.`id_rt`
WHERE `keluarga`.`no_kk` = \'1111111111110008\'')
 3 SYSTEMPATH\Database\BaseConnection.php(827): CodeIgniter\Database\BaseConnection->simpleQuery('SELECT `keluarga`.`no_kk`, `keluarga`.`alamat`, `dusun`.`nama_dusun`, `rw`.`nama_rw`, `rt`.`nama_rt`, `keluarga`.`jumlah_anggota`, `penduduk`.`nama` AS `kepala_keluarga`
FROM `keluarga`
JOIN `penduduk` ON `penduduk`.`no_kk` = `keluarga`.`no_kk` AND `penduduk`.`hubungan_keluarga` = "Kepala `Keluarga"`
JOIN `dusun` ON `dusun`.`id_dusun` = `keluarga`.`id_dusun`
JOIN `rw` ON `rw`.`id_rw` = `keluarga`.`id_rw`
JOIN `rt` ON `rt`.`id_rt` = `keluarga`.`id_rt`
WHERE `keluarga`.`no_kk` = \'1111111111110008\'')
 4 SYSTEMPATH\Database\BaseBuilder.php(1649): CodeIgniter\Database\BaseConnection->query('SELECT `keluarga`.`no_kk`, `keluarga`.`alamat`, `dusun`.`nama_dusun`, `rw`.`nama_rw`, `rt`.`nama_rt`, `keluarga`.`jumlah_anggota`, `penduduk`.`nama` AS `kepala_keluarga`
FROM `keluarga`
JOIN `penduduk` ON `penduduk`.`no_kk` = `keluarga`.`no_kk` AND `penduduk`.`hubungan_keluarga` = "Kepala `Keluarga"`
JOIN `dusun` ON `dusun`.`id_dusun` = `keluarga`.`id_dusun`
JOIN `rw` ON `rw`.`id_rw` = `keluarga`.`id_rw`
JOIN `rt` ON `rt`.`id_rt` = `keluarga`.`id_rt`
WHERE `keluarga`.`no_kk` = :keluarga.no_kk:', [...], false)
 5 APPPATH\Models\KeluargaModel.php(70): CodeIgniter\Database\BaseBuilder->get()
 6 APPPATH\Controllers\DetailAnggota.php(54): App\Models\KeluargaModel->cekKKbyId('1111111111110008')
 7 SYSTEMPATH\CodeIgniter.php(951): App\Controllers\DetailAnggota->cekKK()
 8 SYSTEMPATH\CodeIgniter.php(497): CodeIgniter\CodeIgniter->runController(Object(App\Controllers\DetailAnggota))
 9 SYSTEMPATH\CodeIgniter.php(340): CodeIgniter\CodeIgniter->handleRequest(null, Object(Config\Cache), false)
10 SYSTEMPATH\Boot.php(417): CodeIgniter\CodeIgniter->run()
11 SYSTEMPATH\Boot.php(68): CodeIgniter\Boot::runCodeIgniter(Object(CodeIgniter\CodeIgniter))
12 FCPATH\index.php(59): CodeIgniter\Boot::bootWeb(Object(Config\Paths))
ERROR - 2026-07-04 03:14:15 --> You have an error in your SQL syntax; check the manual that corresponds to your MySQL server version for the right syntax to use near '`
JOIN `dusun` ON `dusun`.`id_dusun` = `keluarga`.`id_dusun`
JOIN `rw` ON `rw`.`' at line 3
in SYSTEMPATH\Database\MySQLi\Connection.php on line 300.
 1 SYSTEMPATH\Database\MySQLi\Connection.php(300): mysqli->query('SELECT `keluarga`.`no_kk`, `keluarga`.`alamat`, `dusun`.`nama_dusun`, `rw`.`nama_rw`, `rt`.`nama_rt`, `keluarga`.`jumlah_anggota`, `penduduk`.`nama` AS `kepala_keluarga`
FROM `keluarga`
JOIN `penduduk` ON `penduduk`.`no_kk` = `keluarga`.`no_kk` AND `penduduk`.`hubungan_keluarga` = "Kepala `Keluarga"`
JOIN `dusun` ON `dusun`.`id_dusun` = `keluarga`.`id_dusun`
JOIN `rw` ON `rw`.`id_rw` = `keluarga`.`id_rw`
JOIN `rt` ON `rt`.`id_rt` = `keluarga`.`id_rt`
WHERE `keluarga`.`no_kk` = \'1111111111110008\'', 0)
 2 SYSTEMPATH\Database\BaseConnection.php(910): CodeIgniter\Database\MySQLi\Connection->execute('SELECT `keluarga`.`no_kk`, `keluarga`.`alamat`, `dusun`.`nama_dusun`, `rw`.`nama_rw`, `rt`.`nama_rt`, `keluarga`.`jumlah_anggota`, `penduduk`.`nama` AS `kepala_keluarga`
FROM `keluarga`
JOIN `penduduk` ON `penduduk`.`no_kk` = `keluarga`.`no_kk` AND `penduduk`.`hubungan_keluarga` = "Kepala `Keluarga"`
JOIN `dusun` ON `dusun`.`id_dusun` = `keluarga`.`id_dusun`
JOIN `rw` ON `rw`.`id_rw` = `keluarga`.`id_rw`
JOIN `rt` ON `rt`.`id_rt` = `keluarga`.`id_rt`
WHERE `keluarga`.`no_kk` = \'1111111111110008\'')
 3 SYSTEMPATH\Database\BaseConnection.php(827): CodeIgniter\Database\BaseConnection->simpleQuery('SELECT `keluarga`.`no_kk`, `keluarga`.`alamat`, `dusun`.`nama_dusun`, `rw`.`nama_rw`, `rt`.`nama_rt`, `keluarga`.`jumlah_anggota`, `penduduk`.`nama` AS `kepala_keluarga`
FROM `keluarga`
JOIN `penduduk` ON `penduduk`.`no_kk` = `keluarga`.`no_kk` AND `penduduk`.`hubungan_keluarga` = "Kepala `Keluarga"`
JOIN `dusun` ON `dusun`.`id_dusun` = `keluarga`.`id_dusun`
JOIN `rw` ON `rw`.`id_rw` = `keluarga`.`id_rw`
JOIN `rt` ON `rt`.`id_rt` = `keluarga`.`id_rt`
WHERE `keluarga`.`no_kk` = \'1111111111110008\'')
 4 SYSTEMPATH\Database\BaseBuilder.php(1649): CodeIgniter\Database\BaseConnection->query('SELECT `keluarga`.`no_kk`, `keluarga`.`alamat`, `dusun`.`nama_dusun`, `rw`.`nama_rw`, `rt`.`nama_rt`, `keluarga`.`jumlah_anggota`, `penduduk`.`nama` AS `kepala_keluarga`
FROM `keluarga`
JOIN `penduduk` ON `penduduk`.`no_kk` = `keluarga`.`no_kk` AND `penduduk`.`hubungan_keluarga` = "Kepala `Keluarga"`
JOIN `dusun` ON `dusun`.`id_dusun` = `keluarga`.`id_dusun`
JOIN `rw` ON `rw`.`id_rw` = `keluarga`.`id_rw`
JOIN `rt` ON `rt`.`id_rt` = `keluarga`.`id_rt`
WHERE `keluarga`.`no_kk` = :keluarga.no_kk:', [...], false)
 5 APPPATH\Models\KeluargaModel.php(70): CodeIgniter\Database\BaseBuilder->get()
 6 APPPATH\Controllers\DetailAnggota.php(54): App\Models\KeluargaModel->cekKKbyId('1111111111110008')
 7 SYSTEMPATH\CodeIgniter.php(951): App\Controllers\DetailAnggota->cekKK()
 8 SYSTEMPATH\CodeIgniter.php(497): CodeIgniter\CodeIgniter->runController(Object(App\Controllers\DetailAnggota))
 9 SYSTEMPATH\CodeIgniter.php(340): CodeIgniter\CodeIgniter->handleRequest(null, Object(Config\Cache), false)
10 SYSTEMPATH\Boot.php(417): CodeIgniter\CodeIgniter->run()
11 SYSTEMPATH\Boot.php(68): CodeIgniter\Boot::runCodeIgniter(Object(CodeIgniter\CodeIgniter))
12 FCPATH\index.php(59): CodeIgniter\Boot::bootWeb(Object(Config\Paths))
CRITICAL - 2026-07-04 03:14:15 --> CodeIgniter\Database\Exceptions\DatabaseException: You have an error in your SQL syntax; check the manual that corresponds to your MySQL server version for the right syntax to use near '`
JOIN `dusun` ON `dusun`.`id_dusun` = `keluarga`.`id_dusun`
JOIN `rw` ON `rw`.`' at line 3
[Method: POST, Route: detailanggota/cekKK]
in SYSTEMPATH\Database\BaseConnection.php on line 865.
 1 SYSTEMPATH\Database\BaseBuilder.php(1649): CodeIgniter\Database\BaseConnection->query('SELECT `keluarga`.`no_kk`, `keluarga`.`alamat`, `dusun`.`nama_dusun`, `rw`.`nama_rw`, `rt`.`nama_rt`, `keluarga`.`jumlah_anggota`, `penduduk`.`nama` AS `kepala_keluarga`
FROM `keluarga`
JOIN `penduduk` ON `penduduk`.`no_kk` = `keluarga`.`no_kk` AND `penduduk`.`hubungan_keluarga` = "Kepala `Keluarga"`
JOIN `dusun` ON `dusun`.`id_dusun` = `keluarga`.`id_dusun`
JOIN `rw` ON `rw`.`id_rw` = `keluarga`.`id_rw`
JOIN `rt` ON `rt`.`id_rt` = `keluarga`.`id_rt`
WHERE `keluarga`.`no_kk` = :keluarga.no_kk:', [...], false)
 2 APPPATH\Models\KeluargaModel.php(70): CodeIgniter\Database\BaseBuilder->get()
 3 APPPATH\Controllers\DetailAnggota.php(54): App\Models\KeluargaModel->cekKKbyId('1111111111110008')
 4 SYSTEMPATH\CodeIgniter.php(951): App\Controllers\DetailAnggota->cekKK()
 5 SYSTEMPATH\CodeIgniter.php(497): CodeIgniter\CodeIgniter->runController(Object(App\Controllers\DetailAnggota))
 6 SYSTEMPATH\CodeIgniter.php(340): CodeIgniter\CodeIgniter->handleRequest(null, Object(Config\Cache), false)
 7 SYSTEMPATH\Boot.php(417): CodeIgniter\CodeIgniter->run()
 8 SYSTEMPATH\Boot.php(68): CodeIgniter\Boot::runCodeIgniter(Object(CodeIgniter\CodeIgniter))
 9 FCPATH\index.php(59): CodeIgniter\Boot::bootWeb(Object(Config\Paths))
CRITICAL - 2026-07-04 03:14:15 --> [Caused by] CodeIgniter\Database\Exceptions\DatabaseException: You have an error in your SQL syntax; check the manual that corresponds to your MySQL server version for the right syntax to use near '`
JOIN `dusun` ON `dusun`.`id_dusun` = `keluarga`.`id_dusun`
JOIN `rw` ON `rw`.`' at line 3
in SYSTEMPATH\Database\MySQLi\Connection.php on line 310.
 1 SYSTEMPATH\Database\BaseConnection.php(910): CodeIgniter\Database\MySQLi\Connection->execute('SELECT `keluarga`.`no_kk`, `keluarga`.`alamat`, `dusun`.`nama_dusun`, `rw`.`nama_rw`, `rt`.`nama_rt`, `keluarga`.`jumlah_anggota`, `penduduk`.`nama` AS `kepala_keluarga`
FROM `keluarga`
JOIN `penduduk` ON `penduduk`.`no_kk` = `keluarga`.`no_kk` AND `penduduk`.`hubungan_keluarga` = "Kepala `Keluarga"`
JOIN `dusun` ON `dusun`.`id_dusun` = `keluarga`.`id_dusun`
JOIN `rw` ON `rw`.`id_rw` = `keluarga`.`id_rw`
JOIN `rt` ON `rt`.`id_rt` = `keluarga`.`id_rt`
WHERE `keluarga`.`no_kk` = \'1111111111110008\'')
 2 SYSTEMPATH\Database\BaseConnection.php(827): CodeIgniter\Database\BaseConnection->simpleQuery('SELECT `keluarga`.`no_kk`, `keluarga`.`alamat`, `dusun`.`nama_dusun`, `rw`.`nama_rw`, `rt`.`nama_rt`, `keluarga`.`jumlah_anggota`, `penduduk`.`nama` AS `kepala_keluarga`
FROM `keluarga`
JOIN `penduduk` ON `penduduk`.`no_kk` = `keluarga`.`no_kk` AND `penduduk`.`hubungan_keluarga` = "Kepala `Keluarga"`
JOIN `dusun` ON `dusun`.`id_dusun` = `keluarga`.`id_dusun`
JOIN `rw` ON `rw`.`id_rw` = `keluarga`.`id_rw`
JOIN `rt` ON `rt`.`id_rt` = `keluarga`.`id_rt`
WHERE `keluarga`.`no_kk` = \'1111111111110008\'')
 3 SYSTEMPATH\Database\BaseBuilder.php(1649): CodeIgniter\Database\BaseConnection->query('SELECT `keluarga`.`no_kk`, `keluarga`.`alamat`, `dusun`.`nama_dusun`, `rw`.`nama_rw`, `rt`.`nama_rt`, `keluarga`.`jumlah_anggota`, `penduduk`.`nama` AS `kepala_keluarga`
FROM `keluarga`
JOIN `penduduk` ON `penduduk`.`no_kk` = `keluarga`.`no_kk` AND `penduduk`.`hubungan_keluarga` = "Kepala `Keluarga"`
JOIN `dusun` ON `dusun`.`id_dusun` = `keluarga`.`id_dusun`
JOIN `rw` ON `rw`.`id_rw` = `keluarga`.`id_rw`
JOIN `rt` ON `rt`.`id_rt` = `keluarga`.`id_rt`
WHERE `keluarga`.`no_kk` = :keluarga.no_kk:', [...], false)
 4 APPPATH\Models\KeluargaModel.php(70): CodeIgniter\Database\BaseBuilder->get()
 5 APPPATH\Controllers\DetailAnggota.php(54): App\Models\KeluargaModel->cekKKbyId('1111111111110008')
 6 SYSTEMPATH\CodeIgniter.php(951): App\Controllers\DetailAnggota->cekKK()
 7 SYSTEMPATH\CodeIgniter.php(497): CodeIgniter\CodeIgniter->runController(Object(App\Controllers\DetailAnggota))
 8 SYSTEMPATH\CodeIgniter.php(340): CodeIgniter\CodeIgniter->handleRequest(null, Object(Config\Cache), false)
 9 SYSTEMPATH\Boot.php(417): CodeIgniter\CodeIgniter->run()
10 SYSTEMPATH\Boot.php(68): CodeIgniter\Boot::runCodeIgniter(Object(CodeIgniter\CodeIgniter))
11 FCPATH\index.php(59): CodeIgniter\Boot::bootWeb(Object(Config\Paths))
CRITICAL - 2026-07-04 03:14:15 --> [Caused by] mysqli_sql_exception: You have an error in your SQL syntax; check the manual that corresponds to your MySQL server version for the right syntax to use near '`
JOIN `dusun` ON `dusun`.`id_dusun` = `keluarga`.`id_dusun`
JOIN `rw` ON `rw`.`' at line 3
in SYSTEMPATH\Database\MySQLi\Connection.php on line 300.
 1 SYSTEMPATH\Database\MySQLi\Connection.php(300): mysqli->query('SELECT `keluarga`.`no_kk`, `keluarga`.`alamat`, `dusun`.`nama_dusun`, `rw`.`nama_rw`, `rt`.`nama_rt`, `keluarga`.`jumlah_anggota`, `penduduk`.`nama` AS `kepala_keluarga`
FROM `keluarga`
JOIN `penduduk` ON `penduduk`.`no_kk` = `keluarga`.`no_kk` AND `penduduk`.`hubungan_keluarga` = "Kepala `Keluarga"`
JOIN `dusun` ON `dusun`.`id_dusun` = `keluarga`.`id_dusun`
JOIN `rw` ON `rw`.`id_rw` = `keluarga`.`id_rw`
JOIN `rt` ON `rt`.`id_rt` = `keluarga`.`id_rt`
WHERE `keluarga`.`no_kk` = \'1111111111110008\'', 0)
 2 SYSTEMPATH\Database\BaseConnection.php(910): CodeIgniter\Database\MySQLi\Connection->execute('SELECT `keluarga`.`no_kk`, `keluarga`.`alamat`, `dusun`.`nama_dusun`, `rw`.`nama_rw`, `rt`.`nama_rt`, `keluarga`.`jumlah_anggota`, `penduduk`.`nama` AS `kepala_keluarga`
FROM `keluarga`
JOIN `penduduk` ON `penduduk`.`no_kk` = `keluarga`.`no_kk` AND `penduduk`.`hubungan_keluarga` = "Kepala `Keluarga"`
JOIN `dusun` ON `dusun`.`id_dusun` = `keluarga`.`id_dusun`
JOIN `rw` ON `rw`.`id_rw` = `keluarga`.`id_rw`
JOIN `rt` ON `rt`.`id_rt` = `keluarga`.`id_rt`
WHERE `keluarga`.`no_kk` = \'1111111111110008\'')
 3 SYSTEMPATH\Database\BaseConnection.php(827): CodeIgniter\Database\BaseConnection->simpleQuery('SELECT `keluarga`.`no_kk`, `keluarga`.`alamat`, `dusun`.`nama_dusun`, `rw`.`nama_rw`, `rt`.`nama_rt`, `keluarga`.`jumlah_anggota`, `penduduk`.`nama` AS `kepala_keluarga`
FROM `keluarga`
JOIN `penduduk` ON `penduduk`.`no_kk` = `keluarga`.`no_kk` AND `penduduk`.`hubungan_keluarga` = "Kepala `Keluarga"`
JOIN `dusun` ON `dusun`.`id_dusun` = `keluarga`.`id_dusun`
JOIN `rw` ON `rw`.`id_rw` = `keluarga`.`id_rw`
JOIN `rt` ON `rt`.`id_rt` = `keluarga`.`id_rt`
WHERE `keluarga`.`no_kk` = \'1111111111110008\'')
 4 SYSTEMPATH\Database\BaseBuilder.php(1649): CodeIgniter\Database\BaseConnection->query('SELECT `keluarga`.`no_kk`, `keluarga`.`alamat`, `dusun`.`nama_dusun`, `rw`.`nama_rw`, `rt`.`nama_rt`, `keluarga`.`jumlah_anggota`, `penduduk`.`nama` AS `kepala_keluarga`
FROM `keluarga`
JOIN `penduduk` ON `penduduk`.`no_kk` = `keluarga`.`no_kk` AND `penduduk`.`hubungan_keluarga` = "Kepala `Keluarga"`
JOIN `dusun` ON `dusun`.`id_dusun` = `keluarga`.`id_dusun`
JOIN `rw` ON `rw`.`id_rw` = `keluarga`.`id_rw`
JOIN `rt` ON `rt`.`id_rt` = `keluarga`.`id_rt`
WHERE `keluarga`.`no_kk` = :keluarga.no_kk:', [...], false)
 5 APPPATH\Models\KeluargaModel.php(70): CodeIgniter\Database\BaseBuilder->get()
 6 APPPATH\Controllers\DetailAnggota.php(54): App\Models\KeluargaModel->cekKKbyId('1111111111110008')
 7 SYSTEMPATH\CodeIgniter.php(951): App\Controllers\DetailAnggota->cekKK()
 8 SYSTEMPATH\CodeIgniter.php(497): CodeIgniter\CodeIgniter->runController(Object(App\Controllers\DetailAnggota))
 9 SYSTEMPATH\CodeIgniter.php(340): CodeIgniter\CodeIgniter->handleRequest(null, Object(Config\Cache), false)
10 SYSTEMPATH\Boot.php(417): CodeIgniter\CodeIgniter->run()
11 SYSTEMPATH\Boot.php(68): CodeIgniter\Boot::runCodeIgniter(Object(CodeIgniter\CodeIgniter))
12 FCPATH\index.php(59): CodeIgniter\Boot::bootWeb(Object(Config\Paths))
ERROR - 2026-07-04 03:14:34 --> You have an error in your SQL syntax; check the manual that corresponds to your MySQL server version for the right syntax to use near '`
JOIN `dusun` ON `dusun`.`id_dusun` = `keluarga`.`id_dusun`
JOIN `rw` ON `rw`.`' at line 3
in SYSTEMPATH\Database\MySQLi\Connection.php on line 300.
 1 SYSTEMPATH\Database\MySQLi\Connection.php(300): mysqli->query('SELECT `keluarga`.`no_kk`, `keluarga`.`alamat`, `dusun`.`nama_dusun`, `rw`.`nama_rw`, `rt`.`nama_rt`, `keluarga`.`jumlah_anggota`, `penduduk`.`nama` AS `kepala_keluarga`
FROM `keluarga`
JOIN `penduduk` ON `penduduk`.`no_kk` = `keluarga`.`no_kk` AND `penduduk`.`hubungan_keluarga` = "Kepala `Keluarga"`
JOIN `dusun` ON `dusun`.`id_dusun` = `keluarga`.`id_dusun`
JOIN `rw` ON `rw`.`id_rw` = `keluarga`.`id_rw`
JOIN `rt` ON `rt`.`id_rt` = `keluarga`.`id_rt`
WHERE `keluarga`.`no_kk` = \'1111111111110008\'', 0)
 2 SYSTEMPATH\Database\BaseConnection.php(910): CodeIgniter\Database\MySQLi\Connection->execute('SELECT `keluarga`.`no_kk`, `keluarga`.`alamat`, `dusun`.`nama_dusun`, `rw`.`nama_rw`, `rt`.`nama_rt`, `keluarga`.`jumlah_anggota`, `penduduk`.`nama` AS `kepala_keluarga`
FROM `keluarga`
JOIN `penduduk` ON `penduduk`.`no_kk` = `keluarga`.`no_kk` AND `penduduk`.`hubungan_keluarga` = "Kepala `Keluarga"`
JOIN `dusun` ON `dusun`.`id_dusun` = `keluarga`.`id_dusun`
JOIN `rw` ON `rw`.`id_rw` = `keluarga`.`id_rw`
JOIN `rt` ON `rt`.`id_rt` = `keluarga`.`id_rt`
WHERE `keluarga`.`no_kk` = \'1111111111110008\'')
 3 SYSTEMPATH\Database\BaseConnection.php(827): CodeIgniter\Database\BaseConnection->simpleQuery('SELECT `keluarga`.`no_kk`, `keluarga`.`alamat`, `dusun`.`nama_dusun`, `rw`.`nama_rw`, `rt`.`nama_rt`, `keluarga`.`jumlah_anggota`, `penduduk`.`nama` AS `kepala_keluarga`
FROM `keluarga`
JOIN `penduduk` ON `penduduk`.`no_kk` = `keluarga`.`no_kk` AND `penduduk`.`hubungan_keluarga` = "Kepala `Keluarga"`
JOIN `dusun` ON `dusun`.`id_dusun` = `keluarga`.`id_dusun`
JOIN `rw` ON `rw`.`id_rw` = `keluarga`.`id_rw`
JOIN `rt` ON `rt`.`id_rt` = `keluarga`.`id_rt`
WHERE `keluarga`.`no_kk` = \'1111111111110008\'')
 4 SYSTEMPATH\Database\BaseBuilder.php(1649): CodeIgniter\Database\BaseConnection->query('SELECT `keluarga`.`no_kk`, `keluarga`.`alamat`, `dusun`.`nama_dusun`, `rw`.`nama_rw`, `rt`.`nama_rt`, `keluarga`.`jumlah_anggota`, `penduduk`.`nama` AS `kepala_keluarga`
FROM `keluarga`
JOIN `penduduk` ON `penduduk`.`no_kk` = `keluarga`.`no_kk` AND `penduduk`.`hubungan_keluarga` = "Kepala `Keluarga"`
JOIN `dusun` ON `dusun`.`id_dusun` = `keluarga`.`id_dusun`
JOIN `rw` ON `rw`.`id_rw` = `keluarga`.`id_rw`
JOIN `rt` ON `rt`.`id_rt` = `keluarga`.`id_rt`
WHERE `keluarga`.`no_kk` = :keluarga.no_kk:', [...], false)
 5 APPPATH\Models\KeluargaModel.php(70): CodeIgniter\Database\BaseBuilder->get()
 6 APPPATH\Controllers\DetailAnggota.php(54): App\Models\KeluargaModel->cekKKbyId('1111111111110008')
 7 SYSTEMPATH\CodeIgniter.php(951): App\Controllers\DetailAnggota->cekKK()
 8 SYSTEMPATH\CodeIgniter.php(497): CodeIgniter\CodeIgniter->runController(Object(App\Controllers\DetailAnggota))
 9 SYSTEMPATH\CodeIgniter.php(340): CodeIgniter\CodeIgniter->handleRequest(null, Object(Config\Cache), false)
10 SYSTEMPATH\Boot.php(417): CodeIgniter\CodeIgniter->run()
11 SYSTEMPATH\Boot.php(68): CodeIgniter\Boot::runCodeIgniter(Object(CodeIgniter\CodeIgniter))
12 FCPATH\index.php(59): CodeIgniter\Boot::bootWeb(Object(Config\Paths))
CRITICAL - 2026-07-04 03:14:34 --> CodeIgniter\Database\Exceptions\DatabaseException: You have an error in your SQL syntax; check the manual that corresponds to your MySQL server version for the right syntax to use near '`
JOIN `dusun` ON `dusun`.`id_dusun` = `keluarga`.`id_dusun`
JOIN `rw` ON `rw`.`' at line 3
[Method: POST, Route: detailanggota/cekKK]
in SYSTEMPATH\Database\BaseConnection.php on line 865.
 1 SYSTEMPATH\Database\BaseBuilder.php(1649): CodeIgniter\Database\BaseConnection->query('SELECT `keluarga`.`no_kk`, `keluarga`.`alamat`, `dusun`.`nama_dusun`, `rw`.`nama_rw`, `rt`.`nama_rt`, `keluarga`.`jumlah_anggota`, `penduduk`.`nama` AS `kepala_keluarga`
FROM `keluarga`
JOIN `penduduk` ON `penduduk`.`no_kk` = `keluarga`.`no_kk` AND `penduduk`.`hubungan_keluarga` = "Kepala `Keluarga"`
JOIN `dusun` ON `dusun`.`id_dusun` = `keluarga`.`id_dusun`
JOIN `rw` ON `rw`.`id_rw` = `keluarga`.`id_rw`
JOIN `rt` ON `rt`.`id_rt` = `keluarga`.`id_rt`
WHERE `keluarga`.`no_kk` = :keluarga.no_kk:', [...], false)
 2 APPPATH\Models\KeluargaModel.php(70): CodeIgniter\Database\BaseBuilder->get()
 3 APPPATH\Controllers\DetailAnggota.php(54): App\Models\KeluargaModel->cekKKbyId('1111111111110008')
 4 SYSTEMPATH\CodeIgniter.php(951): App\Controllers\DetailAnggota->cekKK()
 5 SYSTEMPATH\CodeIgniter.php(497): CodeIgniter\CodeIgniter->runController(Object(App\Controllers\DetailAnggota))
 6 SYSTEMPATH\CodeIgniter.php(340): CodeIgniter\CodeIgniter->handleRequest(null, Object(Config\Cache), false)
 7 SYSTEMPATH\Boot.php(417): CodeIgniter\CodeIgniter->run()
 8 SYSTEMPATH\Boot.php(68): CodeIgniter\Boot::runCodeIgniter(Object(CodeIgniter\CodeIgniter))
 9 FCPATH\index.php(59): CodeIgniter\Boot::bootWeb(Object(Config\Paths))
CRITICAL - 2026-07-04 03:14:34 --> [Caused by] CodeIgniter\Database\Exceptions\DatabaseException: You have an error in your SQL syntax; check the manual that corresponds to your MySQL server version for the right syntax to use near '`
JOIN `dusun` ON `dusun`.`id_dusun` = `keluarga`.`id_dusun`
JOIN `rw` ON `rw`.`' at line 3
in SYSTEMPATH\Database\MySQLi\Connection.php on line 310.
 1 SYSTEMPATH\Database\BaseConnection.php(910): CodeIgniter\Database\MySQLi\Connection->execute('SELECT `keluarga`.`no_kk`, `keluarga`.`alamat`, `dusun`.`nama_dusun`, `rw`.`nama_rw`, `rt`.`nama_rt`, `keluarga`.`jumlah_anggota`, `penduduk`.`nama` AS `kepala_keluarga`
FROM `keluarga`
JOIN `penduduk` ON `penduduk`.`no_kk` = `keluarga`.`no_kk` AND `penduduk`.`hubungan_keluarga` = "Kepala `Keluarga"`
JOIN `dusun` ON `dusun`.`id_dusun` = `keluarga`.`id_dusun`
JOIN `rw` ON `rw`.`id_rw` = `keluarga`.`id_rw`
JOIN `rt` ON `rt`.`id_rt` = `keluarga`.`id_rt`
WHERE `keluarga`.`no_kk` = \'1111111111110008\'')
 2 SYSTEMPATH\Database\BaseConnection.php(827): CodeIgniter\Database\BaseConnection->simpleQuery('SELECT `keluarga`.`no_kk`, `keluarga`.`alamat`, `dusun`.`nama_dusun`, `rw`.`nama_rw`, `rt`.`nama_rt`, `keluarga`.`jumlah_anggota`, `penduduk`.`nama` AS `kepala_keluarga`
FROM `keluarga`
JOIN `penduduk` ON `penduduk`.`no_kk` = `keluarga`.`no_kk` AND `penduduk`.`hubungan_keluarga` = "Kepala `Keluarga"`
JOIN `dusun` ON `dusun`.`id_dusun` = `keluarga`.`id_dusun`
JOIN `rw` ON `rw`.`id_rw` = `keluarga`.`id_rw`
JOIN `rt` ON `rt`.`id_rt` = `keluarga`.`id_rt`
WHERE `keluarga`.`no_kk` = \'1111111111110008\'')
 3 SYSTEMPATH\Database\BaseBuilder.php(1649): CodeIgniter\Database\BaseConnection->query('SELECT `keluarga`.`no_kk`, `keluarga`.`alamat`, `dusun`.`nama_dusun`, `rw`.`nama_rw`, `rt`.`nama_rt`, `keluarga`.`jumlah_anggota`, `penduduk`.`nama` AS `kepala_keluarga`
FROM `keluarga`
JOIN `penduduk` ON `penduduk`.`no_kk` = `keluarga`.`no_kk` AND `penduduk`.`hubungan_keluarga` = "Kepala `Keluarga"`
JOIN `dusun` ON `dusun`.`id_dusun` = `keluarga`.`id_dusun`
JOIN `rw` ON `rw`.`id_rw` = `keluarga`.`id_rw`
JOIN `rt` ON `rt`.`id_rt` = `keluarga`.`id_rt`
WHERE `keluarga`.`no_kk` = :keluarga.no_kk:', [...], false)
 4 APPPATH\Models\KeluargaModel.php(70): CodeIgniter\Database\BaseBuilder->get()
 5 APPPATH\Controllers\DetailAnggota.php(54): App\Models\KeluargaModel->cekKKbyId('1111111111110008')
 6 SYSTEMPATH\CodeIgniter.php(951): App\Controllers\DetailAnggota->cekKK()
 7 SYSTEMPATH\CodeIgniter.php(497): CodeIgniter\CodeIgniter->runController(Object(App\Controllers\DetailAnggota))
 8 SYSTEMPATH\CodeIgniter.php(340): CodeIgniter\CodeIgniter->handleRequest(null, Object(Config\Cache), false)
 9 SYSTEMPATH\Boot.php(417): CodeIgniter\CodeIgniter->run()
10 SYSTEMPATH\Boot.php(68): CodeIgniter\Boot::runCodeIgniter(Object(CodeIgniter\CodeIgniter))
11 FCPATH\index.php(59): CodeIgniter\Boot::bootWeb(Object(Config\Paths))
CRITICAL - 2026-07-04 03:14:34 --> [Caused by] mysqli_sql_exception: You have an error in your SQL syntax; check the manual that corresponds to your MySQL server version for the right syntax to use near '`
JOIN `dusun` ON `dusun`.`id_dusun` = `keluarga`.`id_dusun`
JOIN `rw` ON `rw`.`' at line 3
in SYSTEMPATH\Database\MySQLi\Connection.php on line 300.
 1 SYSTEMPATH\Database\MySQLi\Connection.php(300): mysqli->query('SELECT `keluarga`.`no_kk`, `keluarga`.`alamat`, `dusun`.`nama_dusun`, `rw`.`nama_rw`, `rt`.`nama_rt`, `keluarga`.`jumlah_anggota`, `penduduk`.`nama` AS `kepala_keluarga`
FROM `keluarga`
JOIN `penduduk` ON `penduduk`.`no_kk` = `keluarga`.`no_kk` AND `penduduk`.`hubungan_keluarga` = "Kepala `Keluarga"`
JOIN `dusun` ON `dusun`.`id_dusun` = `keluarga`.`id_dusun`
JOIN `rw` ON `rw`.`id_rw` = `keluarga`.`id_rw`
JOIN `rt` ON `rt`.`id_rt` = `keluarga`.`id_rt`
WHERE `keluarga`.`no_kk` = \'1111111111110008\'', 0)
 2 SYSTEMPATH\Database\BaseConnection.php(910): CodeIgniter\Database\MySQLi\Connection->execute('SELECT `keluarga`.`no_kk`, `keluarga`.`alamat`, `dusun`.`nama_dusun`, `rw`.`nama_rw`, `rt`.`nama_rt`, `keluarga`.`jumlah_anggota`, `penduduk`.`nama` AS `kepala_keluarga`
FROM `keluarga`
JOIN `penduduk` ON `penduduk`.`no_kk` = `keluarga`.`no_kk` AND `penduduk`.`hubungan_keluarga` = "Kepala `Keluarga"`
JOIN `dusun` ON `dusun`.`id_dusun` = `keluarga`.`id_dusun`
JOIN `rw` ON `rw`.`id_rw` = `keluarga`.`id_rw`
JOIN `rt` ON `rt`.`id_rt` = `keluarga`.`id_rt`
WHERE `keluarga`.`no_kk` = \'1111111111110008\'')
 3 SYSTEMPATH\Database\BaseConnection.php(827): CodeIgniter\Database\BaseConnection->simpleQuery('SELECT `keluarga`.`no_kk`, `keluarga`.`alamat`, `dusun`.`nama_dusun`, `rw`.`nama_rw`, `rt`.`nama_rt`, `keluarga`.`jumlah_anggota`, `penduduk`.`nama` AS `kepala_keluarga`
FROM `keluarga`
JOIN `penduduk` ON `penduduk`.`no_kk` = `keluarga`.`no_kk` AND `penduduk`.`hubungan_keluarga` = "Kepala `Keluarga"`
JOIN `dusun` ON `dusun`.`id_dusun` = `keluarga`.`id_dusun`
JOIN `rw` ON `rw`.`id_rw` = `keluarga`.`id_rw`
JOIN `rt` ON `rt`.`id_rt` = `keluarga`.`id_rt`
WHERE `keluarga`.`no_kk` = \'1111111111110008\'')
 4 SYSTEMPATH\Database\BaseBuilder.php(1649): CodeIgniter\Database\BaseConnection->query('SELECT `keluarga`.`no_kk`, `keluarga`.`alamat`, `dusun`.`nama_dusun`, `rw`.`nama_rw`, `rt`.`nama_rt`, `keluarga`.`jumlah_anggota`, `penduduk`.`nama` AS `kepala_keluarga`
FROM `keluarga`
JOIN `penduduk` ON `penduduk`.`no_kk` = `keluarga`.`no_kk` AND `penduduk`.`hubungan_keluarga` = "Kepala `Keluarga"`
JOIN `dusun` ON `dusun`.`id_dusun` = `keluarga`.`id_dusun`
JOIN `rw` ON `rw`.`id_rw` = `keluarga`.`id_rw`
JOIN `rt` ON `rt`.`id_rt` = `keluarga`.`id_rt`
WHERE `keluarga`.`no_kk` = :keluarga.no_kk:', [...], false)
 5 APPPATH\Models\KeluargaModel.php(70): CodeIgniter\Database\BaseBuilder->get()
 6 APPPATH\Controllers\DetailAnggota.php(54): App\Models\KeluargaModel->cekKKbyId('1111111111110008')
 7 SYSTEMPATH\CodeIgniter.php(951): App\Controllers\DetailAnggota->cekKK()
 8 SYSTEMPATH\CodeIgniter.php(497): CodeIgniter\CodeIgniter->runController(Object(App\Controllers\DetailAnggota))
 9 SYSTEMPATH\CodeIgniter.php(340): CodeIgniter\CodeIgniter->handleRequest(null, Object(Config\Cache), false)
10 SYSTEMPATH\Boot.php(417): CodeIgniter\CodeIgniter->run()
11 SYSTEMPATH\Boot.php(68): CodeIgniter\Boot::runCodeIgniter(Object(CodeIgniter\CodeIgniter))
12 FCPATH\index.php(59): CodeIgniter\Boot::bootWeb(Object(Config\Paths))
ERROR - 2026-07-04 03:15:37 --> You have an error in your SQL syntax; check the manual that corresponds to your MySQL server version for the right syntax to use near '`
JOIN `dusun` ON `dusun`.`id_dusun` = `keluarga`.`id_dusun`
JOIN `rw` ON `rw`.`' at line 3
in SYSTEMPATH\Database\MySQLi\Connection.php on line 300.
 1 SYSTEMPATH\Database\MySQLi\Connection.php(300): mysqli->query('SELECT `keluarga`.`no_kk`, `keluarga`.`alamat`, `dusun`.`nama_dusun`, `rw`.`nama_rw`, `rt`.`nama_rt`, `keluarga`.`jumlah_anggota`, `penduduk`.`nama` AS `kepala_keluarga`
FROM `keluarga`
JOIN `penduduk` ON `penduduk`.`no_kk` = `keluarga`.`no_kk` AND `penduduk`.`hubungan_keluarga` = "Kepala `Keluarga"`
JOIN `dusun` ON `dusun`.`id_dusun` = `keluarga`.`id_dusun`
JOIN `rw` ON `rw`.`id_rw` = `keluarga`.`id_rw`
JOIN `rt` ON `rt`.`id_rt` = `keluarga`.`id_rt`
WHERE `keluarga`.`no_kk` = \'1111111111110008\'', 0)
 2 SYSTEMPATH\Database\BaseConnection.php(910): CodeIgniter\Database\MySQLi\Connection->execute('SELECT `keluarga`.`no_kk`, `keluarga`.`alamat`, `dusun`.`nama_dusun`, `rw`.`nama_rw`, `rt`.`nama_rt`, `keluarga`.`jumlah_anggota`, `penduduk`.`nama` AS `kepala_keluarga`
FROM `keluarga`
JOIN `penduduk` ON `penduduk`.`no_kk` = `keluarga`.`no_kk` AND `penduduk`.`hubungan_keluarga` = "Kepala `Keluarga"`
JOIN `dusun` ON `dusun`.`id_dusun` = `keluarga`.`id_dusun`
JOIN `rw` ON `rw`.`id_rw` = `keluarga`.`id_rw`
JOIN `rt` ON `rt`.`id_rt` = `keluarga`.`id_rt`
WHERE `keluarga`.`no_kk` = \'1111111111110008\'')
 3 SYSTEMPATH\Database\BaseConnection.php(827): CodeIgniter\Database\BaseConnection->simpleQuery('SELECT `keluarga`.`no_kk`, `keluarga`.`alamat`, `dusun`.`nama_dusun`, `rw`.`nama_rw`, `rt`.`nama_rt`, `keluarga`.`jumlah_anggota`, `penduduk`.`nama` AS `kepala_keluarga`
FROM `keluarga`
JOIN `penduduk` ON `penduduk`.`no_kk` = `keluarga`.`no_kk` AND `penduduk`.`hubungan_keluarga` = "Kepala `Keluarga"`
JOIN `dusun` ON `dusun`.`id_dusun` = `keluarga`.`id_dusun`
JOIN `rw` ON `rw`.`id_rw` = `keluarga`.`id_rw`
JOIN `rt` ON `rt`.`id_rt` = `keluarga`.`id_rt`
WHERE `keluarga`.`no_kk` = \'1111111111110008\'')
 4 SYSTEMPATH\Database\BaseBuilder.php(1649): CodeIgniter\Database\BaseConnection->query('SELECT `keluarga`.`no_kk`, `keluarga`.`alamat`, `dusun`.`nama_dusun`, `rw`.`nama_rw`, `rt`.`nama_rt`, `keluarga`.`jumlah_anggota`, `penduduk`.`nama` AS `kepala_keluarga`
FROM `keluarga`
JOIN `penduduk` ON `penduduk`.`no_kk` = `keluarga`.`no_kk` AND `penduduk`.`hubungan_keluarga` = "Kepala `Keluarga"`
JOIN `dusun` ON `dusun`.`id_dusun` = `keluarga`.`id_dusun`
JOIN `rw` ON `rw`.`id_rw` = `keluarga`.`id_rw`
JOIN `rt` ON `rt`.`id_rt` = `keluarga`.`id_rt`
WHERE `keluarga`.`no_kk` = :keluarga.no_kk:', [...], false)
 5 APPPATH\Models\KeluargaModel.php(69): CodeIgniter\Database\BaseBuilder->get()
 6 APPPATH\Controllers\DetailAnggota.php(54): App\Models\KeluargaModel->cekKKbyId('1111111111110008')
 7 SYSTEMPATH\CodeIgniter.php(951): App\Controllers\DetailAnggota->cekKK()
 8 SYSTEMPATH\CodeIgniter.php(497): CodeIgniter\CodeIgniter->runController(Object(App\Controllers\DetailAnggota))
 9 SYSTEMPATH\CodeIgniter.php(340): CodeIgniter\CodeIgniter->handleRequest(null, Object(Config\Cache), false)
10 SYSTEMPATH\Boot.php(417): CodeIgniter\CodeIgniter->run()
11 SYSTEMPATH\Boot.php(68): CodeIgniter\Boot::runCodeIgniter(Object(CodeIgniter\CodeIgniter))
12 FCPATH\index.php(59): CodeIgniter\Boot::bootWeb(Object(Config\Paths))
CRITICAL - 2026-07-04 03:15:37 --> CodeIgniter\Database\Exceptions\DatabaseException: You have an error in your SQL syntax; check the manual that corresponds to your MySQL server version for the right syntax to use near '`
JOIN `dusun` ON `dusun`.`id_dusun` = `keluarga`.`id_dusun`
JOIN `rw` ON `rw`.`' at line 3
[Method: POST, Route: detailanggota/cekKK]
in SYSTEMPATH\Database\BaseConnection.php on line 865.
 1 SYSTEMPATH\Database\BaseBuilder.php(1649): CodeIgniter\Database\BaseConnection->query('SELECT `keluarga`.`no_kk`, `keluarga`.`alamat`, `dusun`.`nama_dusun`, `rw`.`nama_rw`, `rt`.`nama_rt`, `keluarga`.`jumlah_anggota`, `penduduk`.`nama` AS `kepala_keluarga`
FROM `keluarga`
JOIN `penduduk` ON `penduduk`.`no_kk` = `keluarga`.`no_kk` AND `penduduk`.`hubungan_keluarga` = "Kepala `Keluarga"`
JOIN `dusun` ON `dusun`.`id_dusun` = `keluarga`.`id_dusun`
JOIN `rw` ON `rw`.`id_rw` = `keluarga`.`id_rw`
JOIN `rt` ON `rt`.`id_rt` = `keluarga`.`id_rt`
WHERE `keluarga`.`no_kk` = :keluarga.no_kk:', [...], false)
 2 APPPATH\Models\KeluargaModel.php(69): CodeIgniter\Database\BaseBuilder->get()
 3 APPPATH\Controllers\DetailAnggota.php(54): App\Models\KeluargaModel->cekKKbyId('1111111111110008')
 4 SYSTEMPATH\CodeIgniter.php(951): App\Controllers\DetailAnggota->cekKK()
 5 SYSTEMPATH\CodeIgniter.php(497): CodeIgniter\CodeIgniter->runController(Object(App\Controllers\DetailAnggota))
 6 SYSTEMPATH\CodeIgniter.php(340): CodeIgniter\CodeIgniter->handleRequest(null, Object(Config\Cache), false)
 7 SYSTEMPATH\Boot.php(417): CodeIgniter\CodeIgniter->run()
 8 SYSTEMPATH\Boot.php(68): CodeIgniter\Boot::runCodeIgniter(Object(CodeIgniter\CodeIgniter))
 9 FCPATH\index.php(59): CodeIgniter\Boot::bootWeb(Object(Config\Paths))
CRITICAL - 2026-07-04 03:15:37 --> [Caused by] CodeIgniter\Database\Exceptions\DatabaseException: You have an error in your SQL syntax; check the manual that corresponds to your MySQL server version for the right syntax to use near '`
JOIN `dusun` ON `dusun`.`id_dusun` = `keluarga`.`id_dusun`
JOIN `rw` ON `rw`.`' at line 3
in SYSTEMPATH\Database\MySQLi\Connection.php on line 310.
 1 SYSTEMPATH\Database\BaseConnection.php(910): CodeIgniter\Database\MySQLi\Connection->execute('SELECT `keluarga`.`no_kk`, `keluarga`.`alamat`, `dusun`.`nama_dusun`, `rw`.`nama_rw`, `rt`.`nama_rt`, `keluarga`.`jumlah_anggota`, `penduduk`.`nama` AS `kepala_keluarga`
FROM `keluarga`
JOIN `penduduk` ON `penduduk`.`no_kk` = `keluarga`.`no_kk` AND `penduduk`.`hubungan_keluarga` = "Kepala `Keluarga"`
JOIN `dusun` ON `dusun`.`id_dusun` = `keluarga`.`id_dusun`
JOIN `rw` ON `rw`.`id_rw` = `keluarga`.`id_rw`
JOIN `rt` ON `rt`.`id_rt` = `keluarga`.`id_rt`
WHERE `keluarga`.`no_kk` = \'1111111111110008\'')
 2 SYSTEMPATH\Database\BaseConnection.php(827): CodeIgniter\Database\BaseConnection->simpleQuery('SELECT `keluarga`.`no_kk`, `keluarga`.`alamat`, `dusun`.`nama_dusun`, `rw`.`nama_rw`, `rt`.`nama_rt`, `keluarga`.`jumlah_anggota`, `penduduk`.`nama` AS `kepala_keluarga`
FROM `keluarga`
JOIN `penduduk` ON `penduduk`.`no_kk` = `keluarga`.`no_kk` AND `penduduk`.`hubungan_keluarga` = "Kepala `Keluarga"`
JOIN `dusun` ON `dusun`.`id_dusun` = `keluarga`.`id_dusun`
JOIN `rw` ON `rw`.`id_rw` = `keluarga`.`id_rw`
JOIN `rt` ON `rt`.`id_rt` = `keluarga`.`id_rt`
WHERE `keluarga`.`no_kk` = \'1111111111110008\'')
 3 SYSTEMPATH\Database\BaseBuilder.php(1649): CodeIgniter\Database\BaseConnection->query('SELECT `keluarga`.`no_kk`, `keluarga`.`alamat`, `dusun`.`nama_dusun`, `rw`.`nama_rw`, `rt`.`nama_rt`, `keluarga`.`jumlah_anggota`, `penduduk`.`nama` AS `kepala_keluarga`
FROM `keluarga`
JOIN `penduduk` ON `penduduk`.`no_kk` = `keluarga`.`no_kk` AND `penduduk`.`hubungan_keluarga` = "Kepala `Keluarga"`
JOIN `dusun` ON `dusun`.`id_dusun` = `keluarga`.`id_dusun`
JOIN `rw` ON `rw`.`id_rw` = `keluarga`.`id_rw`
JOIN `rt` ON `rt`.`id_rt` = `keluarga`.`id_rt`
WHERE `keluarga`.`no_kk` = :keluarga.no_kk:', [...], false)
 4 APPPATH\Models\KeluargaModel.php(69): CodeIgniter\Database\BaseBuilder->get()
 5 APPPATH\Controllers\DetailAnggota.php(54): App\Models\KeluargaModel->cekKKbyId('1111111111110008')
 6 SYSTEMPATH\CodeIgniter.php(951): App\Controllers\DetailAnggota->cekKK()
 7 SYSTEMPATH\CodeIgniter.php(497): CodeIgniter\CodeIgniter->runController(Object(App\Controllers\DetailAnggota))
 8 SYSTEMPATH\CodeIgniter.php(340): CodeIgniter\CodeIgniter->handleRequest(null, Object(Config\Cache), false)
 9 SYSTEMPATH\Boot.php(417): CodeIgniter\CodeIgniter->run()
10 SYSTEMPATH\Boot.php(68): CodeIgniter\Boot::runCodeIgniter(Object(CodeIgniter\CodeIgniter))
11 FCPATH\index.php(59): CodeIgniter\Boot::bootWeb(Object(Config\Paths))
CRITICAL - 2026-07-04 03:15:37 --> [Caused by] mysqli_sql_exception: You have an error in your SQL syntax; check the manual that corresponds to your MySQL server version for the right syntax to use near '`
JOIN `dusun` ON `dusun`.`id_dusun` = `keluarga`.`id_dusun`
JOIN `rw` ON `rw`.`' at line 3
in SYSTEMPATH\Database\MySQLi\Connection.php on line 300.
 1 SYSTEMPATH\Database\MySQLi\Connection.php(300): mysqli->query('SELECT `keluarga`.`no_kk`, `keluarga`.`alamat`, `dusun`.`nama_dusun`, `rw`.`nama_rw`, `rt`.`nama_rt`, `keluarga`.`jumlah_anggota`, `penduduk`.`nama` AS `kepala_keluarga`
FROM `keluarga`
JOIN `penduduk` ON `penduduk`.`no_kk` = `keluarga`.`no_kk` AND `penduduk`.`hubungan_keluarga` = "Kepala `Keluarga"`
JOIN `dusun` ON `dusun`.`id_dusun` = `keluarga`.`id_dusun`
JOIN `rw` ON `rw`.`id_rw` = `keluarga`.`id_rw`
JOIN `rt` ON `rt`.`id_rt` = `keluarga`.`id_rt`
WHERE `keluarga`.`no_kk` = \'1111111111110008\'', 0)
 2 SYSTEMPATH\Database\BaseConnection.php(910): CodeIgniter\Database\MySQLi\Connection->execute('SELECT `keluarga`.`no_kk`, `keluarga`.`alamat`, `dusun`.`nama_dusun`, `rw`.`nama_rw`, `rt`.`nama_rt`, `keluarga`.`jumlah_anggota`, `penduduk`.`nama` AS `kepala_keluarga`
FROM `keluarga`
JOIN `penduduk` ON `penduduk`.`no_kk` = `keluarga`.`no_kk` AND `penduduk`.`hubungan_keluarga` = "Kepala `Keluarga"`
JOIN `dusun` ON `dusun`.`id_dusun` = `keluarga`.`id_dusun`
JOIN `rw` ON `rw`.`id_rw` = `keluarga`.`id_rw`
JOIN `rt` ON `rt`.`id_rt` = `keluarga`.`id_rt`
WHERE `keluarga`.`no_kk` = \'1111111111110008\'')
 3 SYSTEMPATH\Database\BaseConnection.php(827): CodeIgniter\Database\BaseConnection->simpleQuery('SELECT `keluarga`.`no_kk`, `keluarga`.`alamat`, `dusun`.`nama_dusun`, `rw`.`nama_rw`, `rt`.`nama_rt`, `keluarga`.`jumlah_anggota`, `penduduk`.`nama` AS `kepala_keluarga`
FROM `keluarga`
JOIN `penduduk` ON `penduduk`.`no_kk` = `keluarga`.`no_kk` AND `penduduk`.`hubungan_keluarga` = "Kepala `Keluarga"`
JOIN `dusun` ON `dusun`.`id_dusun` = `keluarga`.`id_dusun`
JOIN `rw` ON `rw`.`id_rw` = `keluarga`.`id_rw`
JOIN `rt` ON `rt`.`id_rt` = `keluarga`.`id_rt`
WHERE `keluarga`.`no_kk` = \'1111111111110008\'')
 4 SYSTEMPATH\Database\BaseBuilder.php(1649): CodeIgniter\Database\BaseConnection->query('SELECT `keluarga`.`no_kk`, `keluarga`.`alamat`, `dusun`.`nama_dusun`, `rw`.`nama_rw`, `rt`.`nama_rt`, `keluarga`.`jumlah_anggota`, `penduduk`.`nama` AS `kepala_keluarga`
FROM `keluarga`
JOIN `penduduk` ON `penduduk`.`no_kk` = `keluarga`.`no_kk` AND `penduduk`.`hubungan_keluarga` = "Kepala `Keluarga"`
JOIN `dusun` ON `dusun`.`id_dusun` = `keluarga`.`id_dusun`
JOIN `rw` ON `rw`.`id_rw` = `keluarga`.`id_rw`
JOIN `rt` ON `rt`.`id_rt` = `keluarga`.`id_rt`
WHERE `keluarga`.`no_kk` = :keluarga.no_kk:', [...], false)
 5 APPPATH\Models\KeluargaModel.php(69): CodeIgniter\Database\BaseBuilder->get()
 6 APPPATH\Controllers\DetailAnggota.php(54): App\Models\KeluargaModel->cekKKbyId('1111111111110008')
 7 SYSTEMPATH\CodeIgniter.php(951): App\Controllers\DetailAnggota->cekKK()
 8 SYSTEMPATH\CodeIgniter.php(497): CodeIgniter\CodeIgniter->runController(Object(App\Controllers\DetailAnggota))
 9 SYSTEMPATH\CodeIgniter.php(340): CodeIgniter\CodeIgniter->handleRequest(null, Object(Config\Cache), false)
10 SYSTEMPATH\Boot.php(417): CodeIgniter\CodeIgniter->run()
11 SYSTEMPATH\Boot.php(68): CodeIgniter\Boot::runCodeIgniter(Object(CodeIgniter\CodeIgniter))
12 FCPATH\index.php(59): CodeIgniter\Boot::bootWeb(Object(Config\Paths))
ERROR - 2026-07-04 03:19:19 --> You have an error in your SQL syntax; check the manual that corresponds to your MySQL server version for the right syntax to use near '`
LEFT JOIN `wilayah` `rt` ON `rt`.`id_wilayah` = `k`.`id_rt`
LEFT JOIN `wilayah' at line 3
in SYSTEMPATH\Database\MySQLi\Connection.php on line 300.
 1 SYSTEMPATH\Database\MySQLi\Connection.php(300): mysqli->query('SELECT `k`.`no_kk`, `k`.`alamat`, `dusun`.`nama_wilayah` AS `nama_dusun`, `rw`.`nama_wilayah` AS `nama_rw`, `rt`.`nama_wilayah` AS `nama_rt`, `k`.`jumlah_anggota`, `p`.`nama` AS `kepala_keluarga`
FROM `keluarga` `k`
LEFT JOIN `penduduk` `p` ON `p`.`no_kk` = `k`.`no_kk` AND `p`.`hubungan_keluarga` = "Kepala `Keluarga"`
LEFT JOIN `wilayah` `rt` ON `rt`.`id_wilayah` = `k`.`id_rt`
LEFT JOIN `wilayah` `rw` ON `rw`.`id_wilayah` = `k`.`id_rw`
LEFT JOIN `wilayah` `dusun` ON `dusun`.`id_wilayah` = `k`.`id_dusun`
WHERE `k`.`no_kk` = \'1111111111110008\'', 0)
 2 SYSTEMPATH\Database\BaseConnection.php(910): CodeIgniter\Database\MySQLi\Connection->execute('SELECT `k`.`no_kk`, `k`.`alamat`, `dusun`.`nama_wilayah` AS `nama_dusun`, `rw`.`nama_wilayah` AS `nama_rw`, `rt`.`nama_wilayah` AS `nama_rt`, `k`.`jumlah_anggota`, `p`.`nama` AS `kepala_keluarga`
FROM `keluarga` `k`
LEFT JOIN `penduduk` `p` ON `p`.`no_kk` = `k`.`no_kk` AND `p`.`hubungan_keluarga` = "Kepala `Keluarga"`
LEFT JOIN `wilayah` `rt` ON `rt`.`id_wilayah` = `k`.`id_rt`
LEFT JOIN `wilayah` `rw` ON `rw`.`id_wilayah` = `k`.`id_rw`
LEFT JOIN `wilayah` `dusun` ON `dusun`.`id_wilayah` = `k`.`id_dusun`
WHERE `k`.`no_kk` = \'1111111111110008\'')
 3 SYSTEMPATH\Database\BaseConnection.php(827): CodeIgniter\Database\BaseConnection->simpleQuery('SELECT `k`.`no_kk`, `k`.`alamat`, `dusun`.`nama_wilayah` AS `nama_dusun`, `rw`.`nama_wilayah` AS `nama_rw`, `rt`.`nama_wilayah` AS `nama_rt`, `k`.`jumlah_anggota`, `p`.`nama` AS `kepala_keluarga`
FROM `keluarga` `k`
LEFT JOIN `penduduk` `p` ON `p`.`no_kk` = `k`.`no_kk` AND `p`.`hubungan_keluarga` = "Kepala `Keluarga"`
LEFT JOIN `wilayah` `rt` ON `rt`.`id_wilayah` = `k`.`id_rt`
LEFT JOIN `wilayah` `rw` ON `rw`.`id_wilayah` = `k`.`id_rw`
LEFT JOIN `wilayah` `dusun` ON `dusun`.`id_wilayah` = `k`.`id_dusun`
WHERE `k`.`no_kk` = \'1111111111110008\'')
 4 SYSTEMPATH\Database\BaseBuilder.php(1649): CodeIgniter\Database\BaseConnection->query('SELECT `k`.`no_kk`, `k`.`alamat`, `dusun`.`nama_wilayah` AS `nama_dusun`, `rw`.`nama_wilayah` AS `nama_rw`, `rt`.`nama_wilayah` AS `nama_rt`, `k`.`jumlah_anggota`, `p`.`nama` AS `kepala_keluarga`
FROM `keluarga` `k`
LEFT JOIN `penduduk` `p` ON `p`.`no_kk` = `k`.`no_kk` AND `p`.`hubungan_keluarga` = "Kepala `Keluarga"`
LEFT JOIN `wilayah` `rt` ON `rt`.`id_wilayah` = `k`.`id_rt`
LEFT JOIN `wilayah` `rw` ON `rw`.`id_wilayah` = `k`.`id_rw`
LEFT JOIN `wilayah` `dusun` ON `dusun`.`id_wilayah` = `k`.`id_dusun`
WHERE `k`.`no_kk` = :k.no_kk:', [...], false)
 5 APPPATH\Models\KeluargaModel.php(70): CodeIgniter\Database\BaseBuilder->get()
 6 APPPATH\Controllers\DetailAnggota.php(54): App\Models\KeluargaModel->cekKKbyId('1111111111110008')
 7 SYSTEMPATH\CodeIgniter.php(951): App\Controllers\DetailAnggota->cekKK()
 8 SYSTEMPATH\CodeIgniter.php(497): CodeIgniter\CodeIgniter->runController(Object(App\Controllers\DetailAnggota))
 9 SYSTEMPATH\CodeIgniter.php(340): CodeIgniter\CodeIgniter->handleRequest(null, Object(Config\Cache), false)
10 SYSTEMPATH\Boot.php(417): CodeIgniter\CodeIgniter->run()
11 SYSTEMPATH\Boot.php(68): CodeIgniter\Boot::runCodeIgniter(Object(CodeIgniter\CodeIgniter))
12 FCPATH\index.php(59): CodeIgniter\Boot::bootWeb(Object(Config\Paths))
CRITICAL - 2026-07-04 03:19:19 --> CodeIgniter\Database\Exceptions\DatabaseException: You have an error in your SQL syntax; check the manual that corresponds to your MySQL server version for the right syntax to use near '`
LEFT JOIN `wilayah` `rt` ON `rt`.`id_wilayah` = `k`.`id_rt`
LEFT JOIN `wilayah' at line 3
[Method: POST, Route: detailanggota/cekKK]
in SYSTEMPATH\Database\BaseConnection.php on line 865.
 1 SYSTEMPATH\Database\BaseBuilder.php(1649): CodeIgniter\Database\BaseConnection->query('SELECT `k`.`no_kk`, `k`.`alamat`, `dusun`.`nama_wilayah` AS `nama_dusun`, `rw`.`nama_wilayah` AS `nama_rw`, `rt`.`nama_wilayah` AS `nama_rt`, `k`.`jumlah_anggota`, `p`.`nama` AS `kepala_keluarga`
FROM `keluarga` `k`
LEFT JOIN `penduduk` `p` ON `p`.`no_kk` = `k`.`no_kk` AND `p`.`hubungan_keluarga` = "Kepala `Keluarga"`
LEFT JOIN `wilayah` `rt` ON `rt`.`id_wilayah` = `k`.`id_rt`
LEFT JOIN `wilayah` `rw` ON `rw`.`id_wilayah` = `k`.`id_rw`
LEFT JOIN `wilayah` `dusun` ON `dusun`.`id_wilayah` = `k`.`id_dusun`
WHERE `k`.`no_kk` = :k.no_kk:', [...], false)
 2 APPPATH\Models\KeluargaModel.php(70): CodeIgniter\Database\BaseBuilder->get()
 3 APPPATH\Controllers\DetailAnggota.php(54): App\Models\KeluargaModel->cekKKbyId('1111111111110008')
 4 SYSTEMPATH\CodeIgniter.php(951): App\Controllers\DetailAnggota->cekKK()
 5 SYSTEMPATH\CodeIgniter.php(497): CodeIgniter\CodeIgniter->runController(Object(App\Controllers\DetailAnggota))
 6 SYSTEMPATH\CodeIgniter.php(340): CodeIgniter\CodeIgniter->handleRequest(null, Object(Config\Cache), false)
 7 SYSTEMPATH\Boot.php(417): CodeIgniter\CodeIgniter->run()
 8 SYSTEMPATH\Boot.php(68): CodeIgniter\Boot::runCodeIgniter(Object(CodeIgniter\CodeIgniter))
 9 FCPATH\index.php(59): CodeIgniter\Boot::bootWeb(Object(Config\Paths))
CRITICAL - 2026-07-04 03:19:19 --> [Caused by] CodeIgniter\Database\Exceptions\DatabaseException: You have an error in your SQL syntax; check the manual that corresponds to your MySQL server version for the right syntax to use near '`
LEFT JOIN `wilayah` `rt` ON `rt`.`id_wilayah` = `k`.`id_rt`
LEFT JOIN `wilayah' at line 3
in SYSTEMPATH\Database\MySQLi\Connection.php on line 310.
 1 SYSTEMPATH\Database\BaseConnection.php(910): CodeIgniter\Database\MySQLi\Connection->execute('SELECT `k`.`no_kk`, `k`.`alamat`, `dusun`.`nama_wilayah` AS `nama_dusun`, `rw`.`nama_wilayah` AS `nama_rw`, `rt`.`nama_wilayah` AS `nama_rt`, `k`.`jumlah_anggota`, `p`.`nama` AS `kepala_keluarga`
FROM `keluarga` `k`
LEFT JOIN `penduduk` `p` ON `p`.`no_kk` = `k`.`no_kk` AND `p`.`hubungan_keluarga` = "Kepala `Keluarga"`
LEFT JOIN `wilayah` `rt` ON `rt`.`id_wilayah` = `k`.`id_rt`
LEFT JOIN `wilayah` `rw` ON `rw`.`id_wilayah` = `k`.`id_rw`
LEFT JOIN `wilayah` `dusun` ON `dusun`.`id_wilayah` = `k`.`id_dusun`
WHERE `k`.`no_kk` = \'1111111111110008\'')
 2 SYSTEMPATH\Database\BaseConnection.php(827): CodeIgniter\Database\BaseConnection->simpleQuery('SELECT `k`.`no_kk`, `k`.`alamat`, `dusun`.`nama_wilayah` AS `nama_dusun`, `rw`.`nama_wilayah` AS `nama_rw`, `rt`.`nama_wilayah` AS `nama_rt`, `k`.`jumlah_anggota`, `p`.`nama` AS `kepala_keluarga`
FROM `keluarga` `k`
LEFT JOIN `penduduk` `p` ON `p`.`no_kk` = `k`.`no_kk` AND `p`.`hubungan_keluarga` = "Kepala `Keluarga"`
LEFT JOIN `wilayah` `rt` ON `rt`.`id_wilayah` = `k`.`id_rt`
LEFT JOIN `wilayah` `rw` ON `rw`.`id_wilayah` = `k`.`id_rw`
LEFT JOIN `wilayah` `dusun` ON `dusun`.`id_wilayah` = `k`.`id_dusun`
WHERE `k`.`no_kk` = \'1111111111110008\'')
 3 SYSTEMPATH\Database\BaseBuilder.php(1649): CodeIgniter\Database\BaseConnection->query('SELECT `k`.`no_kk`, `k`.`alamat`, `dusun`.`nama_wilayah` AS `nama_dusun`, `rw`.`nama_wilayah` AS `nama_rw`, `rt`.`nama_wilayah` AS `nama_rt`, `k`.`jumlah_anggota`, `p`.`nama` AS `kepala_keluarga`
FROM `keluarga` `k`
LEFT JOIN `penduduk` `p` ON `p`.`no_kk` = `k`.`no_kk` AND `p`.`hubungan_keluarga` = "Kepala `Keluarga"`
LEFT JOIN `wilayah` `rt` ON `rt`.`id_wilayah` = `k`.`id_rt`
LEFT JOIN `wilayah` `rw` ON `rw`.`id_wilayah` = `k`.`id_rw`
LEFT JOIN `wilayah` `dusun` ON `dusun`.`id_wilayah` = `k`.`id_dusun`
WHERE `k`.`no_kk` = :k.no_kk:', [...], false)
 4 APPPATH\Models\KeluargaModel.php(70): CodeIgniter\Database\BaseBuilder->get()
 5 APPPATH\Controllers\DetailAnggota.php(54): App\Models\KeluargaModel->cekKKbyId('1111111111110008')
 6 SYSTEMPATH\CodeIgniter.php(951): App\Controllers\DetailAnggota->cekKK()
 7 SYSTEMPATH\CodeIgniter.php(497): CodeIgniter\CodeIgniter->runController(Object(App\Controllers\DetailAnggota))
 8 SYSTEMPATH\CodeIgniter.php(340): CodeIgniter\CodeIgniter->handleRequest(null, Object(Config\Cache), false)
 9 SYSTEMPATH\Boot.php(417): CodeIgniter\CodeIgniter->run()
10 SYSTEMPATH\Boot.php(68): CodeIgniter\Boot::runCodeIgniter(Object(CodeIgniter\CodeIgniter))
11 FCPATH\index.php(59): CodeIgniter\Boot::bootWeb(Object(Config\Paths))
CRITICAL - 2026-07-04 03:19:19 --> [Caused by] mysqli_sql_exception: You have an error in your SQL syntax; check the manual that corresponds to your MySQL server version for the right syntax to use near '`
LEFT JOIN `wilayah` `rt` ON `rt`.`id_wilayah` = `k`.`id_rt`
LEFT JOIN `wilayah' at line 3
in SYSTEMPATH\Database\MySQLi\Connection.php on line 300.
 1 SYSTEMPATH\Database\MySQLi\Connection.php(300): mysqli->query('SELECT `k`.`no_kk`, `k`.`alamat`, `dusun`.`nama_wilayah` AS `nama_dusun`, `rw`.`nama_wilayah` AS `nama_rw`, `rt`.`nama_wilayah` AS `nama_rt`, `k`.`jumlah_anggota`, `p`.`nama` AS `kepala_keluarga`
FROM `keluarga` `k`
LEFT JOIN `penduduk` `p` ON `p`.`no_kk` = `k`.`no_kk` AND `p`.`hubungan_keluarga` = "Kepala `Keluarga"`
LEFT JOIN `wilayah` `rt` ON `rt`.`id_wilayah` = `k`.`id_rt`
LEFT JOIN `wilayah` `rw` ON `rw`.`id_wilayah` = `k`.`id_rw`
LEFT JOIN `wilayah` `dusun` ON `dusun`.`id_wilayah` = `k`.`id_dusun`
WHERE `k`.`no_kk` = \'1111111111110008\'', 0)
 2 SYSTEMPATH\Database\BaseConnection.php(910): CodeIgniter\Database\MySQLi\Connection->execute('SELECT `k`.`no_kk`, `k`.`alamat`, `dusun`.`nama_wilayah` AS `nama_dusun`, `rw`.`nama_wilayah` AS `nama_rw`, `rt`.`nama_wilayah` AS `nama_rt`, `k`.`jumlah_anggota`, `p`.`nama` AS `kepala_keluarga`
FROM `keluarga` `k`
LEFT JOIN `penduduk` `p` ON `p`.`no_kk` = `k`.`no_kk` AND `p`.`hubungan_keluarga` = "Kepala `Keluarga"`
LEFT JOIN `wilayah` `rt` ON `rt`.`id_wilayah` = `k`.`id_rt`
LEFT JOIN `wilayah` `rw` ON `rw`.`id_wilayah` = `k`.`id_rw`
LEFT JOIN `wilayah` `dusun` ON `dusun`.`id_wilayah` = `k`.`id_dusun`
WHERE `k`.`no_kk` = \'1111111111110008\'')
 3 SYSTEMPATH\Database\BaseConnection.php(827): CodeIgniter\Database\BaseConnection->simpleQuery('SELECT `k`.`no_kk`, `k`.`alamat`, `dusun`.`nama_wilayah` AS `nama_dusun`, `rw`.`nama_wilayah` AS `nama_rw`, `rt`.`nama_wilayah` AS `nama_rt`, `k`.`jumlah_anggota`, `p`.`nama` AS `kepala_keluarga`
FROM `keluarga` `k`
LEFT JOIN `penduduk` `p` ON `p`.`no_kk` = `k`.`no_kk` AND `p`.`hubungan_keluarga` = "Kepala `Keluarga"`
LEFT JOIN `wilayah` `rt` ON `rt`.`id_wilayah` = `k`.`id_rt`
LEFT JOIN `wilayah` `rw` ON `rw`.`id_wilayah` = `k`.`id_rw`
LEFT JOIN `wilayah` `dusun` ON `dusun`.`id_wilayah` = `k`.`id_dusun`
WHERE `k`.`no_kk` = \'1111111111110008\'')
 4 SYSTEMPATH\Database\BaseBuilder.php(1649): CodeIgniter\Database\BaseConnection->query('SELECT `k`.`no_kk`, `k`.`alamat`, `dusun`.`nama_wilayah` AS `nama_dusun`, `rw`.`nama_wilayah` AS `nama_rw`, `rt`.`nama_wilayah` AS `nama_rt`, `k`.`jumlah_anggota`, `p`.`nama` AS `kepala_keluarga`
FROM `keluarga` `k`
LEFT JOIN `penduduk` `p` ON `p`.`no_kk` = `k`.`no_kk` AND `p`.`hubungan_keluarga` = "Kepala `Keluarga"`
LEFT JOIN `wilayah` `rt` ON `rt`.`id_wilayah` = `k`.`id_rt`
LEFT JOIN `wilayah` `rw` ON `rw`.`id_wilayah` = `k`.`id_rw`
LEFT JOIN `wilayah` `dusun` ON `dusun`.`id_wilayah` = `k`.`id_dusun`
WHERE `k`.`no_kk` = :k.no_kk:', [...], false)
 5 APPPATH\Models\KeluargaModel.php(70): CodeIgniter\Database\BaseBuilder->get()
 6 APPPATH\Controllers\DetailAnggota.php(54): App\Models\KeluargaModel->cekKKbyId('1111111111110008')
 7 SYSTEMPATH\CodeIgniter.php(951): App\Controllers\DetailAnggota->cekKK()
 8 SYSTEMPATH\CodeIgniter.php(497): CodeIgniter\CodeIgniter->runController(Object(App\Controllers\DetailAnggota))
 9 SYSTEMPATH\CodeIgniter.php(340): CodeIgniter\CodeIgniter->handleRequest(null, Object(Config\Cache), false)
10 SYSTEMPATH\Boot.php(417): CodeIgniter\CodeIgniter->run()
11 SYSTEMPATH\Boot.php(68): CodeIgniter\Boot::runCodeIgniter(Object(CodeIgniter\CodeIgniter))
12 FCPATH\index.php(59): CodeIgniter\Boot::bootWeb(Object(Config\Paths))
ERROR - 2026-07-04 03:23:49 --> You have an error in your SQL syntax; check the manual that corresponds to your MySQL server version for the right syntax to use near '`
LEFT JOIN `wilayah` `rt` ON `rt`.`id_wilayah` = `k`.`id_rt`
LEFT JOIN `wilayah' at line 3
in SYSTEMPATH\Database\MySQLi\Connection.php on line 300.
 1 SYSTEMPATH\Database\MySQLi\Connection.php(300): mysqli->query('SELECT `k`.`no_kk`, `k`.`alamat`, `dusun`.`nama_wilayah` AS `nama_dusun`, `rw`.`nama_wilayah` AS `nama_rw`, `rt`.`nama_wilayah` AS `nama_rt`, `k`.`jumlah_anggota`, `p`.`nama` AS `kepala_keluarga`
FROM `keluarga` `k`
LEFT JOIN `penduduk` `p` ON `p`.`no_kk` = `k`.`no_kk` AND `p`.`hubungan_keluarga` = "Kepala `Keluarga"`
LEFT JOIN `wilayah` `rt` ON `rt`.`id_wilayah` = `k`.`id_rt`
LEFT JOIN `wilayah` `rw` ON `rw`.`id_wilayah` = `k`.`id_rw`
LEFT JOIN `wilayah` `dusun` ON `dusun`.`id_wilayah` = `k`.`id_dusun`
WHERE `k`.`no_kk` = \'1111111111110002\'', 0)
 2 SYSTEMPATH\Database\BaseConnection.php(910): CodeIgniter\Database\MySQLi\Connection->execute('SELECT `k`.`no_kk`, `k`.`alamat`, `dusun`.`nama_wilayah` AS `nama_dusun`, `rw`.`nama_wilayah` AS `nama_rw`, `rt`.`nama_wilayah` AS `nama_rt`, `k`.`jumlah_anggota`, `p`.`nama` AS `kepala_keluarga`
FROM `keluarga` `k`
LEFT JOIN `penduduk` `p` ON `p`.`no_kk` = `k`.`no_kk` AND `p`.`hubungan_keluarga` = "Kepala `Keluarga"`
LEFT JOIN `wilayah` `rt` ON `rt`.`id_wilayah` = `k`.`id_rt`
LEFT JOIN `wilayah` `rw` ON `rw`.`id_wilayah` = `k`.`id_rw`
LEFT JOIN `wilayah` `dusun` ON `dusun`.`id_wilayah` = `k`.`id_dusun`
WHERE `k`.`no_kk` = \'1111111111110002\'')
 3 SYSTEMPATH\Database\BaseConnection.php(827): CodeIgniter\Database\BaseConnection->simpleQuery('SELECT `k`.`no_kk`, `k`.`alamat`, `dusun`.`nama_wilayah` AS `nama_dusun`, `rw`.`nama_wilayah` AS `nama_rw`, `rt`.`nama_wilayah` AS `nama_rt`, `k`.`jumlah_anggota`, `p`.`nama` AS `kepala_keluarga`
FROM `keluarga` `k`
LEFT JOIN `penduduk` `p` ON `p`.`no_kk` = `k`.`no_kk` AND `p`.`hubungan_keluarga` = "Kepala `Keluarga"`
LEFT JOIN `wilayah` `rt` ON `rt`.`id_wilayah` = `k`.`id_rt`
LEFT JOIN `wilayah` `rw` ON `rw`.`id_wilayah` = `k`.`id_rw`
LEFT JOIN `wilayah` `dusun` ON `dusun`.`id_wilayah` = `k`.`id_dusun`
WHERE `k`.`no_kk` = \'1111111111110002\'')
 4 SYSTEMPATH\Database\BaseBuilder.php(1649): CodeIgniter\Database\BaseConnection->query('SELECT `k`.`no_kk`, `k`.`alamat`, `dusun`.`nama_wilayah` AS `nama_dusun`, `rw`.`nama_wilayah` AS `nama_rw`, `rt`.`nama_wilayah` AS `nama_rt`, `k`.`jumlah_anggota`, `p`.`nama` AS `kepala_keluarga`
FROM `keluarga` `k`
LEFT JOIN `penduduk` `p` ON `p`.`no_kk` = `k`.`no_kk` AND `p`.`hubungan_keluarga` = "Kepala `Keluarga"`
LEFT JOIN `wilayah` `rt` ON `rt`.`id_wilayah` = `k`.`id_rt`
LEFT JOIN `wilayah` `rw` ON `rw`.`id_wilayah` = `k`.`id_rw`
LEFT JOIN `wilayah` `dusun` ON `dusun`.`id_wilayah` = `k`.`id_dusun`
WHERE `k`.`no_kk` = :k.no_kk:', [...], false)
 5 APPPATH\Models\KeluargaModel.php(70): CodeIgniter\Database\BaseBuilder->get()
 6 APPPATH\Controllers\DetailAnggota.php(54): App\Models\KeluargaModel->cekKKbyId('1111111111110002')
 7 SYSTEMPATH\CodeIgniter.php(951): App\Controllers\DetailAnggota->cekKK()
 8 SYSTEMPATH\CodeIgniter.php(497): CodeIgniter\CodeIgniter->runController(Object(App\Controllers\DetailAnggota))
 9 SYSTEMPATH\CodeIgniter.php(340): CodeIgniter\CodeIgniter->handleRequest(null, Object(Config\Cache), false)
10 SYSTEMPATH\Boot.php(417): CodeIgniter\CodeIgniter->run()
11 SYSTEMPATH\Boot.php(68): CodeIgniter\Boot::runCodeIgniter(Object(CodeIgniter\CodeIgniter))
12 FCPATH\index.php(59): CodeIgniter\Boot::bootWeb(Object(Config\Paths))
CRITICAL - 2026-07-04 03:23:49 --> CodeIgniter\Database\Exceptions\DatabaseException: You have an error in your SQL syntax; check the manual that corresponds to your MySQL server version for the right syntax to use near '`
LEFT JOIN `wilayah` `rt` ON `rt`.`id_wilayah` = `k`.`id_rt`
LEFT JOIN `wilayah' at line 3
[Method: POST, Route: detailanggota/cekKK]
in SYSTEMPATH\Database\BaseConnection.php on line 865.
 1 SYSTEMPATH\Database\BaseBuilder.php(1649): CodeIgniter\Database\BaseConnection->query('SELECT `k`.`no_kk`, `k`.`alamat`, `dusun`.`nama_wilayah` AS `nama_dusun`, `rw`.`nama_wilayah` AS `nama_rw`, `rt`.`nama_wilayah` AS `nama_rt`, `k`.`jumlah_anggota`, `p`.`nama` AS `kepala_keluarga`
FROM `keluarga` `k`
LEFT JOIN `penduduk` `p` ON `p`.`no_kk` = `k`.`no_kk` AND `p`.`hubungan_keluarga` = "Kepala `Keluarga"`
LEFT JOIN `wilayah` `rt` ON `rt`.`id_wilayah` = `k`.`id_rt`
LEFT JOIN `wilayah` `rw` ON `rw`.`id_wilayah` = `k`.`id_rw`
LEFT JOIN `wilayah` `dusun` ON `dusun`.`id_wilayah` = `k`.`id_dusun`
WHERE `k`.`no_kk` = :k.no_kk:', [...], false)
 2 APPPATH\Models\KeluargaModel.php(70): CodeIgniter\Database\BaseBuilder->get()
 3 APPPATH\Controllers\DetailAnggota.php(54): App\Models\KeluargaModel->cekKKbyId('1111111111110002')
 4 SYSTEMPATH\CodeIgniter.php(951): App\Controllers\DetailAnggota->cekKK()
 5 SYSTEMPATH\CodeIgniter.php(497): CodeIgniter\CodeIgniter->runController(Object(App\Controllers\DetailAnggota))
 6 SYSTEMPATH\CodeIgniter.php(340): CodeIgniter\CodeIgniter->handleRequest(null, Object(Config\Cache), false)
 7 SYSTEMPATH\Boot.php(417): CodeIgniter\CodeIgniter->run()
 8 SYSTEMPATH\Boot.php(68): CodeIgniter\Boot::runCodeIgniter(Object(CodeIgniter\CodeIgniter))
 9 FCPATH\index.php(59): CodeIgniter\Boot::bootWeb(Object(Config\Paths))
CRITICAL - 2026-07-04 03:23:49 --> [Caused by] CodeIgniter\Database\Exceptions\DatabaseException: You have an error in your SQL syntax; check the manual that corresponds to your MySQL server version for the right syntax to use near '`
LEFT JOIN `wilayah` `rt` ON `rt`.`id_wilayah` = `k`.`id_rt`
LEFT JOIN `wilayah' at line 3
in SYSTEMPATH\Database\MySQLi\Connection.php on line 310.
 1 SYSTEMPATH\Database\BaseConnection.php(910): CodeIgniter\Database\MySQLi\Connection->execute('SELECT `k`.`no_kk`, `k`.`alamat`, `dusun`.`nama_wilayah` AS `nama_dusun`, `rw`.`nama_wilayah` AS `nama_rw`, `rt`.`nama_wilayah` AS `nama_rt`, `k`.`jumlah_anggota`, `p`.`nama` AS `kepala_keluarga`
FROM `keluarga` `k`
LEFT JOIN `penduduk` `p` ON `p`.`no_kk` = `k`.`no_kk` AND `p`.`hubungan_keluarga` = "Kepala `Keluarga"`
LEFT JOIN `wilayah` `rt` ON `rt`.`id_wilayah` = `k`.`id_rt`
LEFT JOIN `wilayah` `rw` ON `rw`.`id_wilayah` = `k`.`id_rw`
LEFT JOIN `wilayah` `dusun` ON `dusun`.`id_wilayah` = `k`.`id_dusun`
WHERE `k`.`no_kk` = \'1111111111110002\'')
 2 SYSTEMPATH\Database\BaseConnection.php(827): CodeIgniter\Database\BaseConnection->simpleQuery('SELECT `k`.`no_kk`, `k`.`alamat`, `dusun`.`nama_wilayah` AS `nama_dusun`, `rw`.`nama_wilayah` AS `nama_rw`, `rt`.`nama_wilayah` AS `nama_rt`, `k`.`jumlah_anggota`, `p`.`nama` AS `kepala_keluarga`
FROM `keluarga` `k`
LEFT JOIN `penduduk` `p` ON `p`.`no_kk` = `k`.`no_kk` AND `p`.`hubungan_keluarga` = "Kepala `Keluarga"`
LEFT JOIN `wilayah` `rt` ON `rt`.`id_wilayah` = `k`.`id_rt`
LEFT JOIN `wilayah` `rw` ON `rw`.`id_wilayah` = `k`.`id_rw`
LEFT JOIN `wilayah` `dusun` ON `dusun`.`id_wilayah` = `k`.`id_dusun`
WHERE `k`.`no_kk` = \'1111111111110002\'')
 3 SYSTEMPATH\Database\BaseBuilder.php(1649): CodeIgniter\Database\BaseConnection->query('SELECT `k`.`no_kk`, `k`.`alamat`, `dusun`.`nama_wilayah` AS `nama_dusun`, `rw`.`nama_wilayah` AS `nama_rw`, `rt`.`nama_wilayah` AS `nama_rt`, `k`.`jumlah_anggota`, `p`.`nama` AS `kepala_keluarga`
FROM `keluarga` `k`
LEFT JOIN `penduduk` `p` ON `p`.`no_kk` = `k`.`no_kk` AND `p`.`hubungan_keluarga` = "Kepala `Keluarga"`
LEFT JOIN `wilayah` `rt` ON `rt`.`id_wilayah` = `k`.`id_rt`
LEFT JOIN `wilayah` `rw` ON `rw`.`id_wilayah` = `k`.`id_rw`
LEFT JOIN `wilayah` `dusun` ON `dusun`.`id_wilayah` = `k`.`id_dusun`
WHERE `k`.`no_kk` = :k.no_kk:', [...], false)
 4 APPPATH\Models\KeluargaModel.php(70): CodeIgniter\Database\BaseBuilder->get()
 5 APPPATH\Controllers\DetailAnggota.php(54): App\Models\KeluargaModel->cekKKbyId('1111111111110002')
 6 SYSTEMPATH\CodeIgniter.php(951): App\Controllers\DetailAnggota->cekKK()
 7 SYSTEMPATH\CodeIgniter.php(497): CodeIgniter\CodeIgniter->runController(Object(App\Controllers\DetailAnggota))
 8 SYSTEMPATH\CodeIgniter.php(340): CodeIgniter\CodeIgniter->handleRequest(null, Object(Config\Cache), false)
 9 SYSTEMPATH\Boot.php(417): CodeIgniter\CodeIgniter->run()
10 SYSTEMPATH\Boot.php(68): CodeIgniter\Boot::runCodeIgniter(Object(CodeIgniter\CodeIgniter))
11 FCPATH\index.php(59): CodeIgniter\Boot::bootWeb(Object(Config\Paths))
CRITICAL - 2026-07-04 03:23:49 --> [Caused by] mysqli_sql_exception: You have an error in your SQL syntax; check the manual that corresponds to your MySQL server version for the right syntax to use near '`
LEFT JOIN `wilayah` `rt` ON `rt`.`id_wilayah` = `k`.`id_rt`
LEFT JOIN `wilayah' at line 3
in SYSTEMPATH\Database\MySQLi\Connection.php on line 300.
 1 SYSTEMPATH\Database\MySQLi\Connection.php(300): mysqli->query('SELECT `k`.`no_kk`, `k`.`alamat`, `dusun`.`nama_wilayah` AS `nama_dusun`, `rw`.`nama_wilayah` AS `nama_rw`, `rt`.`nama_wilayah` AS `nama_rt`, `k`.`jumlah_anggota`, `p`.`nama` AS `kepala_keluarga`
FROM `keluarga` `k`
LEFT JOIN `penduduk` `p` ON `p`.`no_kk` = `k`.`no_kk` AND `p`.`hubungan_keluarga` = "Kepala `Keluarga"`
LEFT JOIN `wilayah` `rt` ON `rt`.`id_wilayah` = `k`.`id_rt`
LEFT JOIN `wilayah` `rw` ON `rw`.`id_wilayah` = `k`.`id_rw`
LEFT JOIN `wilayah` `dusun` ON `dusun`.`id_wilayah` = `k`.`id_dusun`
WHERE `k`.`no_kk` = \'1111111111110002\'', 0)
 2 SYSTEMPATH\Database\BaseConnection.php(910): CodeIgniter\Database\MySQLi\Connection->execute('SELECT `k`.`no_kk`, `k`.`alamat`, `dusun`.`nama_wilayah` AS `nama_dusun`, `rw`.`nama_wilayah` AS `nama_rw`, `rt`.`nama_wilayah` AS `nama_rt`, `k`.`jumlah_anggota`, `p`.`nama` AS `kepala_keluarga`
FROM `keluarga` `k`
LEFT JOIN `penduduk` `p` ON `p`.`no_kk` = `k`.`no_kk` AND `p`.`hubungan_keluarga` = "Kepala `Keluarga"`
LEFT JOIN `wilayah` `rt` ON `rt`.`id_wilayah` = `k`.`id_rt`
LEFT JOIN `wilayah` `rw` ON `rw`.`id_wilayah` = `k`.`id_rw`
LEFT JOIN `wilayah` `dusun` ON `dusun`.`id_wilayah` = `k`.`id_dusun`
WHERE `k`.`no_kk` = \'1111111111110002\'')
 3 SYSTEMPATH\Database\BaseConnection.php(827): CodeIgniter\Database\BaseConnection->simpleQuery('SELECT `k`.`no_kk`, `k`.`alamat`, `dusun`.`nama_wilayah` AS `nama_dusun`, `rw`.`nama_wilayah` AS `nama_rw`, `rt`.`nama_wilayah` AS `nama_rt`, `k`.`jumlah_anggota`, `p`.`nama` AS `kepala_keluarga`
FROM `keluarga` `k`
LEFT JOIN `penduduk` `p` ON `p`.`no_kk` = `k`.`no_kk` AND `p`.`hubungan_keluarga` = "Kepala `Keluarga"`
LEFT JOIN `wilayah` `rt` ON `rt`.`id_wilayah` = `k`.`id_rt`
LEFT JOIN `wilayah` `rw` ON `rw`.`id_wilayah` = `k`.`id_rw`
LEFT JOIN `wilayah` `dusun` ON `dusun`.`id_wilayah` = `k`.`id_dusun`
WHERE `k`.`no_kk` = \'1111111111110002\'')
 4 SYSTEMPATH\Database\BaseBuilder.php(1649): CodeIgniter\Database\BaseConnection->query('SELECT `k`.`no_kk`, `k`.`alamat`, `dusun`.`nama_wilayah` AS `nama_dusun`, `rw`.`nama_wilayah` AS `nama_rw`, `rt`.`nama_wilayah` AS `nama_rt`, `k`.`jumlah_anggota`, `p`.`nama` AS `kepala_keluarga`
FROM `keluarga` `k`
LEFT JOIN `penduduk` `p` ON `p`.`no_kk` = `k`.`no_kk` AND `p`.`hubungan_keluarga` = "Kepala `Keluarga"`
LEFT JOIN `wilayah` `rt` ON `rt`.`id_wilayah` = `k`.`id_rt`
LEFT JOIN `wilayah` `rw` ON `rw`.`id_wilayah` = `k`.`id_rw`
LEFT JOIN `wilayah` `dusun` ON `dusun`.`id_wilayah` = `k`.`id_dusun`
WHERE `k`.`no_kk` = :k.no_kk:', [...], false)
 5 APPPATH\Models\KeluargaModel.php(70): CodeIgniter\Database\BaseBuilder->get()
 6 APPPATH\Controllers\DetailAnggota.php(54): App\Models\KeluargaModel->cekKKbyId('1111111111110002')
 7 SYSTEMPATH\CodeIgniter.php(951): App\Controllers\DetailAnggota->cekKK()
 8 SYSTEMPATH\CodeIgniter.php(497): CodeIgniter\CodeIgniter->runController(Object(App\Controllers\DetailAnggota))
 9 SYSTEMPATH\CodeIgniter.php(340): CodeIgniter\CodeIgniter->handleRequest(null, Object(Config\Cache), false)
10 SYSTEMPATH\Boot.php(417): CodeIgniter\CodeIgniter->run()
11 SYSTEMPATH\Boot.php(68): CodeIgniter\Boot::runCodeIgniter(Object(CodeIgniter\CodeIgniter))
12 FCPATH\index.php(59): CodeIgniter\Boot::bootWeb(Object(Config\Paths))
ERROR - 2026-07-04 03:24:52 --> You have an error in your SQL syntax; check the manual that corresponds to your MySQL server version for the right syntax to use near '`
LEFT JOIN `wilayah` `rt` ON `rt`.`id_wilayah` = `k`.`id_rt`
LEFT JOIN `wilayah' at line 3
in SYSTEMPATH\Database\MySQLi\Connection.php on line 300.
 1 SYSTEMPATH\Database\MySQLi\Connection.php(300): mysqli->query('SELECT `k`.`no_kk`, `k`.`alamat`, `dusun`.`nama_wilayah` AS `nama_dusun`, `rw`.`nama_wilayah` AS `nama_rw`, `rt`.`nama_wilayah` AS `nama_rt`, `k`.`jumlah_anggota`, `p`.`nama` AS `kepala_keluarga`
FROM `keluarga` `k`
LEFT JOIN `penduduk` `p` ON `p`.`no_kk` = `k`.`no_kk` AND `p`.`hubungan_keluarga` = "Kepala `Keluarga"`
LEFT JOIN `wilayah` `rt` ON `rt`.`id_wilayah` = `k`.`id_rt`
LEFT JOIN `wilayah` `rw` ON `rw`.`id_wilayah` = `k`.`id_rw`
LEFT JOIN `wilayah` `dusun` ON `dusun`.`id_wilayah` = `k`.`id_dusun`
WHERE `k`.`no_kk` = \'1111111111110002\'', 0)
 2 SYSTEMPATH\Database\BaseConnection.php(910): CodeIgniter\Database\MySQLi\Connection->execute('SELECT `k`.`no_kk`, `k`.`alamat`, `dusun`.`nama_wilayah` AS `nama_dusun`, `rw`.`nama_wilayah` AS `nama_rw`, `rt`.`nama_wilayah` AS `nama_rt`, `k`.`jumlah_anggota`, `p`.`nama` AS `kepala_keluarga`
FROM `keluarga` `k`
LEFT JOIN `penduduk` `p` ON `p`.`no_kk` = `k`.`no_kk` AND `p`.`hubungan_keluarga` = "Kepala `Keluarga"`
LEFT JOIN `wilayah` `rt` ON `rt`.`id_wilayah` = `k`.`id_rt`
LEFT JOIN `wilayah` `rw` ON `rw`.`id_wilayah` = `k`.`id_rw`
LEFT JOIN `wilayah` `dusun` ON `dusun`.`id_wilayah` = `k`.`id_dusun`
WHERE `k`.`no_kk` = \'1111111111110002\'')
 3 SYSTEMPATH\Database\BaseConnection.php(827): CodeIgniter\Database\BaseConnection->simpleQuery('SELECT `k`.`no_kk`, `k`.`alamat`, `dusun`.`nama_wilayah` AS `nama_dusun`, `rw`.`nama_wilayah` AS `nama_rw`, `rt`.`nama_wilayah` AS `nama_rt`, `k`.`jumlah_anggota`, `p`.`nama` AS `kepala_keluarga`
FROM `keluarga` `k`
LEFT JOIN `penduduk` `p` ON `p`.`no_kk` = `k`.`no_kk` AND `p`.`hubungan_keluarga` = "Kepala `Keluarga"`
LEFT JOIN `wilayah` `rt` ON `rt`.`id_wilayah` = `k`.`id_rt`
LEFT JOIN `wilayah` `rw` ON `rw`.`id_wilayah` = `k`.`id_rw`
LEFT JOIN `wilayah` `dusun` ON `dusun`.`id_wilayah` = `k`.`id_dusun`
WHERE `k`.`no_kk` = \'1111111111110002\'')
 4 SYSTEMPATH\Database\BaseBuilder.php(1649): CodeIgniter\Database\BaseConnection->query('SELECT `k`.`no_kk`, `k`.`alamat`, `dusun`.`nama_wilayah` AS `nama_dusun`, `rw`.`nama_wilayah` AS `nama_rw`, `rt`.`nama_wilayah` AS `nama_rt`, `k`.`jumlah_anggota`, `p`.`nama` AS `kepala_keluarga`
FROM `keluarga` `k`
LEFT JOIN `penduduk` `p` ON `p`.`no_kk` = `k`.`no_kk` AND `p`.`hubungan_keluarga` = "Kepala `Keluarga"`
LEFT JOIN `wilayah` `rt` ON `rt`.`id_wilayah` = `k`.`id_rt`
LEFT JOIN `wilayah` `rw` ON `rw`.`id_wilayah` = `k`.`id_rw`
LEFT JOIN `wilayah` `dusun` ON `dusun`.`id_wilayah` = `k`.`id_dusun`
WHERE `k`.`no_kk` = :k.no_kk:', [...], false)
 5 APPPATH\Models\KeluargaModel.php(70): CodeIgniter\Database\BaseBuilder->get()
 6 APPPATH\Controllers\DetailAnggota.php(54): App\Models\KeluargaModel->cekKKbyId('1111111111110002')
 7 SYSTEMPATH\CodeIgniter.php(951): App\Controllers\DetailAnggota->cekKK()
 8 SYSTEMPATH\CodeIgniter.php(497): CodeIgniter\CodeIgniter->runController(Object(App\Controllers\DetailAnggota))
 9 SYSTEMPATH\CodeIgniter.php(340): CodeIgniter\CodeIgniter->handleRequest(null, Object(Config\Cache), false)
10 SYSTEMPATH\Boot.php(417): CodeIgniter\CodeIgniter->run()
11 SYSTEMPATH\Boot.php(68): CodeIgniter\Boot::runCodeIgniter(Object(CodeIgniter\CodeIgniter))
12 FCPATH\index.php(59): CodeIgniter\Boot::bootWeb(Object(Config\Paths))
CRITICAL - 2026-07-04 03:24:52 --> CodeIgniter\Database\Exceptions\DatabaseException: You have an error in your SQL syntax; check the manual that corresponds to your MySQL server version for the right syntax to use near '`
LEFT JOIN `wilayah` `rt` ON `rt`.`id_wilayah` = `k`.`id_rt`
LEFT JOIN `wilayah' at line 3
[Method: POST, Route: detailanggota/cekKK]
in SYSTEMPATH\Database\BaseConnection.php on line 865.
 1 SYSTEMPATH\Database\BaseBuilder.php(1649): CodeIgniter\Database\BaseConnection->query('SELECT `k`.`no_kk`, `k`.`alamat`, `dusun`.`nama_wilayah` AS `nama_dusun`, `rw`.`nama_wilayah` AS `nama_rw`, `rt`.`nama_wilayah` AS `nama_rt`, `k`.`jumlah_anggota`, `p`.`nama` AS `kepala_keluarga`
FROM `keluarga` `k`
LEFT JOIN `penduduk` `p` ON `p`.`no_kk` = `k`.`no_kk` AND `p`.`hubungan_keluarga` = "Kepala `Keluarga"`
LEFT JOIN `wilayah` `rt` ON `rt`.`id_wilayah` = `k`.`id_rt`
LEFT JOIN `wilayah` `rw` ON `rw`.`id_wilayah` = `k`.`id_rw`
LEFT JOIN `wilayah` `dusun` ON `dusun`.`id_wilayah` = `k`.`id_dusun`
WHERE `k`.`no_kk` = :k.no_kk:', [...], false)
 2 APPPATH\Models\KeluargaModel.php(70): CodeIgniter\Database\BaseBuilder->get()
 3 APPPATH\Controllers\DetailAnggota.php(54): App\Models\KeluargaModel->cekKKbyId('1111111111110002')
 4 SYSTEMPATH\CodeIgniter.php(951): App\Controllers\DetailAnggota->cekKK()
 5 SYSTEMPATH\CodeIgniter.php(497): CodeIgniter\CodeIgniter->runController(Object(App\Controllers\DetailAnggota))
 6 SYSTEMPATH\CodeIgniter.php(340): CodeIgniter\CodeIgniter->handleRequest(null, Object(Config\Cache), false)
 7 SYSTEMPATH\Boot.php(417): CodeIgniter\CodeIgniter->run()
 8 SYSTEMPATH\Boot.php(68): CodeIgniter\Boot::runCodeIgniter(Object(CodeIgniter\CodeIgniter))
 9 FCPATH\index.php(59): CodeIgniter\Boot::bootWeb(Object(Config\Paths))
CRITICAL - 2026-07-04 03:24:52 --> [Caused by] CodeIgniter\Database\Exceptions\DatabaseException: You have an error in your SQL syntax; check the manual that corresponds to your MySQL server version for the right syntax to use near '`
LEFT JOIN `wilayah` `rt` ON `rt`.`id_wilayah` = `k`.`id_rt`
LEFT JOIN `wilayah' at line 3
in SYSTEMPATH\Database\MySQLi\Connection.php on line 310.
 1 SYSTEMPATH\Database\BaseConnection.php(910): CodeIgniter\Database\MySQLi\Connection->execute('SELECT `k`.`no_kk`, `k`.`alamat`, `dusun`.`nama_wilayah` AS `nama_dusun`, `rw`.`nama_wilayah` AS `nama_rw`, `rt`.`nama_wilayah` AS `nama_rt`, `k`.`jumlah_anggota`, `p`.`nama` AS `kepala_keluarga`
FROM `keluarga` `k`
LEFT JOIN `penduduk` `p` ON `p`.`no_kk` = `k`.`no_kk` AND `p`.`hubungan_keluarga` = "Kepala `Keluarga"`
LEFT JOIN `wilayah` `rt` ON `rt`.`id_wilayah` = `k`.`id_rt`
LEFT JOIN `wilayah` `rw` ON `rw`.`id_wilayah` = `k`.`id_rw`
LEFT JOIN `wilayah` `dusun` ON `dusun`.`id_wilayah` = `k`.`id_dusun`
WHERE `k`.`no_kk` = \'1111111111110002\'')
 2 SYSTEMPATH\Database\BaseConnection.php(827): CodeIgniter\Database\BaseConnection->simpleQuery('SELECT `k`.`no_kk`, `k`.`alamat`, `dusun`.`nama_wilayah` AS `nama_dusun`, `rw`.`nama_wilayah` AS `nama_rw`, `rt`.`nama_wilayah` AS `nama_rt`, `k`.`jumlah_anggota`, `p`.`nama` AS `kepala_keluarga`
FROM `keluarga` `k`
LEFT JOIN `penduduk` `p` ON `p`.`no_kk` = `k`.`no_kk` AND `p`.`hubungan_keluarga` = "Kepala `Keluarga"`
LEFT JOIN `wilayah` `rt` ON `rt`.`id_wilayah` = `k`.`id_rt`
LEFT JOIN `wilayah` `rw` ON `rw`.`id_wilayah` = `k`.`id_rw`
LEFT JOIN `wilayah` `dusun` ON `dusun`.`id_wilayah` = `k`.`id_dusun`
WHERE `k`.`no_kk` = \'1111111111110002\'')
 3 SYSTEMPATH\Database\BaseBuilder.php(1649): CodeIgniter\Database\BaseConnection->query('SELECT `k`.`no_kk`, `k`.`alamat`, `dusun`.`nama_wilayah` AS `nama_dusun`, `rw`.`nama_wilayah` AS `nama_rw`, `rt`.`nama_wilayah` AS `nama_rt`, `k`.`jumlah_anggota`, `p`.`nama` AS `kepala_keluarga`
FROM `keluarga` `k`
LEFT JOIN `penduduk` `p` ON `p`.`no_kk` = `k`.`no_kk` AND `p`.`hubungan_keluarga` = "Kepala `Keluarga"`
LEFT JOIN `wilayah` `rt` ON `rt`.`id_wilayah` = `k`.`id_rt`
LEFT JOIN `wilayah` `rw` ON `rw`.`id_wilayah` = `k`.`id_rw`
LEFT JOIN `wilayah` `dusun` ON `dusun`.`id_wilayah` = `k`.`id_dusun`
WHERE `k`.`no_kk` = :k.no_kk:', [...], false)
 4 APPPATH\Models\KeluargaModel.php(70): CodeIgniter\Database\BaseBuilder->get()
 5 APPPATH\Controllers\DetailAnggota.php(54): App\Models\KeluargaModel->cekKKbyId('1111111111110002')
 6 SYSTEMPATH\CodeIgniter.php(951): App\Controllers\DetailAnggota->cekKK()
 7 SYSTEMPATH\CodeIgniter.php(497): CodeIgniter\CodeIgniter->runController(Object(App\Controllers\DetailAnggota))
 8 SYSTEMPATH\CodeIgniter.php(340): CodeIgniter\CodeIgniter->handleRequest(null, Object(Config\Cache), false)
 9 SYSTEMPATH\Boot.php(417): CodeIgniter\CodeIgniter->run()
10 SYSTEMPATH\Boot.php(68): CodeIgniter\Boot::runCodeIgniter(Object(CodeIgniter\CodeIgniter))
11 FCPATH\index.php(59): CodeIgniter\Boot::bootWeb(Object(Config\Paths))
CRITICAL - 2026-07-04 03:24:52 --> [Caused by] mysqli_sql_exception: You have an error in your SQL syntax; check the manual that corresponds to your MySQL server version for the right syntax to use near '`
LEFT JOIN `wilayah` `rt` ON `rt`.`id_wilayah` = `k`.`id_rt`
LEFT JOIN `wilayah' at line 3
in SYSTEMPATH\Database\MySQLi\Connection.php on line 300.
 1 SYSTEMPATH\Database\MySQLi\Connection.php(300): mysqli->query('SELECT `k`.`no_kk`, `k`.`alamat`, `dusun`.`nama_wilayah` AS `nama_dusun`, `rw`.`nama_wilayah` AS `nama_rw`, `rt`.`nama_wilayah` AS `nama_rt`, `k`.`jumlah_anggota`, `p`.`nama` AS `kepala_keluarga`
FROM `keluarga` `k`
LEFT JOIN `penduduk` `p` ON `p`.`no_kk` = `k`.`no_kk` AND `p`.`hubungan_keluarga` = "Kepala `Keluarga"`
LEFT JOIN `wilayah` `rt` ON `rt`.`id_wilayah` = `k`.`id_rt`
LEFT JOIN `wilayah` `rw` ON `rw`.`id_wilayah` = `k`.`id_rw`
LEFT JOIN `wilayah` `dusun` ON `dusun`.`id_wilayah` = `k`.`id_dusun`
WHERE `k`.`no_kk` = \'1111111111110002\'', 0)
 2 SYSTEMPATH\Database\BaseConnection.php(910): CodeIgniter\Database\MySQLi\Connection->execute('SELECT `k`.`no_kk`, `k`.`alamat`, `dusun`.`nama_wilayah` AS `nama_dusun`, `rw`.`nama_wilayah` AS `nama_rw`, `rt`.`nama_wilayah` AS `nama_rt`, `k`.`jumlah_anggota`, `p`.`nama` AS `kepala_keluarga`
FROM `keluarga` `k`
LEFT JOIN `penduduk` `p` ON `p`.`no_kk` = `k`.`no_kk` AND `p`.`hubungan_keluarga` = "Kepala `Keluarga"`
LEFT JOIN `wilayah` `rt` ON `rt`.`id_wilayah` = `k`.`id_rt`
LEFT JOIN `wilayah` `rw` ON `rw`.`id_wilayah` = `k`.`id_rw`
LEFT JOIN `wilayah` `dusun` ON `dusun`.`id_wilayah` = `k`.`id_dusun`
WHERE `k`.`no_kk` = \'1111111111110002\'')
 3 SYSTEMPATH\Database\BaseConnection.php(827): CodeIgniter\Database\BaseConnection->simpleQuery('SELECT `k`.`no_kk`, `k`.`alamat`, `dusun`.`nama_wilayah` AS `nama_dusun`, `rw`.`nama_wilayah` AS `nama_rw`, `rt`.`nama_wilayah` AS `nama_rt`, `k`.`jumlah_anggota`, `p`.`nama` AS `kepala_keluarga`
FROM `keluarga` `k`
LEFT JOIN `penduduk` `p` ON `p`.`no_kk` = `k`.`no_kk` AND `p`.`hubungan_keluarga` = "Kepala `Keluarga"`
LEFT JOIN `wilayah` `rt` ON `rt`.`id_wilayah` = `k`.`id_rt`
LEFT JOIN `wilayah` `rw` ON `rw`.`id_wilayah` = `k`.`id_rw`
LEFT JOIN `wilayah` `dusun` ON `dusun`.`id_wilayah` = `k`.`id_dusun`
WHERE `k`.`no_kk` = \'1111111111110002\'')
 4 SYSTEMPATH\Database\BaseBuilder.php(1649): CodeIgniter\Database\BaseConnection->query('SELECT `k`.`no_kk`, `k`.`alamat`, `dusun`.`nama_wilayah` AS `nama_dusun`, `rw`.`nama_wilayah` AS `nama_rw`, `rt`.`nama_wilayah` AS `nama_rt`, `k`.`jumlah_anggota`, `p`.`nama` AS `kepala_keluarga`
FROM `keluarga` `k`
LEFT JOIN `penduduk` `p` ON `p`.`no_kk` = `k`.`no_kk` AND `p`.`hubungan_keluarga` = "Kepala `Keluarga"`
LEFT JOIN `wilayah` `rt` ON `rt`.`id_wilayah` = `k`.`id_rt`
LEFT JOIN `wilayah` `rw` ON `rw`.`id_wilayah` = `k`.`id_rw`
LEFT JOIN `wilayah` `dusun` ON `dusun`.`id_wilayah` = `k`.`id_dusun`
WHERE `k`.`no_kk` = :k.no_kk:', [...], false)
 5 APPPATH\Models\KeluargaModel.php(70): CodeIgniter\Database\BaseBuilder->get()
 6 APPPATH\Controllers\DetailAnggota.php(54): App\Models\KeluargaModel->cekKKbyId('1111111111110002')
 7 SYSTEMPATH\CodeIgniter.php(951): App\Controllers\DetailAnggota->cekKK()
 8 SYSTEMPATH\CodeIgniter.php(497): CodeIgniter\CodeIgniter->runController(Object(App\Controllers\DetailAnggota))
 9 SYSTEMPATH\CodeIgniter.php(340): CodeIgniter\CodeIgniter->handleRequest(null, Object(Config\Cache), false)
10 SYSTEMPATH\Boot.php(417): CodeIgniter\CodeIgniter->run()
11 SYSTEMPATH\Boot.php(68): CodeIgniter\Boot::runCodeIgniter(Object(CodeIgniter\CodeIgniter))
12 FCPATH\index.php(59): CodeIgniter\Boot::bootWeb(Object(Config\Paths))
ERROR - 2026-07-04 03:27:41 --> You have an error in your SQL syntax; check the manual that corresponds to your MySQL server version for the right syntax to use near '`
LEFT JOIN `wilayah` `rt` ON `rt`.`id_wilayah` = `k`.`id_rt`
LEFT JOIN `wilayah' at line 3
in SYSTEMPATH\Database\MySQLi\Connection.php on line 300.
 1 SYSTEMPATH\Database\MySQLi\Connection.php(300): mysqli->query('SELECT `k`.`no_kk`, `k`.`alamat`, `dusun`.`nama_wilayah` AS `nama_dusun`, `rw`.`nama_wilayah` AS `nama_rw`, `rt`.`nama_wilayah` AS `nama_rt`, `k`.`jumlah_anggota`, `p`.`nama` AS `kepala_keluarga`
FROM `keluarga` `k`
LEFT JOIN `penduduk` `p` ON `p`.`no_kk` = `k`.`no_kk` AND `p`.`hubungan_keluarga` = "Kepala `Keluarga"`
LEFT JOIN `wilayah` `rt` ON `rt`.`id_wilayah` = `k`.`id_rt`
LEFT JOIN `wilayah` `rw` ON `rw`.`id_wilayah` = `k`.`id_rw`
LEFT JOIN `wilayah` `dusun` ON `dusun`.`id_wilayah` = `k`.`id_dusun`
WHERE `k`.`no_kk` = \'1111111111110002\'', 0)
 2 SYSTEMPATH\Database\BaseConnection.php(910): CodeIgniter\Database\MySQLi\Connection->execute('SELECT `k`.`no_kk`, `k`.`alamat`, `dusun`.`nama_wilayah` AS `nama_dusun`, `rw`.`nama_wilayah` AS `nama_rw`, `rt`.`nama_wilayah` AS `nama_rt`, `k`.`jumlah_anggota`, `p`.`nama` AS `kepala_keluarga`
FROM `keluarga` `k`
LEFT JOIN `penduduk` `p` ON `p`.`no_kk` = `k`.`no_kk` AND `p`.`hubungan_keluarga` = "Kepala `Keluarga"`
LEFT JOIN `wilayah` `rt` ON `rt`.`id_wilayah` = `k`.`id_rt`
LEFT JOIN `wilayah` `rw` ON `rw`.`id_wilayah` = `k`.`id_rw`
LEFT JOIN `wilayah` `dusun` ON `dusun`.`id_wilayah` = `k`.`id_dusun`
WHERE `k`.`no_kk` = \'1111111111110002\'')
 3 SYSTEMPATH\Database\BaseConnection.php(827): CodeIgniter\Database\BaseConnection->simpleQuery('SELECT `k`.`no_kk`, `k`.`alamat`, `dusun`.`nama_wilayah` AS `nama_dusun`, `rw`.`nama_wilayah` AS `nama_rw`, `rt`.`nama_wilayah` AS `nama_rt`, `k`.`jumlah_anggota`, `p`.`nama` AS `kepala_keluarga`
FROM `keluarga` `k`
LEFT JOIN `penduduk` `p` ON `p`.`no_kk` = `k`.`no_kk` AND `p`.`hubungan_keluarga` = "Kepala `Keluarga"`
LEFT JOIN `wilayah` `rt` ON `rt`.`id_wilayah` = `k`.`id_rt`
LEFT JOIN `wilayah` `rw` ON `rw`.`id_wilayah` = `k`.`id_rw`
LEFT JOIN `wilayah` `dusun` ON `dusun`.`id_wilayah` = `k`.`id_dusun`
WHERE `k`.`no_kk` = \'1111111111110002\'')
 4 SYSTEMPATH\Database\BaseBuilder.php(1649): CodeIgniter\Database\BaseConnection->query('SELECT `k`.`no_kk`, `k`.`alamat`, `dusun`.`nama_wilayah` AS `nama_dusun`, `rw`.`nama_wilayah` AS `nama_rw`, `rt`.`nama_wilayah` AS `nama_rt`, `k`.`jumlah_anggota`, `p`.`nama` AS `kepala_keluarga`
FROM `keluarga` `k`
LEFT JOIN `penduduk` `p` ON `p`.`no_kk` = `k`.`no_kk` AND `p`.`hubungan_keluarga` = "Kepala `Keluarga"`
LEFT JOIN `wilayah` `rt` ON `rt`.`id_wilayah` = `k`.`id_rt`
LEFT JOIN `wilayah` `rw` ON `rw`.`id_wilayah` = `k`.`id_rw`
LEFT JOIN `wilayah` `dusun` ON `dusun`.`id_wilayah` = `k`.`id_dusun`
WHERE `k`.`no_kk` = :k.no_kk:', [...], false)
 5 APPPATH\Models\KeluargaModel.php(70): CodeIgniter\Database\BaseBuilder->get()
 6 APPPATH\Controllers\DetailAnggota.php(54): App\Models\KeluargaModel->cekKKbyId('1111111111110002')
 7 SYSTEMPATH\CodeIgniter.php(951): App\Controllers\DetailAnggota->cekKK()
 8 SYSTEMPATH\CodeIgniter.php(497): CodeIgniter\CodeIgniter->runController(Object(App\Controllers\DetailAnggota))
 9 SYSTEMPATH\CodeIgniter.php(340): CodeIgniter\CodeIgniter->handleRequest(null, Object(Config\Cache), false)
10 SYSTEMPATH\Boot.php(417): CodeIgniter\CodeIgniter->run()
11 SYSTEMPATH\Boot.php(68): CodeIgniter\Boot::runCodeIgniter(Object(CodeIgniter\CodeIgniter))
12 FCPATH\index.php(59): CodeIgniter\Boot::bootWeb(Object(Config\Paths))
CRITICAL - 2026-07-04 03:27:41 --> CodeIgniter\Database\Exceptions\DatabaseException: You have an error in your SQL syntax; check the manual that corresponds to your MySQL server version for the right syntax to use near '`
LEFT JOIN `wilayah` `rt` ON `rt`.`id_wilayah` = `k`.`id_rt`
LEFT JOIN `wilayah' at line 3
[Method: POST, Route: detailanggota/cekKK]
in SYSTEMPATH\Database\BaseConnection.php on line 865.
 1 SYSTEMPATH\Database\BaseBuilder.php(1649): CodeIgniter\Database\BaseConnection->query('SELECT `k`.`no_kk`, `k`.`alamat`, `dusun`.`nama_wilayah` AS `nama_dusun`, `rw`.`nama_wilayah` AS `nama_rw`, `rt`.`nama_wilayah` AS `nama_rt`, `k`.`jumlah_anggota`, `p`.`nama` AS `kepala_keluarga`
FROM `keluarga` `k`
LEFT JOIN `penduduk` `p` ON `p`.`no_kk` = `k`.`no_kk` AND `p`.`hubungan_keluarga` = "Kepala `Keluarga"`
LEFT JOIN `wilayah` `rt` ON `rt`.`id_wilayah` = `k`.`id_rt`
LEFT JOIN `wilayah` `rw` ON `rw`.`id_wilayah` = `k`.`id_rw`
LEFT JOIN `wilayah` `dusun` ON `dusun`.`id_wilayah` = `k`.`id_dusun`
WHERE `k`.`no_kk` = :k.no_kk:', [...], false)
 2 APPPATH\Models\KeluargaModel.php(70): CodeIgniter\Database\BaseBuilder->get()
 3 APPPATH\Controllers\DetailAnggota.php(54): App\Models\KeluargaModel->cekKKbyId('1111111111110002')
 4 SYSTEMPATH\CodeIgniter.php(951): App\Controllers\DetailAnggota->cekKK()
 5 SYSTEMPATH\CodeIgniter.php(497): CodeIgniter\CodeIgniter->runController(Object(App\Controllers\DetailAnggota))
 6 SYSTEMPATH\CodeIgniter.php(340): CodeIgniter\CodeIgniter->handleRequest(null, Object(Config\Cache), false)
 7 SYSTEMPATH\Boot.php(417): CodeIgniter\CodeIgniter->run()
 8 SYSTEMPATH\Boot.php(68): CodeIgniter\Boot::runCodeIgniter(Object(CodeIgniter\CodeIgniter))
 9 FCPATH\index.php(59): CodeIgniter\Boot::bootWeb(Object(Config\Paths))
CRITICAL - 2026-07-04 03:27:41 --> [Caused by] CodeIgniter\Database\Exceptions\DatabaseException: You have an error in your SQL syntax; check the manual that corresponds to your MySQL server version for the right syntax to use near '`
LEFT JOIN `wilayah` `rt` ON `rt`.`id_wilayah` = `k`.`id_rt`
LEFT JOIN `wilayah' at line 3
in SYSTEMPATH\Database\MySQLi\Connection.php on line 310.
 1 SYSTEMPATH\Database\BaseConnection.php(910): CodeIgniter\Database\MySQLi\Connection->execute('SELECT `k`.`no_kk`, `k`.`alamat`, `dusun`.`nama_wilayah` AS `nama_dusun`, `rw`.`nama_wilayah` AS `nama_rw`, `rt`.`nama_wilayah` AS `nama_rt`, `k`.`jumlah_anggota`, `p`.`nama` AS `kepala_keluarga`
FROM `keluarga` `k`
LEFT JOIN `penduduk` `p` ON `p`.`no_kk` = `k`.`no_kk` AND `p`.`hubungan_keluarga` = "Kepala `Keluarga"`
LEFT JOIN `wilayah` `rt` ON `rt`.`id_wilayah` = `k`.`id_rt`
LEFT JOIN `wilayah` `rw` ON `rw`.`id_wilayah` = `k`.`id_rw`
LEFT JOIN `wilayah` `dusun` ON `dusun`.`id_wilayah` = `k`.`id_dusun`
WHERE `k`.`no_kk` = \'1111111111110002\'')
 2 SYSTEMPATH\Database\BaseConnection.php(827): CodeIgniter\Database\BaseConnection->simpleQuery('SELECT `k`.`no_kk`, `k`.`alamat`, `dusun`.`nama_wilayah` AS `nama_dusun`, `rw`.`nama_wilayah` AS `nama_rw`, `rt`.`nama_wilayah` AS `nama_rt`, `k`.`jumlah_anggota`, `p`.`nama` AS `kepala_keluarga`
FROM `keluarga` `k`
LEFT JOIN `penduduk` `p` ON `p`.`no_kk` = `k`.`no_kk` AND `p`.`hubungan_keluarga` = "Kepala `Keluarga"`
LEFT JOIN `wilayah` `rt` ON `rt`.`id_wilayah` = `k`.`id_rt`
LEFT JOIN `wilayah` `rw` ON `rw`.`id_wilayah` = `k`.`id_rw`
LEFT JOIN `wilayah` `dusun` ON `dusun`.`id_wilayah` = `k`.`id_dusun`
WHERE `k`.`no_kk` = \'1111111111110002\'')
 3 SYSTEMPATH\Database\BaseBuilder.php(1649): CodeIgniter\Database\BaseConnection->query('SELECT `k`.`no_kk`, `k`.`alamat`, `dusun`.`nama_wilayah` AS `nama_dusun`, `rw`.`nama_wilayah` AS `nama_rw`, `rt`.`nama_wilayah` AS `nama_rt`, `k`.`jumlah_anggota`, `p`.`nama` AS `kepala_keluarga`
FROM `keluarga` `k`
LEFT JOIN `penduduk` `p` ON `p`.`no_kk` = `k`.`no_kk` AND `p`.`hubungan_keluarga` = "Kepala `Keluarga"`
LEFT JOIN `wilayah` `rt` ON `rt`.`id_wilayah` = `k`.`id_rt`
LEFT JOIN `wilayah` `rw` ON `rw`.`id_wilayah` = `k`.`id_rw`
LEFT JOIN `wilayah` `dusun` ON `dusun`.`id_wilayah` = `k`.`id_dusun`
WHERE `k`.`no_kk` = :k.no_kk:', [...], false)
 4 APPPATH\Models\KeluargaModel.php(70): CodeIgniter\Database\BaseBuilder->get()
 5 APPPATH\Controllers\DetailAnggota.php(54): App\Models\KeluargaModel->cekKKbyId('1111111111110002')
 6 SYSTEMPATH\CodeIgniter.php(951): App\Controllers\DetailAnggota->cekKK()
 7 SYSTEMPATH\CodeIgniter.php(497): CodeIgniter\CodeIgniter->runController(Object(App\Controllers\DetailAnggota))
 8 SYSTEMPATH\CodeIgniter.php(340): CodeIgniter\CodeIgniter->handleRequest(null, Object(Config\Cache), false)
 9 SYSTEMPATH\Boot.php(417): CodeIgniter\CodeIgniter->run()
10 SYSTEMPATH\Boot.php(68): CodeIgniter\Boot::runCodeIgniter(Object(CodeIgniter\CodeIgniter))
11 FCPATH\index.php(59): CodeIgniter\Boot::bootWeb(Object(Config\Paths))
CRITICAL - 2026-07-04 03:27:41 --> [Caused by] mysqli_sql_exception: You have an error in your SQL syntax; check the manual that corresponds to your MySQL server version for the right syntax to use near '`
LEFT JOIN `wilayah` `rt` ON `rt`.`id_wilayah` = `k`.`id_rt`
LEFT JOIN `wilayah' at line 3
in SYSTEMPATH\Database\MySQLi\Connection.php on line 300.
 1 SYSTEMPATH\Database\MySQLi\Connection.php(300): mysqli->query('SELECT `k`.`no_kk`, `k`.`alamat`, `dusun`.`nama_wilayah` AS `nama_dusun`, `rw`.`nama_wilayah` AS `nama_rw`, `rt`.`nama_wilayah` AS `nama_rt`, `k`.`jumlah_anggota`, `p`.`nama` AS `kepala_keluarga`
FROM `keluarga` `k`
LEFT JOIN `penduduk` `p` ON `p`.`no_kk` = `k`.`no_kk` AND `p`.`hubungan_keluarga` = "Kepala `Keluarga"`
LEFT JOIN `wilayah` `rt` ON `rt`.`id_wilayah` = `k`.`id_rt`
LEFT JOIN `wilayah` `rw` ON `rw`.`id_wilayah` = `k`.`id_rw`
LEFT JOIN `wilayah` `dusun` ON `dusun`.`id_wilayah` = `k`.`id_dusun`
WHERE `k`.`no_kk` = \'1111111111110002\'', 0)
 2 SYSTEMPATH\Database\BaseConnection.php(910): CodeIgniter\Database\MySQLi\Connection->execute('SELECT `k`.`no_kk`, `k`.`alamat`, `dusun`.`nama_wilayah` AS `nama_dusun`, `rw`.`nama_wilayah` AS `nama_rw`, `rt`.`nama_wilayah` AS `nama_rt`, `k`.`jumlah_anggota`, `p`.`nama` AS `kepala_keluarga`
FROM `keluarga` `k`
LEFT JOIN `penduduk` `p` ON `p`.`no_kk` = `k`.`no_kk` AND `p`.`hubungan_keluarga` = "Kepala `Keluarga"`
LEFT JOIN `wilayah` `rt` ON `rt`.`id_wilayah` = `k`.`id_rt`
LEFT JOIN `wilayah` `rw` ON `rw`.`id_wilayah` = `k`.`id_rw`
LEFT JOIN `wilayah` `dusun` ON `dusun`.`id_wilayah` = `k`.`id_dusun`
WHERE `k`.`no_kk` = \'1111111111110002\'')
 3 SYSTEMPATH\Database\BaseConnection.php(827): CodeIgniter\Database\BaseConnection->simpleQuery('SELECT `k`.`no_kk`, `k`.`alamat`, `dusun`.`nama_wilayah` AS `nama_dusun`, `rw`.`nama_wilayah` AS `nama_rw`, `rt`.`nama_wilayah` AS `nama_rt`, `k`.`jumlah_anggota`, `p`.`nama` AS `kepala_keluarga`
FROM `keluarga` `k`
LEFT JOIN `penduduk` `p` ON `p`.`no_kk` = `k`.`no_kk` AND `p`.`hubungan_keluarga` = "Kepala `Keluarga"`
LEFT JOIN `wilayah` `rt` ON `rt`.`id_wilayah` = `k`.`id_rt`
LEFT JOIN `wilayah` `rw` ON `rw`.`id_wilayah` = `k`.`id_rw`
LEFT JOIN `wilayah` `dusun` ON `dusun`.`id_wilayah` = `k`.`id_dusun`
WHERE `k`.`no_kk` = \'1111111111110002\'')
 4 SYSTEMPATH\Database\BaseBuilder.php(1649): CodeIgniter\Database\BaseConnection->query('SELECT `k`.`no_kk`, `k`.`alamat`, `dusun`.`nama_wilayah` AS `nama_dusun`, `rw`.`nama_wilayah` AS `nama_rw`, `rt`.`nama_wilayah` AS `nama_rt`, `k`.`jumlah_anggota`, `p`.`nama` AS `kepala_keluarga`
FROM `keluarga` `k`
LEFT JOIN `penduduk` `p` ON `p`.`no_kk` = `k`.`no_kk` AND `p`.`hubungan_keluarga` = "Kepala `Keluarga"`
LEFT JOIN `wilayah` `rt` ON `rt`.`id_wilayah` = `k`.`id_rt`
LEFT JOIN `wilayah` `rw` ON `rw`.`id_wilayah` = `k`.`id_rw`
LEFT JOIN `wilayah` `dusun` ON `dusun`.`id_wilayah` = `k`.`id_dusun`
WHERE `k`.`no_kk` = :k.no_kk:', [...], false)
 5 APPPATH\Models\KeluargaModel.php(70): CodeIgniter\Database\BaseBuilder->get()
 6 APPPATH\Controllers\DetailAnggota.php(54): App\Models\KeluargaModel->cekKKbyId('1111111111110002')
 7 SYSTEMPATH\CodeIgniter.php(951): App\Controllers\DetailAnggota->cekKK()
 8 SYSTEMPATH\CodeIgniter.php(497): CodeIgniter\CodeIgniter->runController(Object(App\Controllers\DetailAnggota))
 9 SYSTEMPATH\CodeIgniter.php(340): CodeIgniter\CodeIgniter->handleRequest(null, Object(Config\Cache), false)
10 SYSTEMPATH\Boot.php(417): CodeIgniter\CodeIgniter->run()
11 SYSTEMPATH\Boot.php(68): CodeIgniter\Boot::runCodeIgniter(Object(CodeIgniter\CodeIgniter))
12 FCPATH\index.php(59): CodeIgniter\Boot::bootWeb(Object(Config\Paths))
ERROR - 2026-07-04 03:27:45 --> You have an error in your SQL syntax; check the manual that corresponds to your MySQL server version for the right syntax to use near '`
LEFT JOIN `wilayah` `rt` ON `rt`.`id_wilayah` = `k`.`id_rt`
LEFT JOIN `wilayah' at line 3
in SYSTEMPATH\Database\MySQLi\Connection.php on line 300.
 1 SYSTEMPATH\Database\MySQLi\Connection.php(300): mysqli->query('SELECT `k`.`no_kk`, `k`.`alamat`, `dusun`.`nama_wilayah` AS `nama_dusun`, `rw`.`nama_wilayah` AS `nama_rw`, `rt`.`nama_wilayah` AS `nama_rt`, `k`.`jumlah_anggota`, `p`.`nama` AS `kepala_keluarga`
FROM `keluarga` `k`
LEFT JOIN `penduduk` `p` ON `p`.`no_kk` = `k`.`no_kk` AND `p`.`hubungan_keluarga` = "Kepala `Keluarga"`
LEFT JOIN `wilayah` `rt` ON `rt`.`id_wilayah` = `k`.`id_rt`
LEFT JOIN `wilayah` `rw` ON `rw`.`id_wilayah` = `k`.`id_rw`
LEFT JOIN `wilayah` `dusun` ON `dusun`.`id_wilayah` = `k`.`id_dusun`
WHERE `k`.`no_kk` = \'1111111111110002\'', 0)
 2 SYSTEMPATH\Database\BaseConnection.php(910): CodeIgniter\Database\MySQLi\Connection->execute('SELECT `k`.`no_kk`, `k`.`alamat`, `dusun`.`nama_wilayah` AS `nama_dusun`, `rw`.`nama_wilayah` AS `nama_rw`, `rt`.`nama_wilayah` AS `nama_rt`, `k`.`jumlah_anggota`, `p`.`nama` AS `kepala_keluarga`
FROM `keluarga` `k`
LEFT JOIN `penduduk` `p` ON `p`.`no_kk` = `k`.`no_kk` AND `p`.`hubungan_keluarga` = "Kepala `Keluarga"`
LEFT JOIN `wilayah` `rt` ON `rt`.`id_wilayah` = `k`.`id_rt`
LEFT JOIN `wilayah` `rw` ON `rw`.`id_wilayah` = `k`.`id_rw`
LEFT JOIN `wilayah` `dusun` ON `dusun`.`id_wilayah` = `k`.`id_dusun`
WHERE `k`.`no_kk` = \'1111111111110002\'')
 3 SYSTEMPATH\Database\BaseConnection.php(827): CodeIgniter\Database\BaseConnection->simpleQuery('SELECT `k`.`no_kk`, `k`.`alamat`, `dusun`.`nama_wilayah` AS `nama_dusun`, `rw`.`nama_wilayah` AS `nama_rw`, `rt`.`nama_wilayah` AS `nama_rt`, `k`.`jumlah_anggota`, `p`.`nama` AS `kepala_keluarga`
FROM `keluarga` `k`
LEFT JOIN `penduduk` `p` ON `p`.`no_kk` = `k`.`no_kk` AND `p`.`hubungan_keluarga` = "Kepala `Keluarga"`
LEFT JOIN `wilayah` `rt` ON `rt`.`id_wilayah` = `k`.`id_rt`
LEFT JOIN `wilayah` `rw` ON `rw`.`id_wilayah` = `k`.`id_rw`
LEFT JOIN `wilayah` `dusun` ON `dusun`.`id_wilayah` = `k`.`id_dusun`
WHERE `k`.`no_kk` = \'1111111111110002\'')
 4 SYSTEMPATH\Database\BaseBuilder.php(1649): CodeIgniter\Database\BaseConnection->query('SELECT `k`.`no_kk`, `k`.`alamat`, `dusun`.`nama_wilayah` AS `nama_dusun`, `rw`.`nama_wilayah` AS `nama_rw`, `rt`.`nama_wilayah` AS `nama_rt`, `k`.`jumlah_anggota`, `p`.`nama` AS `kepala_keluarga`
FROM `keluarga` `k`
LEFT JOIN `penduduk` `p` ON `p`.`no_kk` = `k`.`no_kk` AND `p`.`hubungan_keluarga` = "Kepala `Keluarga"`
LEFT JOIN `wilayah` `rt` ON `rt`.`id_wilayah` = `k`.`id_rt`
LEFT JOIN `wilayah` `rw` ON `rw`.`id_wilayah` = `k`.`id_rw`
LEFT JOIN `wilayah` `dusun` ON `dusun`.`id_wilayah` = `k`.`id_dusun`
WHERE `k`.`no_kk` = :k.no_kk:', [...], false)
 5 APPPATH\Models\KeluargaModel.php(70): CodeIgniter\Database\BaseBuilder->get()
 6 APPPATH\Controllers\DetailAnggota.php(54): App\Models\KeluargaModel->cekKKbyId('1111111111110002')
 7 SYSTEMPATH\CodeIgniter.php(951): App\Controllers\DetailAnggota->cekKK()
 8 SYSTEMPATH\CodeIgniter.php(497): CodeIgniter\CodeIgniter->runController(Object(App\Controllers\DetailAnggota))
 9 SYSTEMPATH\CodeIgniter.php(340): CodeIgniter\CodeIgniter->handleRequest(null, Object(Config\Cache), false)
10 SYSTEMPATH\Boot.php(417): CodeIgniter\CodeIgniter->run()
11 SYSTEMPATH\Boot.php(68): CodeIgniter\Boot::runCodeIgniter(Object(CodeIgniter\CodeIgniter))
12 FCPATH\index.php(59): CodeIgniter\Boot::bootWeb(Object(Config\Paths))
CRITICAL - 2026-07-04 03:27:45 --> CodeIgniter\Database\Exceptions\DatabaseException: You have an error in your SQL syntax; check the manual that corresponds to your MySQL server version for the right syntax to use near '`
LEFT JOIN `wilayah` `rt` ON `rt`.`id_wilayah` = `k`.`id_rt`
LEFT JOIN `wilayah' at line 3
[Method: POST, Route: detailanggota/cekKK]
in SYSTEMPATH\Database\BaseConnection.php on line 865.
 1 SYSTEMPATH\Database\BaseBuilder.php(1649): CodeIgniter\Database\BaseConnection->query('SELECT `k`.`no_kk`, `k`.`alamat`, `dusun`.`nama_wilayah` AS `nama_dusun`, `rw`.`nama_wilayah` AS `nama_rw`, `rt`.`nama_wilayah` AS `nama_rt`, `k`.`jumlah_anggota`, `p`.`nama` AS `kepala_keluarga`
FROM `keluarga` `k`
LEFT JOIN `penduduk` `p` ON `p`.`no_kk` = `k`.`no_kk` AND `p`.`hubungan_keluarga` = "Kepala `Keluarga"`
LEFT JOIN `wilayah` `rt` ON `rt`.`id_wilayah` = `k`.`id_rt`
LEFT JOIN `wilayah` `rw` ON `rw`.`id_wilayah` = `k`.`id_rw`
LEFT JOIN `wilayah` `dusun` ON `dusun`.`id_wilayah` = `k`.`id_dusun`
WHERE `k`.`no_kk` = :k.no_kk:', [...], false)
 2 APPPATH\Models\KeluargaModel.php(70): CodeIgniter\Database\BaseBuilder->get()
 3 APPPATH\Controllers\DetailAnggota.php(54): App\Models\KeluargaModel->cekKKbyId('1111111111110002')
 4 SYSTEMPATH\CodeIgniter.php(951): App\Controllers\DetailAnggota->cekKK()
 5 SYSTEMPATH\CodeIgniter.php(497): CodeIgniter\CodeIgniter->runController(Object(App\Controllers\DetailAnggota))
 6 SYSTEMPATH\CodeIgniter.php(340): CodeIgniter\CodeIgniter->handleRequest(null, Object(Config\Cache), false)
 7 SYSTEMPATH\Boot.php(417): CodeIgniter\CodeIgniter->run()
 8 SYSTEMPATH\Boot.php(68): CodeIgniter\Boot::runCodeIgniter(Object(CodeIgniter\CodeIgniter))
 9 FCPATH\index.php(59): CodeIgniter\Boot::bootWeb(Object(Config\Paths))
CRITICAL - 2026-07-04 03:27:45 --> [Caused by] CodeIgniter\Database\Exceptions\DatabaseException: You have an error in your SQL syntax; check the manual that corresponds to your MySQL server version for the right syntax to use near '`
LEFT JOIN `wilayah` `rt` ON `rt`.`id_wilayah` = `k`.`id_rt`
LEFT JOIN `wilayah' at line 3
in SYSTEMPATH\Database\MySQLi\Connection.php on line 310.
 1 SYSTEMPATH\Database\BaseConnection.php(910): CodeIgniter\Database\MySQLi\Connection->execute('SELECT `k`.`no_kk`, `k`.`alamat`, `dusun`.`nama_wilayah` AS `nama_dusun`, `rw`.`nama_wilayah` AS `nama_rw`, `rt`.`nama_wilayah` AS `nama_rt`, `k`.`jumlah_anggota`, `p`.`nama` AS `kepala_keluarga`
FROM `keluarga` `k`
LEFT JOIN `penduduk` `p` ON `p`.`no_kk` = `k`.`no_kk` AND `p`.`hubungan_keluarga` = "Kepala `Keluarga"`
LEFT JOIN `wilayah` `rt` ON `rt`.`id_wilayah` = `k`.`id_rt`
LEFT JOIN `wilayah` `rw` ON `rw`.`id_wilayah` = `k`.`id_rw`
LEFT JOIN `wilayah` `dusun` ON `dusun`.`id_wilayah` = `k`.`id_dusun`
WHERE `k`.`no_kk` = \'1111111111110002\'')
 2 SYSTEMPATH\Database\BaseConnection.php(827): CodeIgniter\Database\BaseConnection->simpleQuery('SELECT `k`.`no_kk`, `k`.`alamat`, `dusun`.`nama_wilayah` AS `nama_dusun`, `rw`.`nama_wilayah` AS `nama_rw`, `rt`.`nama_wilayah` AS `nama_rt`, `k`.`jumlah_anggota`, `p`.`nama` AS `kepala_keluarga`
FROM `keluarga` `k`
LEFT JOIN `penduduk` `p` ON `p`.`no_kk` = `k`.`no_kk` AND `p`.`hubungan_keluarga` = "Kepala `Keluarga"`
LEFT JOIN `wilayah` `rt` ON `rt`.`id_wilayah` = `k`.`id_rt`
LEFT JOIN `wilayah` `rw` ON `rw`.`id_wilayah` = `k`.`id_rw`
LEFT JOIN `wilayah` `dusun` ON `dusun`.`id_wilayah` = `k`.`id_dusun`
WHERE `k`.`no_kk` = \'1111111111110002\'')
 3 SYSTEMPATH\Database\BaseBuilder.php(1649): CodeIgniter\Database\BaseConnection->query('SELECT `k`.`no_kk`, `k`.`alamat`, `dusun`.`nama_wilayah` AS `nama_dusun`, `rw`.`nama_wilayah` AS `nama_rw`, `rt`.`nama_wilayah` AS `nama_rt`, `k`.`jumlah_anggota`, `p`.`nama` AS `kepala_keluarga`
FROM `keluarga` `k`
LEFT JOIN `penduduk` `p` ON `p`.`no_kk` = `k`.`no_kk` AND `p`.`hubungan_keluarga` = "Kepala `Keluarga"`
LEFT JOIN `wilayah` `rt` ON `rt`.`id_wilayah` = `k`.`id_rt`
LEFT JOIN `wilayah` `rw` ON `rw`.`id_wilayah` = `k`.`id_rw`
LEFT JOIN `wilayah` `dusun` ON `dusun`.`id_wilayah` = `k`.`id_dusun`
WHERE `k`.`no_kk` = :k.no_kk:', [...], false)
 4 APPPATH\Models\KeluargaModel.php(70): CodeIgniter\Database\BaseBuilder->get()
 5 APPPATH\Controllers\DetailAnggota.php(54): App\Models\KeluargaModel->cekKKbyId('1111111111110002')
 6 SYSTEMPATH\CodeIgniter.php(951): App\Controllers\DetailAnggota->cekKK()
 7 SYSTEMPATH\CodeIgniter.php(497): CodeIgniter\CodeIgniter->runController(Object(App\Controllers\DetailAnggota))
 8 SYSTEMPATH\CodeIgniter.php(340): CodeIgniter\CodeIgniter->handleRequest(null, Object(Config\Cache), false)
 9 SYSTEMPATH\Boot.php(417): CodeIgniter\CodeIgniter->run()
10 SYSTEMPATH\Boot.php(68): CodeIgniter\Boot::runCodeIgniter(Object(CodeIgniter\CodeIgniter))
11 FCPATH\index.php(59): CodeIgniter\Boot::bootWeb(Object(Config\Paths))
CRITICAL - 2026-07-04 03:27:45 --> [Caused by] mysqli_sql_exception: You have an error in your SQL syntax; check the manual that corresponds to your MySQL server version for the right syntax to use near '`
LEFT JOIN `wilayah` `rt` ON `rt`.`id_wilayah` = `k`.`id_rt`
LEFT JOIN `wilayah' at line 3
in SYSTEMPATH\Database\MySQLi\Connection.php on line 300.
 1 SYSTEMPATH\Database\MySQLi\Connection.php(300): mysqli->query('SELECT `k`.`no_kk`, `k`.`alamat`, `dusun`.`nama_wilayah` AS `nama_dusun`, `rw`.`nama_wilayah` AS `nama_rw`, `rt`.`nama_wilayah` AS `nama_rt`, `k`.`jumlah_anggota`, `p`.`nama` AS `kepala_keluarga`
FROM `keluarga` `k`
LEFT JOIN `penduduk` `p` ON `p`.`no_kk` = `k`.`no_kk` AND `p`.`hubungan_keluarga` = "Kepala `Keluarga"`
LEFT JOIN `wilayah` `rt` ON `rt`.`id_wilayah` = `k`.`id_rt`
LEFT JOIN `wilayah` `rw` ON `rw`.`id_wilayah` = `k`.`id_rw`
LEFT JOIN `wilayah` `dusun` ON `dusun`.`id_wilayah` = `k`.`id_dusun`
WHERE `k`.`no_kk` = \'1111111111110002\'', 0)
 2 SYSTEMPATH\Database\BaseConnection.php(910): CodeIgniter\Database\MySQLi\Connection->execute('SELECT `k`.`no_kk`, `k`.`alamat`, `dusun`.`nama_wilayah` AS `nama_dusun`, `rw`.`nama_wilayah` AS `nama_rw`, `rt`.`nama_wilayah` AS `nama_rt`, `k`.`jumlah_anggota`, `p`.`nama` AS `kepala_keluarga`
FROM `keluarga` `k`
LEFT JOIN `penduduk` `p` ON `p`.`no_kk` = `k`.`no_kk` AND `p`.`hubungan_keluarga` = "Kepala `Keluarga"`
LEFT JOIN `wilayah` `rt` ON `rt`.`id_wilayah` = `k`.`id_rt`
LEFT JOIN `wilayah` `rw` ON `rw`.`id_wilayah` = `k`.`id_rw`
LEFT JOIN `wilayah` `dusun` ON `dusun`.`id_wilayah` = `k`.`id_dusun`
WHERE `k`.`no_kk` = \'1111111111110002\'')
 3 SYSTEMPATH\Database\BaseConnection.php(827): CodeIgniter\Database\BaseConnection->simpleQuery('SELECT `k`.`no_kk`, `k`.`alamat`, `dusun`.`nama_wilayah` AS `nama_dusun`, `rw`.`nama_wilayah` AS `nama_rw`, `rt`.`nama_wilayah` AS `nama_rt`, `k`.`jumlah_anggota`, `p`.`nama` AS `kepala_keluarga`
FROM `keluarga` `k`
LEFT JOIN `penduduk` `p` ON `p`.`no_kk` = `k`.`no_kk` AND `p`.`hubungan_keluarga` = "Kepala `Keluarga"`
LEFT JOIN `wilayah` `rt` ON `rt`.`id_wilayah` = `k`.`id_rt`
LEFT JOIN `wilayah` `rw` ON `rw`.`id_wilayah` = `k`.`id_rw`
LEFT JOIN `wilayah` `dusun` ON `dusun`.`id_wilayah` = `k`.`id_dusun`
WHERE `k`.`no_kk` = \'1111111111110002\'')
 4 SYSTEMPATH\Database\BaseBuilder.php(1649): CodeIgniter\Database\BaseConnection->query('SELECT `k`.`no_kk`, `k`.`alamat`, `dusun`.`nama_wilayah` AS `nama_dusun`, `rw`.`nama_wilayah` AS `nama_rw`, `rt`.`nama_wilayah` AS `nama_rt`, `k`.`jumlah_anggota`, `p`.`nama` AS `kepala_keluarga`
FROM `keluarga` `k`
LEFT JOIN `penduduk` `p` ON `p`.`no_kk` = `k`.`no_kk` AND `p`.`hubungan_keluarga` = "Kepala `Keluarga"`
LEFT JOIN `wilayah` `rt` ON `rt`.`id_wilayah` = `k`.`id_rt`
LEFT JOIN `wilayah` `rw` ON `rw`.`id_wilayah` = `k`.`id_rw`
LEFT JOIN `wilayah` `dusun` ON `dusun`.`id_wilayah` = `k`.`id_dusun`
WHERE `k`.`no_kk` = :k.no_kk:', [...], false)
 5 APPPATH\Models\KeluargaModel.php(70): CodeIgniter\Database\BaseBuilder->get()
 6 APPPATH\Controllers\DetailAnggota.php(54): App\Models\KeluargaModel->cekKKbyId('1111111111110002')
 7 SYSTEMPATH\CodeIgniter.php(951): App\Controllers\DetailAnggota->cekKK()
 8 SYSTEMPATH\CodeIgniter.php(497): CodeIgniter\CodeIgniter->runController(Object(App\Controllers\DetailAnggota))
 9 SYSTEMPATH\CodeIgniter.php(340): CodeIgniter\CodeIgniter->handleRequest(null, Object(Config\Cache), false)
10 SYSTEMPATH\Boot.php(417): CodeIgniter\CodeIgniter->run()
11 SYSTEMPATH\Boot.php(68): CodeIgniter\Boot::runCodeIgniter(Object(CodeIgniter\CodeIgniter))
12 FCPATH\index.php(59): CodeIgniter\Boot::bootWeb(Object(Config\Paths))
ERROR - 2026-07-04 03:27:51 --> You have an error in your SQL syntax; check the manual that corresponds to your MySQL server version for the right syntax to use near '`
LEFT JOIN `wilayah` `rt` ON `rt`.`id_wilayah` = `k`.`id_rt`
LEFT JOIN `wilayah' at line 3
in SYSTEMPATH\Database\MySQLi\Connection.php on line 300.
 1 SYSTEMPATH\Database\MySQLi\Connection.php(300): mysqli->query('SELECT `k`.`no_kk`, `k`.`alamat`, `dusun`.`nama_wilayah` AS `nama_dusun`, `rw`.`nama_wilayah` AS `nama_rw`, `rt`.`nama_wilayah` AS `nama_rt`, `k`.`jumlah_anggota`, `p`.`nama` AS `kepala_keluarga`
FROM `keluarga` `k`
LEFT JOIN `penduduk` `p` ON `p`.`no_kk` = `k`.`no_kk` AND `p`.`hubungan_keluarga` = "Kepala `Keluarga"`
LEFT JOIN `wilayah` `rt` ON `rt`.`id_wilayah` = `k`.`id_rt`
LEFT JOIN `wilayah` `rw` ON `rw`.`id_wilayah` = `k`.`id_rw`
LEFT JOIN `wilayah` `dusun` ON `dusun`.`id_wilayah` = `k`.`id_dusun`
WHERE `k`.`no_kk` = \'1111111111110008\'', 0)
 2 SYSTEMPATH\Database\BaseConnection.php(910): CodeIgniter\Database\MySQLi\Connection->execute('SELECT `k`.`no_kk`, `k`.`alamat`, `dusun`.`nama_wilayah` AS `nama_dusun`, `rw`.`nama_wilayah` AS `nama_rw`, `rt`.`nama_wilayah` AS `nama_rt`, `k`.`jumlah_anggota`, `p`.`nama` AS `kepala_keluarga`
FROM `keluarga` `k`
LEFT JOIN `penduduk` `p` ON `p`.`no_kk` = `k`.`no_kk` AND `p`.`hubungan_keluarga` = "Kepala `Keluarga"`
LEFT JOIN `wilayah` `rt` ON `rt`.`id_wilayah` = `k`.`id_rt`
LEFT JOIN `wilayah` `rw` ON `rw`.`id_wilayah` = `k`.`id_rw`
LEFT JOIN `wilayah` `dusun` ON `dusun`.`id_wilayah` = `k`.`id_dusun`
WHERE `k`.`no_kk` = \'1111111111110008\'')
 3 SYSTEMPATH\Database\BaseConnection.php(827): CodeIgniter\Database\BaseConnection->simpleQuery('SELECT `k`.`no_kk`, `k`.`alamat`, `dusun`.`nama_wilayah` AS `nama_dusun`, `rw`.`nama_wilayah` AS `nama_rw`, `rt`.`nama_wilayah` AS `nama_rt`, `k`.`jumlah_anggota`, `p`.`nama` AS `kepala_keluarga`
FROM `keluarga` `k`
LEFT JOIN `penduduk` `p` ON `p`.`no_kk` = `k`.`no_kk` AND `p`.`hubungan_keluarga` = "Kepala `Keluarga"`
LEFT JOIN `wilayah` `rt` ON `rt`.`id_wilayah` = `k`.`id_rt`
LEFT JOIN `wilayah` `rw` ON `rw`.`id_wilayah` = `k`.`id_rw`
LEFT JOIN `wilayah` `dusun` ON `dusun`.`id_wilayah` = `k`.`id_dusun`
WHERE `k`.`no_kk` = \'1111111111110008\'')
 4 SYSTEMPATH\Database\BaseBuilder.php(1649): CodeIgniter\Database\BaseConnection->query('SELECT `k`.`no_kk`, `k`.`alamat`, `dusun`.`nama_wilayah` AS `nama_dusun`, `rw`.`nama_wilayah` AS `nama_rw`, `rt`.`nama_wilayah` AS `nama_rt`, `k`.`jumlah_anggota`, `p`.`nama` AS `kepala_keluarga`
FROM `keluarga` `k`
LEFT JOIN `penduduk` `p` ON `p`.`no_kk` = `k`.`no_kk` AND `p`.`hubungan_keluarga` = "Kepala `Keluarga"`
LEFT JOIN `wilayah` `rt` ON `rt`.`id_wilayah` = `k`.`id_rt`
LEFT JOIN `wilayah` `rw` ON `rw`.`id_wilayah` = `k`.`id_rw`
LEFT JOIN `wilayah` `dusun` ON `dusun`.`id_wilayah` = `k`.`id_dusun`
WHERE `k`.`no_kk` = :k.no_kk:', [...], false)
 5 APPPATH\Models\KeluargaModel.php(70): CodeIgniter\Database\BaseBuilder->get()
 6 APPPATH\Controllers\DetailAnggota.php(54): App\Models\KeluargaModel->cekKKbyId('1111111111110008')
 7 SYSTEMPATH\CodeIgniter.php(951): App\Controllers\DetailAnggota->cekKK()
 8 SYSTEMPATH\CodeIgniter.php(497): CodeIgniter\CodeIgniter->runController(Object(App\Controllers\DetailAnggota))
 9 SYSTEMPATH\CodeIgniter.php(340): CodeIgniter\CodeIgniter->handleRequest(null, Object(Config\Cache), false)
10 SYSTEMPATH\Boot.php(417): CodeIgniter\CodeIgniter->run()
11 SYSTEMPATH\Boot.php(68): CodeIgniter\Boot::runCodeIgniter(Object(CodeIgniter\CodeIgniter))
12 FCPATH\index.php(59): CodeIgniter\Boot::bootWeb(Object(Config\Paths))
CRITICAL - 2026-07-04 03:27:51 --> CodeIgniter\Database\Exceptions\DatabaseException: You have an error in your SQL syntax; check the manual that corresponds to your MySQL server version for the right syntax to use near '`
LEFT JOIN `wilayah` `rt` ON `rt`.`id_wilayah` = `k`.`id_rt`
LEFT JOIN `wilayah' at line 3
[Method: POST, Route: detailanggota/cekKK]
in SYSTEMPATH\Database\BaseConnection.php on line 865.
 1 SYSTEMPATH\Database\BaseBuilder.php(1649): CodeIgniter\Database\BaseConnection->query('SELECT `k`.`no_kk`, `k`.`alamat`, `dusun`.`nama_wilayah` AS `nama_dusun`, `rw`.`nama_wilayah` AS `nama_rw`, `rt`.`nama_wilayah` AS `nama_rt`, `k`.`jumlah_anggota`, `p`.`nama` AS `kepala_keluarga`
FROM `keluarga` `k`
LEFT JOIN `penduduk` `p` ON `p`.`no_kk` = `k`.`no_kk` AND `p`.`hubungan_keluarga` = "Kepala `Keluarga"`
LEFT JOIN `wilayah` `rt` ON `rt`.`id_wilayah` = `k`.`id_rt`
LEFT JOIN `wilayah` `rw` ON `rw`.`id_wilayah` = `k`.`id_rw`
LEFT JOIN `wilayah` `dusun` ON `dusun`.`id_wilayah` = `k`.`id_dusun`
WHERE `k`.`no_kk` = :k.no_kk:', [...], false)
 2 APPPATH\Models\KeluargaModel.php(70): CodeIgniter\Database\BaseBuilder->get()
 3 APPPATH\Controllers\DetailAnggota.php(54): App\Models\KeluargaModel->cekKKbyId('1111111111110008')
 4 SYSTEMPATH\CodeIgniter.php(951): App\Controllers\DetailAnggota->cekKK()
 5 SYSTEMPATH\CodeIgniter.php(497): CodeIgniter\CodeIgniter->runController(Object(App\Controllers\DetailAnggota))
 6 SYSTEMPATH\CodeIgniter.php(340): CodeIgniter\CodeIgniter->handleRequest(null, Object(Config\Cache), false)
 7 SYSTEMPATH\Boot.php(417): CodeIgniter\CodeIgniter->run()
 8 SYSTEMPATH\Boot.php(68): CodeIgniter\Boot::runCodeIgniter(Object(CodeIgniter\CodeIgniter))
 9 FCPATH\index.php(59): CodeIgniter\Boot::bootWeb(Object(Config\Paths))
CRITICAL - 2026-07-04 03:27:51 --> [Caused by] CodeIgniter\Database\Exceptions\DatabaseException: You have an error in your SQL syntax; check the manual that corresponds to your MySQL server version for the right syntax to use near '`
LEFT JOIN `wilayah` `rt` ON `rt`.`id_wilayah` = `k`.`id_rt`
LEFT JOIN `wilayah' at line 3
in SYSTEMPATH\Database\MySQLi\Connection.php on line 310.
 1 SYSTEMPATH\Database\BaseConnection.php(910): CodeIgniter\Database\MySQLi\Connection->execute('SELECT `k`.`no_kk`, `k`.`alamat`, `dusun`.`nama_wilayah` AS `nama_dusun`, `rw`.`nama_wilayah` AS `nama_rw`, `rt`.`nama_wilayah` AS `nama_rt`, `k`.`jumlah_anggota`, `p`.`nama` AS `kepala_keluarga`
FROM `keluarga` `k`
LEFT JOIN `penduduk` `p` ON `p`.`no_kk` = `k`.`no_kk` AND `p`.`hubungan_keluarga` = "Kepala `Keluarga"`
LEFT JOIN `wilayah` `rt` ON `rt`.`id_wilayah` = `k`.`id_rt`
LEFT JOIN `wilayah` `rw` ON `rw`.`id_wilayah` = `k`.`id_rw`
LEFT JOIN `wilayah` `dusun` ON `dusun`.`id_wilayah` = `k`.`id_dusun`
WHERE `k`.`no_kk` = \'1111111111110008\'')
 2 SYSTEMPATH\Database\BaseConnection.php(827): CodeIgniter\Database\BaseConnection->simpleQuery('SELECT `k`.`no_kk`, `k`.`alamat`, `dusun`.`nama_wilayah` AS `nama_dusun`, `rw`.`nama_wilayah` AS `nama_rw`, `rt`.`nama_wilayah` AS `nama_rt`, `k`.`jumlah_anggota`, `p`.`nama` AS `kepala_keluarga`
FROM `keluarga` `k`
LEFT JOIN `penduduk` `p` ON `p`.`no_kk` = `k`.`no_kk` AND `p`.`hubungan_keluarga` = "Kepala `Keluarga"`
LEFT JOIN `wilayah` `rt` ON `rt`.`id_wilayah` = `k`.`id_rt`
LEFT JOIN `wilayah` `rw` ON `rw`.`id_wilayah` = `k`.`id_rw`
LEFT JOIN `wilayah` `dusun` ON `dusun`.`id_wilayah` = `k`.`id_dusun`
WHERE `k`.`no_kk` = \'1111111111110008\'')
 3 SYSTEMPATH\Database\BaseBuilder.php(1649): CodeIgniter\Database\BaseConnection->query('SELECT `k`.`no_kk`, `k`.`alamat`, `dusun`.`nama_wilayah` AS `nama_dusun`, `rw`.`nama_wilayah` AS `nama_rw`, `rt`.`nama_wilayah` AS `nama_rt`, `k`.`jumlah_anggota`, `p`.`nama` AS `kepala_keluarga`
FROM `keluarga` `k`
LEFT JOIN `penduduk` `p` ON `p`.`no_kk` = `k`.`no_kk` AND `p`.`hubungan_keluarga` = "Kepala `Keluarga"`
LEFT JOIN `wilayah` `rt` ON `rt`.`id_wilayah` = `k`.`id_rt`
LEFT JOIN `wilayah` `rw` ON `rw`.`id_wilayah` = `k`.`id_rw`
LEFT JOIN `wilayah` `dusun` ON `dusun`.`id_wilayah` = `k`.`id_dusun`
WHERE `k`.`no_kk` = :k.no_kk:', [...], false)
 4 APPPATH\Models\KeluargaModel.php(70): CodeIgniter\Database\BaseBuilder->get()
 5 APPPATH\Controllers\DetailAnggota.php(54): App\Models\KeluargaModel->cekKKbyId('1111111111110008')
 6 SYSTEMPATH\CodeIgniter.php(951): App\Controllers\DetailAnggota->cekKK()
 7 SYSTEMPATH\CodeIgniter.php(497): CodeIgniter\CodeIgniter->runController(Object(App\Controllers\DetailAnggota))
 8 SYSTEMPATH\CodeIgniter.php(340): CodeIgniter\CodeIgniter->handleRequest(null, Object(Config\Cache), false)
 9 SYSTEMPATH\Boot.php(417): CodeIgniter\CodeIgniter->run()
10 SYSTEMPATH\Boot.php(68): CodeIgniter\Boot::runCodeIgniter(Object(CodeIgniter\CodeIgniter))
11 FCPATH\index.php(59): CodeIgniter\Boot::bootWeb(Object(Config\Paths))
CRITICAL - 2026-07-04 03:27:51 --> [Caused by] mysqli_sql_exception: You have an error in your SQL syntax; check the manual that corresponds to your MySQL server version for the right syntax to use near '`
LEFT JOIN `wilayah` `rt` ON `rt`.`id_wilayah` = `k`.`id_rt`
LEFT JOIN `wilayah' at line 3
in SYSTEMPATH\Database\MySQLi\Connection.php on line 300.
 1 SYSTEMPATH\Database\MySQLi\Connection.php(300): mysqli->query('SELECT `k`.`no_kk`, `k`.`alamat`, `dusun`.`nama_wilayah` AS `nama_dusun`, `rw`.`nama_wilayah` AS `nama_rw`, `rt`.`nama_wilayah` AS `nama_rt`, `k`.`jumlah_anggota`, `p`.`nama` AS `kepala_keluarga`
FROM `keluarga` `k`
LEFT JOIN `penduduk` `p` ON `p`.`no_kk` = `k`.`no_kk` AND `p`.`hubungan_keluarga` = "Kepala `Keluarga"`
LEFT JOIN `wilayah` `rt` ON `rt`.`id_wilayah` = `k`.`id_rt`
LEFT JOIN `wilayah` `rw` ON `rw`.`id_wilayah` = `k`.`id_rw`
LEFT JOIN `wilayah` `dusun` ON `dusun`.`id_wilayah` = `k`.`id_dusun`
WHERE `k`.`no_kk` = \'1111111111110008\'', 0)
 2 SYSTEMPATH\Database\BaseConnection.php(910): CodeIgniter\Database\MySQLi\Connection->execute('SELECT `k`.`no_kk`, `k`.`alamat`, `dusun`.`nama_wilayah` AS `nama_dusun`, `rw`.`nama_wilayah` AS `nama_rw`, `rt`.`nama_wilayah` AS `nama_rt`, `k`.`jumlah_anggota`, `p`.`nama` AS `kepala_keluarga`
FROM `keluarga` `k`
LEFT JOIN `penduduk` `p` ON `p`.`no_kk` = `k`.`no_kk` AND `p`.`hubungan_keluarga` = "Kepala `Keluarga"`
LEFT JOIN `wilayah` `rt` ON `rt`.`id_wilayah` = `k`.`id_rt`
LEFT JOIN `wilayah` `rw` ON `rw`.`id_wilayah` = `k`.`id_rw`
LEFT JOIN `wilayah` `dusun` ON `dusun`.`id_wilayah` = `k`.`id_dusun`
WHERE `k`.`no_kk` = \'1111111111110008\'')
 3 SYSTEMPATH\Database\BaseConnection.php(827): CodeIgniter\Database\BaseConnection->simpleQuery('SELECT `k`.`no_kk`, `k`.`alamat`, `dusun`.`nama_wilayah` AS `nama_dusun`, `rw`.`nama_wilayah` AS `nama_rw`, `rt`.`nama_wilayah` AS `nama_rt`, `k`.`jumlah_anggota`, `p`.`nama` AS `kepala_keluarga`
FROM `keluarga` `k`
LEFT JOIN `penduduk` `p` ON `p`.`no_kk` = `k`.`no_kk` AND `p`.`hubungan_keluarga` = "Kepala `Keluarga"`
LEFT JOIN `wilayah` `rt` ON `rt`.`id_wilayah` = `k`.`id_rt`
LEFT JOIN `wilayah` `rw` ON `rw`.`id_wilayah` = `k`.`id_rw`
LEFT JOIN `wilayah` `dusun` ON `dusun`.`id_wilayah` = `k`.`id_dusun`
WHERE `k`.`no_kk` = \'1111111111110008\'')
 4 SYSTEMPATH\Database\BaseBuilder.php(1649): CodeIgniter\Database\BaseConnection->query('SELECT `k`.`no_kk`, `k`.`alamat`, `dusun`.`nama_wilayah` AS `nama_dusun`, `rw`.`nama_wilayah` AS `nama_rw`, `rt`.`nama_wilayah` AS `nama_rt`, `k`.`jumlah_anggota`, `p`.`nama` AS `kepala_keluarga`
FROM `keluarga` `k`
LEFT JOIN `penduduk` `p` ON `p`.`no_kk` = `k`.`no_kk` AND `p`.`hubungan_keluarga` = "Kepala `Keluarga"`
LEFT JOIN `wilayah` `rt` ON `rt`.`id_wilayah` = `k`.`id_rt`
LEFT JOIN `wilayah` `rw` ON `rw`.`id_wilayah` = `k`.`id_rw`
LEFT JOIN `wilayah` `dusun` ON `dusun`.`id_wilayah` = `k`.`id_dusun`
WHERE `k`.`no_kk` = :k.no_kk:', [...], false)
 5 APPPATH\Models\KeluargaModel.php(70): CodeIgniter\Database\BaseBuilder->get()
 6 APPPATH\Controllers\DetailAnggota.php(54): App\Models\KeluargaModel->cekKKbyId('1111111111110008')
 7 SYSTEMPATH\CodeIgniter.php(951): App\Controllers\DetailAnggota->cekKK()
 8 SYSTEMPATH\CodeIgniter.php(497): CodeIgniter\CodeIgniter->runController(Object(App\Controllers\DetailAnggota))
 9 SYSTEMPATH\CodeIgniter.php(340): CodeIgniter\CodeIgniter->handleRequest(null, Object(Config\Cache), false)
10 SYSTEMPATH\Boot.php(417): CodeIgniter\CodeIgniter->run()
11 SYSTEMPATH\Boot.php(68): CodeIgniter\Boot::runCodeIgniter(Object(CodeIgniter\CodeIgniter))
12 FCPATH\index.php(59): CodeIgniter\Boot::bootWeb(Object(Config\Paths))
ERROR - 2026-07-04 03:28:19 --> You have an error in your SQL syntax; check the manual that corresponds to your MySQL server version for the right syntax to use near '`
LEFT JOIN `wilayah` `rt` ON `rt`.`id_wilayah` = `k`.`id_rt`
LEFT JOIN `wilayah' at line 3
in SYSTEMPATH\Database\MySQLi\Connection.php on line 300.
 1 SYSTEMPATH\Database\MySQLi\Connection.php(300): mysqli->query('SELECT `k`.`no_kk`, `k`.`alamat`, `dusun`.`nama_wilayah` AS `nama_dusun`, `rw`.`nama_wilayah` AS `nama_rw`, `rt`.`nama_wilayah` AS `nama_rt`, `k`.`jumlah_anggota`, `p`.`nama` AS `kepala_keluarga`
FROM `keluarga` `k`
LEFT JOIN `penduduk` `p` ON `p`.`no_kk` = `k`.`no_kk` AND `p`.`hubungan_keluarga` = "Kepala `Keluarga"`
LEFT JOIN `wilayah` `rt` ON `rt`.`id_wilayah` = `k`.`id_rt`
LEFT JOIN `wilayah` `rw` ON `rw`.`id_wilayah` = `k`.`id_rw`
LEFT JOIN `wilayah` `dusun` ON `dusun`.`id_wilayah` = `k`.`id_dusun`
WHERE `k`.`no_kk` = \'1111111111110005\'', 0)
 2 SYSTEMPATH\Database\BaseConnection.php(910): CodeIgniter\Database\MySQLi\Connection->execute('SELECT `k`.`no_kk`, `k`.`alamat`, `dusun`.`nama_wilayah` AS `nama_dusun`, `rw`.`nama_wilayah` AS `nama_rw`, `rt`.`nama_wilayah` AS `nama_rt`, `k`.`jumlah_anggota`, `p`.`nama` AS `kepala_keluarga`
FROM `keluarga` `k`
LEFT JOIN `penduduk` `p` ON `p`.`no_kk` = `k`.`no_kk` AND `p`.`hubungan_keluarga` = "Kepala `Keluarga"`
LEFT JOIN `wilayah` `rt` ON `rt`.`id_wilayah` = `k`.`id_rt`
LEFT JOIN `wilayah` `rw` ON `rw`.`id_wilayah` = `k`.`id_rw`
LEFT JOIN `wilayah` `dusun` ON `dusun`.`id_wilayah` = `k`.`id_dusun`
WHERE `k`.`no_kk` = \'1111111111110005\'')
 3 SYSTEMPATH\Database\BaseConnection.php(827): CodeIgniter\Database\BaseConnection->simpleQuery('SELECT `k`.`no_kk`, `k`.`alamat`, `dusun`.`nama_wilayah` AS `nama_dusun`, `rw`.`nama_wilayah` AS `nama_rw`, `rt`.`nama_wilayah` AS `nama_rt`, `k`.`jumlah_anggota`, `p`.`nama` AS `kepala_keluarga`
FROM `keluarga` `k`
LEFT JOIN `penduduk` `p` ON `p`.`no_kk` = `k`.`no_kk` AND `p`.`hubungan_keluarga` = "Kepala `Keluarga"`
LEFT JOIN `wilayah` `rt` ON `rt`.`id_wilayah` = `k`.`id_rt`
LEFT JOIN `wilayah` `rw` ON `rw`.`id_wilayah` = `k`.`id_rw`
LEFT JOIN `wilayah` `dusun` ON `dusun`.`id_wilayah` = `k`.`id_dusun`
WHERE `k`.`no_kk` = \'1111111111110005\'')
 4 SYSTEMPATH\Database\BaseBuilder.php(1649): CodeIgniter\Database\BaseConnection->query('SELECT `k`.`no_kk`, `k`.`alamat`, `dusun`.`nama_wilayah` AS `nama_dusun`, `rw`.`nama_wilayah` AS `nama_rw`, `rt`.`nama_wilayah` AS `nama_rt`, `k`.`jumlah_anggota`, `p`.`nama` AS `kepala_keluarga`
FROM `keluarga` `k`
LEFT JOIN `penduduk` `p` ON `p`.`no_kk` = `k`.`no_kk` AND `p`.`hubungan_keluarga` = "Kepala `Keluarga"`
LEFT JOIN `wilayah` `rt` ON `rt`.`id_wilayah` = `k`.`id_rt`
LEFT JOIN `wilayah` `rw` ON `rw`.`id_wilayah` = `k`.`id_rw`
LEFT JOIN `wilayah` `dusun` ON `dusun`.`id_wilayah` = `k`.`id_dusun`
WHERE `k`.`no_kk` = :k.no_kk:', [...], false)
 5 APPPATH\Models\KeluargaModel.php(70): CodeIgniter\Database\BaseBuilder->get()
 6 APPPATH\Controllers\DetailAnggota.php(54): App\Models\KeluargaModel->cekKKbyId('1111111111110005')
 7 SYSTEMPATH\CodeIgniter.php(951): App\Controllers\DetailAnggota->cekKK()
 8 SYSTEMPATH\CodeIgniter.php(497): CodeIgniter\CodeIgniter->runController(Object(App\Controllers\DetailAnggota))
 9 SYSTEMPATH\CodeIgniter.php(340): CodeIgniter\CodeIgniter->handleRequest(null, Object(Config\Cache), false)
10 SYSTEMPATH\Boot.php(417): CodeIgniter\CodeIgniter->run()
11 SYSTEMPATH\Boot.php(68): CodeIgniter\Boot::runCodeIgniter(Object(CodeIgniter\CodeIgniter))
12 FCPATH\index.php(59): CodeIgniter\Boot::bootWeb(Object(Config\Paths))
CRITICAL - 2026-07-04 03:28:19 --> CodeIgniter\Database\Exceptions\DatabaseException: You have an error in your SQL syntax; check the manual that corresponds to your MySQL server version for the right syntax to use near '`
LEFT JOIN `wilayah` `rt` ON `rt`.`id_wilayah` = `k`.`id_rt`
LEFT JOIN `wilayah' at line 3
[Method: POST, Route: detailanggota/cekKK]
in SYSTEMPATH\Database\BaseConnection.php on line 865.
 1 SYSTEMPATH\Database\BaseBuilder.php(1649): CodeIgniter\Database\BaseConnection->query('SELECT `k`.`no_kk`, `k`.`alamat`, `dusun`.`nama_wilayah` AS `nama_dusun`, `rw`.`nama_wilayah` AS `nama_rw`, `rt`.`nama_wilayah` AS `nama_rt`, `k`.`jumlah_anggota`, `p`.`nama` AS `kepala_keluarga`
FROM `keluarga` `k`
LEFT JOIN `penduduk` `p` ON `p`.`no_kk` = `k`.`no_kk` AND `p`.`hubungan_keluarga` = "Kepala `Keluarga"`
LEFT JOIN `wilayah` `rt` ON `rt`.`id_wilayah` = `k`.`id_rt`
LEFT JOIN `wilayah` `rw` ON `rw`.`id_wilayah` = `k`.`id_rw`
LEFT JOIN `wilayah` `dusun` ON `dusun`.`id_wilayah` = `k`.`id_dusun`
WHERE `k`.`no_kk` = :k.no_kk:', [...], false)
 2 APPPATH\Models\KeluargaModel.php(70): CodeIgniter\Database\BaseBuilder->get()
 3 APPPATH\Controllers\DetailAnggota.php(54): App\Models\KeluargaModel->cekKKbyId('1111111111110005')
 4 SYSTEMPATH\CodeIgniter.php(951): App\Controllers\DetailAnggota->cekKK()
 5 SYSTEMPATH\CodeIgniter.php(497): CodeIgniter\CodeIgniter->runController(Object(App\Controllers\DetailAnggota))
 6 SYSTEMPATH\CodeIgniter.php(340): CodeIgniter\CodeIgniter->handleRequest(null, Object(Config\Cache), false)
 7 SYSTEMPATH\Boot.php(417): CodeIgniter\CodeIgniter->run()
 8 SYSTEMPATH\Boot.php(68): CodeIgniter\Boot::runCodeIgniter(Object(CodeIgniter\CodeIgniter))
 9 FCPATH\index.php(59): CodeIgniter\Boot::bootWeb(Object(Config\Paths))
CRITICAL - 2026-07-04 03:28:19 --> [Caused by] CodeIgniter\Database\Exceptions\DatabaseException: You have an error in your SQL syntax; check the manual that corresponds to your MySQL server version for the right syntax to use near '`
LEFT JOIN `wilayah` `rt` ON `rt`.`id_wilayah` = `k`.`id_rt`
LEFT JOIN `wilayah' at line 3
in SYSTEMPATH\Database\MySQLi\Connection.php on line 310.
 1 SYSTEMPATH\Database\BaseConnection.php(910): CodeIgniter\Database\MySQLi\Connection->execute('SELECT `k`.`no_kk`, `k`.`alamat`, `dusun`.`nama_wilayah` AS `nama_dusun`, `rw`.`nama_wilayah` AS `nama_rw`, `rt`.`nama_wilayah` AS `nama_rt`, `k`.`jumlah_anggota`, `p`.`nama` AS `kepala_keluarga`
FROM `keluarga` `k`
LEFT JOIN `penduduk` `p` ON `p`.`no_kk` = `k`.`no_kk` AND `p`.`hubungan_keluarga` = "Kepala `Keluarga"`
LEFT JOIN `wilayah` `rt` ON `rt`.`id_wilayah` = `k`.`id_rt`
LEFT JOIN `wilayah` `rw` ON `rw`.`id_wilayah` = `k`.`id_rw`
LEFT JOIN `wilayah` `dusun` ON `dusun`.`id_wilayah` = `k`.`id_dusun`
WHERE `k`.`no_kk` = \'1111111111110005\'')
 2 SYSTEMPATH\Database\BaseConnection.php(827): CodeIgniter\Database\BaseConnection->simpleQuery('SELECT `k`.`no_kk`, `k`.`alamat`, `dusun`.`nama_wilayah` AS `nama_dusun`, `rw`.`nama_wilayah` AS `nama_rw`, `rt`.`nama_wilayah` AS `nama_rt`, `k`.`jumlah_anggota`, `p`.`nama` AS `kepala_keluarga`
FROM `keluarga` `k`
LEFT JOIN `penduduk` `p` ON `p`.`no_kk` = `k`.`no_kk` AND `p`.`hubungan_keluarga` = "Kepala `Keluarga"`
LEFT JOIN `wilayah` `rt` ON `rt`.`id_wilayah` = `k`.`id_rt`
LEFT JOIN `wilayah` `rw` ON `rw`.`id_wilayah` = `k`.`id_rw`
LEFT JOIN `wilayah` `dusun` ON `dusun`.`id_wilayah` = `k`.`id_dusun`
WHERE `k`.`no_kk` = \'1111111111110005\'')
 3 SYSTEMPATH\Database\BaseBuilder.php(1649): CodeIgniter\Database\BaseConnection->query('SELECT `k`.`no_kk`, `k`.`alamat`, `dusun`.`nama_wilayah` AS `nama_dusun`, `rw`.`nama_wilayah` AS `nama_rw`, `rt`.`nama_wilayah` AS `nama_rt`, `k`.`jumlah_anggota`, `p`.`nama` AS `kepala_keluarga`
FROM `keluarga` `k`
LEFT JOIN `penduduk` `p` ON `p`.`no_kk` = `k`.`no_kk` AND `p`.`hubungan_keluarga` = "Kepala `Keluarga"`
LEFT JOIN `wilayah` `rt` ON `rt`.`id_wilayah` = `k`.`id_rt`
LEFT JOIN `wilayah` `rw` ON `rw`.`id_wilayah` = `k`.`id_rw`
LEFT JOIN `wilayah` `dusun` ON `dusun`.`id_wilayah` = `k`.`id_dusun`
WHERE `k`.`no_kk` = :k.no_kk:', [...], false)
 4 APPPATH\Models\KeluargaModel.php(70): CodeIgniter\Database\BaseBuilder->get()
 5 APPPATH\Controllers\DetailAnggota.php(54): App\Models\KeluargaModel->cekKKbyId('1111111111110005')
 6 SYSTEMPATH\CodeIgniter.php(951): App\Controllers\DetailAnggota->cekKK()
 7 SYSTEMPATH\CodeIgniter.php(497): CodeIgniter\CodeIgniter->runController(Object(App\Controllers\DetailAnggota))
 8 SYSTEMPATH\CodeIgniter.php(340): CodeIgniter\CodeIgniter->handleRequest(null, Object(Config\Cache), false)
 9 SYSTEMPATH\Boot.php(417): CodeIgniter\CodeIgniter->run()
10 SYSTEMPATH\Boot.php(68): CodeIgniter\Boot::runCodeIgniter(Object(CodeIgniter\CodeIgniter))
11 FCPATH\index.php(59): CodeIgniter\Boot::bootWeb(Object(Config\Paths))
CRITICAL - 2026-07-04 03:28:19 --> [Caused by] mysqli_sql_exception: You have an error in your SQL syntax; check the manual that corresponds to your MySQL server version for the right syntax to use near '`
LEFT JOIN `wilayah` `rt` ON `rt`.`id_wilayah` = `k`.`id_rt`
LEFT JOIN `wilayah' at line 3
in SYSTEMPATH\Database\MySQLi\Connection.php on line 300.
 1 SYSTEMPATH\Database\MySQLi\Connection.php(300): mysqli->query('SELECT `k`.`no_kk`, `k`.`alamat`, `dusun`.`nama_wilayah` AS `nama_dusun`, `rw`.`nama_wilayah` AS `nama_rw`, `rt`.`nama_wilayah` AS `nama_rt`, `k`.`jumlah_anggota`, `p`.`nama` AS `kepala_keluarga`
FROM `keluarga` `k`
LEFT JOIN `penduduk` `p` ON `p`.`no_kk` = `k`.`no_kk` AND `p`.`hubungan_keluarga` = "Kepala `Keluarga"`
LEFT JOIN `wilayah` `rt` ON `rt`.`id_wilayah` = `k`.`id_rt`
LEFT JOIN `wilayah` `rw` ON `rw`.`id_wilayah` = `k`.`id_rw`
LEFT JOIN `wilayah` `dusun` ON `dusun`.`id_wilayah` = `k`.`id_dusun`
WHERE `k`.`no_kk` = \'1111111111110005\'', 0)
 2 SYSTEMPATH\Database\BaseConnection.php(910): CodeIgniter\Database\MySQLi\Connection->execute('SELECT `k`.`no_kk`, `k`.`alamat`, `dusun`.`nama_wilayah` AS `nama_dusun`, `rw`.`nama_wilayah` AS `nama_rw`, `rt`.`nama_wilayah` AS `nama_rt`, `k`.`jumlah_anggota`, `p`.`nama` AS `kepala_keluarga`
FROM `keluarga` `k`
LEFT JOIN `penduduk` `p` ON `p`.`no_kk` = `k`.`no_kk` AND `p`.`hubungan_keluarga` = "Kepala `Keluarga"`
LEFT JOIN `wilayah` `rt` ON `rt`.`id_wilayah` = `k`.`id_rt`
LEFT JOIN `wilayah` `rw` ON `rw`.`id_wilayah` = `k`.`id_rw`
LEFT JOIN `wilayah` `dusun` ON `dusun`.`id_wilayah` = `k`.`id_dusun`
WHERE `k`.`no_kk` = \'1111111111110005\'')
 3 SYSTEMPATH\Database\BaseConnection.php(827): CodeIgniter\Database\BaseConnection->simpleQuery('SELECT `k`.`no_kk`, `k`.`alamat`, `dusun`.`nama_wilayah` AS `nama_dusun`, `rw`.`nama_wilayah` AS `nama_rw`, `rt`.`nama_wilayah` AS `nama_rt`, `k`.`jumlah_anggota`, `p`.`nama` AS `kepala_keluarga`
FROM `keluarga` `k`
LEFT JOIN `penduduk` `p` ON `p`.`no_kk` = `k`.`no_kk` AND `p`.`hubungan_keluarga` = "Kepala `Keluarga"`
LEFT JOIN `wilayah` `rt` ON `rt`.`id_wilayah` = `k`.`id_rt`
LEFT JOIN `wilayah` `rw` ON `rw`.`id_wilayah` = `k`.`id_rw`
LEFT JOIN `wilayah` `dusun` ON `dusun`.`id_wilayah` = `k`.`id_dusun`
WHERE `k`.`no_kk` = \'1111111111110005\'')
 4 SYSTEMPATH\Database\BaseBuilder.php(1649): CodeIgniter\Database\BaseConnection->query('SELECT `k`.`no_kk`, `k`.`alamat`, `dusun`.`nama_wilayah` AS `nama_dusun`, `rw`.`nama_wilayah` AS `nama_rw`, `rt`.`nama_wilayah` AS `nama_rt`, `k`.`jumlah_anggota`, `p`.`nama` AS `kepala_keluarga`
FROM `keluarga` `k`
LEFT JOIN `penduduk` `p` ON `p`.`no_kk` = `k`.`no_kk` AND `p`.`hubungan_keluarga` = "Kepala `Keluarga"`
LEFT JOIN `wilayah` `rt` ON `rt`.`id_wilayah` = `k`.`id_rt`
LEFT JOIN `wilayah` `rw` ON `rw`.`id_wilayah` = `k`.`id_rw`
LEFT JOIN `wilayah` `dusun` ON `dusun`.`id_wilayah` = `k`.`id_dusun`
WHERE `k`.`no_kk` = :k.no_kk:', [...], false)
 5 APPPATH\Models\KeluargaModel.php(70): CodeIgniter\Database\BaseBuilder->get()
 6 APPPATH\Controllers\DetailAnggota.php(54): App\Models\KeluargaModel->cekKKbyId('1111111111110005')
 7 SYSTEMPATH\CodeIgniter.php(951): App\Controllers\DetailAnggota->cekKK()
 8 SYSTEMPATH\CodeIgniter.php(497): CodeIgniter\CodeIgniter->runController(Object(App\Controllers\DetailAnggota))
 9 SYSTEMPATH\CodeIgniter.php(340): CodeIgniter\CodeIgniter->handleRequest(null, Object(Config\Cache), false)
10 SYSTEMPATH\Boot.php(417): CodeIgniter\CodeIgniter->run()
11 SYSTEMPATH\Boot.php(68): CodeIgniter\Boot::runCodeIgniter(Object(CodeIgniter\CodeIgniter))
12 FCPATH\index.php(59): CodeIgniter\Boot::bootWeb(Object(Config\Paths))
ERROR - 2026-07-04 03:29:28 --> You have an error in your SQL syntax; check the manual that corresponds to your MySQL server version for the right syntax to use near '`
LEFT JOIN `wilayah` `rt` ON `rt`.`id_wilayah` = `k`.`id_rt`
LEFT JOIN `wilayah' at line 3
in SYSTEMPATH\Database\MySQLi\Connection.php on line 300.
 1 SYSTEMPATH\Database\MySQLi\Connection.php(300): mysqli->query('SELECT `k`.`no_kk`, `k`.`alamat`, `dusun`.`nama_wilayah` AS `nama_dusun`, `rw`.`nama_wilayah` AS `nama_rw`, `rt`.`nama_wilayah` AS `nama_rt`, `k`.`jumlah_anggota`, `p`.`nama` AS `kepala_keluarga`
FROM `keluarga` `k`
LEFT JOIN `penduduk` `p` ON `p`.`no_kk` = `k`.`no_kk` AND `p`.`hubungan_keluarga` = "Kepala `Keluarga"`
LEFT JOIN `wilayah` `rt` ON `rt`.`id_wilayah` = `k`.`id_rt`
LEFT JOIN `wilayah` `rw` ON `rw`.`id_wilayah` = `k`.`id_rw`
LEFT JOIN `wilayah` `dusun` ON `dusun`.`id_wilayah` = `k`.`id_dusun`
WHERE `k`.`no_kk` = \'1111111111110005\'', 0)
 2 SYSTEMPATH\Database\BaseConnection.php(910): CodeIgniter\Database\MySQLi\Connection->execute('SELECT `k`.`no_kk`, `k`.`alamat`, `dusun`.`nama_wilayah` AS `nama_dusun`, `rw`.`nama_wilayah` AS `nama_rw`, `rt`.`nama_wilayah` AS `nama_rt`, `k`.`jumlah_anggota`, `p`.`nama` AS `kepala_keluarga`
FROM `keluarga` `k`
LEFT JOIN `penduduk` `p` ON `p`.`no_kk` = `k`.`no_kk` AND `p`.`hubungan_keluarga` = "Kepala `Keluarga"`
LEFT JOIN `wilayah` `rt` ON `rt`.`id_wilayah` = `k`.`id_rt`
LEFT JOIN `wilayah` `rw` ON `rw`.`id_wilayah` = `k`.`id_rw`
LEFT JOIN `wilayah` `dusun` ON `dusun`.`id_wilayah` = `k`.`id_dusun`
WHERE `k`.`no_kk` = \'1111111111110005\'')
 3 SYSTEMPATH\Database\BaseConnection.php(827): CodeIgniter\Database\BaseConnection->simpleQuery('SELECT `k`.`no_kk`, `k`.`alamat`, `dusun`.`nama_wilayah` AS `nama_dusun`, `rw`.`nama_wilayah` AS `nama_rw`, `rt`.`nama_wilayah` AS `nama_rt`, `k`.`jumlah_anggota`, `p`.`nama` AS `kepala_keluarga`
FROM `keluarga` `k`
LEFT JOIN `penduduk` `p` ON `p`.`no_kk` = `k`.`no_kk` AND `p`.`hubungan_keluarga` = "Kepala `Keluarga"`
LEFT JOIN `wilayah` `rt` ON `rt`.`id_wilayah` = `k`.`id_rt`
LEFT JOIN `wilayah` `rw` ON `rw`.`id_wilayah` = `k`.`id_rw`
LEFT JOIN `wilayah` `dusun` ON `dusun`.`id_wilayah` = `k`.`id_dusun`
WHERE `k`.`no_kk` = \'1111111111110005\'')
 4 SYSTEMPATH\Database\BaseBuilder.php(1649): CodeIgniter\Database\BaseConnection->query('SELECT `k`.`no_kk`, `k`.`alamat`, `dusun`.`nama_wilayah` AS `nama_dusun`, `rw`.`nama_wilayah` AS `nama_rw`, `rt`.`nama_wilayah` AS `nama_rt`, `k`.`jumlah_anggota`, `p`.`nama` AS `kepala_keluarga`
FROM `keluarga` `k`
LEFT JOIN `penduduk` `p` ON `p`.`no_kk` = `k`.`no_kk` AND `p`.`hubungan_keluarga` = "Kepala `Keluarga"`
LEFT JOIN `wilayah` `rt` ON `rt`.`id_wilayah` = `k`.`id_rt`
LEFT JOIN `wilayah` `rw` ON `rw`.`id_wilayah` = `k`.`id_rw`
LEFT JOIN `wilayah` `dusun` ON `dusun`.`id_wilayah` = `k`.`id_dusun`
WHERE `k`.`no_kk` = :k.no_kk:', [...], false)
 5 APPPATH\Models\KeluargaModel.php(70): CodeIgniter\Database\BaseBuilder->get()
 6 APPPATH\Controllers\DetailAnggota.php(54): App\Models\KeluargaModel->cekKKbyId('1111111111110005')
 7 SYSTEMPATH\CodeIgniter.php(951): App\Controllers\DetailAnggota->cekKK()
 8 SYSTEMPATH\CodeIgniter.php(497): CodeIgniter\CodeIgniter->runController(Object(App\Controllers\DetailAnggota))
 9 SYSTEMPATH\CodeIgniter.php(340): CodeIgniter\CodeIgniter->handleRequest(null, Object(Config\Cache), false)
10 SYSTEMPATH\Boot.php(417): CodeIgniter\CodeIgniter->run()
11 SYSTEMPATH\Boot.php(68): CodeIgniter\Boot::runCodeIgniter(Object(CodeIgniter\CodeIgniter))
12 FCPATH\index.php(59): CodeIgniter\Boot::bootWeb(Object(Config\Paths))
CRITICAL - 2026-07-04 03:29:28 --> CodeIgniter\Database\Exceptions\DatabaseException: You have an error in your SQL syntax; check the manual that corresponds to your MySQL server version for the right syntax to use near '`
LEFT JOIN `wilayah` `rt` ON `rt`.`id_wilayah` = `k`.`id_rt`
LEFT JOIN `wilayah' at line 3
[Method: POST, Route: detailanggota/cekKK]
in SYSTEMPATH\Database\BaseConnection.php on line 865.
 1 SYSTEMPATH\Database\BaseBuilder.php(1649): CodeIgniter\Database\BaseConnection->query('SELECT `k`.`no_kk`, `k`.`alamat`, `dusun`.`nama_wilayah` AS `nama_dusun`, `rw`.`nama_wilayah` AS `nama_rw`, `rt`.`nama_wilayah` AS `nama_rt`, `k`.`jumlah_anggota`, `p`.`nama` AS `kepala_keluarga`
FROM `keluarga` `k`
LEFT JOIN `penduduk` `p` ON `p`.`no_kk` = `k`.`no_kk` AND `p`.`hubungan_keluarga` = "Kepala `Keluarga"`
LEFT JOIN `wilayah` `rt` ON `rt`.`id_wilayah` = `k`.`id_rt`
LEFT JOIN `wilayah` `rw` ON `rw`.`id_wilayah` = `k`.`id_rw`
LEFT JOIN `wilayah` `dusun` ON `dusun`.`id_wilayah` = `k`.`id_dusun`
WHERE `k`.`no_kk` = :k.no_kk:', [...], false)
 2 APPPATH\Models\KeluargaModel.php(70): CodeIgniter\Database\BaseBuilder->get()
 3 APPPATH\Controllers\DetailAnggota.php(54): App\Models\KeluargaModel->cekKKbyId('1111111111110005')
 4 SYSTEMPATH\CodeIgniter.php(951): App\Controllers\DetailAnggota->cekKK()
 5 SYSTEMPATH\CodeIgniter.php(497): CodeIgniter\CodeIgniter->runController(Object(App\Controllers\DetailAnggota))
 6 SYSTEMPATH\CodeIgniter.php(340): CodeIgniter\CodeIgniter->handleRequest(null, Object(Config\Cache), false)
 7 SYSTEMPATH\Boot.php(417): CodeIgniter\CodeIgniter->run()
 8 SYSTEMPATH\Boot.php(68): CodeIgniter\Boot::runCodeIgniter(Object(CodeIgniter\CodeIgniter))
 9 FCPATH\index.php(59): CodeIgniter\Boot::bootWeb(Object(Config\Paths))
CRITICAL - 2026-07-04 03:29:28 --> [Caused by] CodeIgniter\Database\Exceptions\DatabaseException: You have an error in your SQL syntax; check the manual that corresponds to your MySQL server version for the right syntax to use near '`
LEFT JOIN `wilayah` `rt` ON `rt`.`id_wilayah` = `k`.`id_rt`
LEFT JOIN `wilayah' at line 3
in SYSTEMPATH\Database\MySQLi\Connection.php on line 310.
 1 SYSTEMPATH\Database\BaseConnection.php(910): CodeIgniter\Database\MySQLi\Connection->execute('SELECT `k`.`no_kk`, `k`.`alamat`, `dusun`.`nama_wilayah` AS `nama_dusun`, `rw`.`nama_wilayah` AS `nama_rw`, `rt`.`nama_wilayah` AS `nama_rt`, `k`.`jumlah_anggota`, `p`.`nama` AS `kepala_keluarga`
FROM `keluarga` `k`
LEFT JOIN `penduduk` `p` ON `p`.`no_kk` = `k`.`no_kk` AND `p`.`hubungan_keluarga` = "Kepala `Keluarga"`
LEFT JOIN `wilayah` `rt` ON `rt`.`id_wilayah` = `k`.`id_rt`
LEFT JOIN `wilayah` `rw` ON `rw`.`id_wilayah` = `k`.`id_rw`
LEFT JOIN `wilayah` `dusun` ON `dusun`.`id_wilayah` = `k`.`id_dusun`
WHERE `k`.`no_kk` = \'1111111111110005\'')
 2 SYSTEMPATH\Database\BaseConnection.php(827): CodeIgniter\Database\BaseConnection->simpleQuery('SELECT `k`.`no_kk`, `k`.`alamat`, `dusun`.`nama_wilayah` AS `nama_dusun`, `rw`.`nama_wilayah` AS `nama_rw`, `rt`.`nama_wilayah` AS `nama_rt`, `k`.`jumlah_anggota`, `p`.`nama` AS `kepala_keluarga`
FROM `keluarga` `k`
LEFT JOIN `penduduk` `p` ON `p`.`no_kk` = `k`.`no_kk` AND `p`.`hubungan_keluarga` = "Kepala `Keluarga"`
LEFT JOIN `wilayah` `rt` ON `rt`.`id_wilayah` = `k`.`id_rt`
LEFT JOIN `wilayah` `rw` ON `rw`.`id_wilayah` = `k`.`id_rw`
LEFT JOIN `wilayah` `dusun` ON `dusun`.`id_wilayah` = `k`.`id_dusun`
WHERE `k`.`no_kk` = \'1111111111110005\'')
 3 SYSTEMPATH\Database\BaseBuilder.php(1649): CodeIgniter\Database\BaseConnection->query('SELECT `k`.`no_kk`, `k`.`alamat`, `dusun`.`nama_wilayah` AS `nama_dusun`, `rw`.`nama_wilayah` AS `nama_rw`, `rt`.`nama_wilayah` AS `nama_rt`, `k`.`jumlah_anggota`, `p`.`nama` AS `kepala_keluarga`
FROM `keluarga` `k`
LEFT JOIN `penduduk` `p` ON `p`.`no_kk` = `k`.`no_kk` AND `p`.`hubungan_keluarga` = "Kepala `Keluarga"`
LEFT JOIN `wilayah` `rt` ON `rt`.`id_wilayah` = `k`.`id_rt`
LEFT JOIN `wilayah` `rw` ON `rw`.`id_wilayah` = `k`.`id_rw`
LEFT JOIN `wilayah` `dusun` ON `dusun`.`id_wilayah` = `k`.`id_dusun`
WHERE `k`.`no_kk` = :k.no_kk:', [...], false)
 4 APPPATH\Models\KeluargaModel.php(70): CodeIgniter\Database\BaseBuilder->get()
 5 APPPATH\Controllers\DetailAnggota.php(54): App\Models\KeluargaModel->cekKKbyId('1111111111110005')
 6 SYSTEMPATH\CodeIgniter.php(951): App\Controllers\DetailAnggota->cekKK()
 7 SYSTEMPATH\CodeIgniter.php(497): CodeIgniter\CodeIgniter->runController(Object(App\Controllers\DetailAnggota))
 8 SYSTEMPATH\CodeIgniter.php(340): CodeIgniter\CodeIgniter->handleRequest(null, Object(Config\Cache), false)
 9 SYSTEMPATH\Boot.php(417): CodeIgniter\CodeIgniter->run()
10 SYSTEMPATH\Boot.php(68): CodeIgniter\Boot::runCodeIgniter(Object(CodeIgniter\CodeIgniter))
11 FCPATH\index.php(59): CodeIgniter\Boot::bootWeb(Object(Config\Paths))
CRITICAL - 2026-07-04 03:29:28 --> [Caused by] mysqli_sql_exception: You have an error in your SQL syntax; check the manual that corresponds to your MySQL server version for the right syntax to use near '`
LEFT JOIN `wilayah` `rt` ON `rt`.`id_wilayah` = `k`.`id_rt`
LEFT JOIN `wilayah' at line 3
in SYSTEMPATH\Database\MySQLi\Connection.php on line 300.
 1 SYSTEMPATH\Database\MySQLi\Connection.php(300): mysqli->query('SELECT `k`.`no_kk`, `k`.`alamat`, `dusun`.`nama_wilayah` AS `nama_dusun`, `rw`.`nama_wilayah` AS `nama_rw`, `rt`.`nama_wilayah` AS `nama_rt`, `k`.`jumlah_anggota`, `p`.`nama` AS `kepala_keluarga`
FROM `keluarga` `k`
LEFT JOIN `penduduk` `p` ON `p`.`no_kk` = `k`.`no_kk` AND `p`.`hubungan_keluarga` = "Kepala `Keluarga"`
LEFT JOIN `wilayah` `rt` ON `rt`.`id_wilayah` = `k`.`id_rt`
LEFT JOIN `wilayah` `rw` ON `rw`.`id_wilayah` = `k`.`id_rw`
LEFT JOIN `wilayah` `dusun` ON `dusun`.`id_wilayah` = `k`.`id_dusun`
WHERE `k`.`no_kk` = \'1111111111110005\'', 0)
 2 SYSTEMPATH\Database\BaseConnection.php(910): CodeIgniter\Database\MySQLi\Connection->execute('SELECT `k`.`no_kk`, `k`.`alamat`, `dusun`.`nama_wilayah` AS `nama_dusun`, `rw`.`nama_wilayah` AS `nama_rw`, `rt`.`nama_wilayah` AS `nama_rt`, `k`.`jumlah_anggota`, `p`.`nama` AS `kepala_keluarga`
FROM `keluarga` `k`
LEFT JOIN `penduduk` `p` ON `p`.`no_kk` = `k`.`no_kk` AND `p`.`hubungan_keluarga` = "Kepala `Keluarga"`
LEFT JOIN `wilayah` `rt` ON `rt`.`id_wilayah` = `k`.`id_rt`
LEFT JOIN `wilayah` `rw` ON `rw`.`id_wilayah` = `k`.`id_rw`
LEFT JOIN `wilayah` `dusun` ON `dusun`.`id_wilayah` = `k`.`id_dusun`
WHERE `k`.`no_kk` = \'1111111111110005\'')
 3 SYSTEMPATH\Database\BaseConnection.php(827): CodeIgniter\Database\BaseConnection->simpleQuery('SELECT `k`.`no_kk`, `k`.`alamat`, `dusun`.`nama_wilayah` AS `nama_dusun`, `rw`.`nama_wilayah` AS `nama_rw`, `rt`.`nama_wilayah` AS `nama_rt`, `k`.`jumlah_anggota`, `p`.`nama` AS `kepala_keluarga`
FROM `keluarga` `k`
LEFT JOIN `penduduk` `p` ON `p`.`no_kk` = `k`.`no_kk` AND `p`.`hubungan_keluarga` = "Kepala `Keluarga"`
LEFT JOIN `wilayah` `rt` ON `rt`.`id_wilayah` = `k`.`id_rt`
LEFT JOIN `wilayah` `rw` ON `rw`.`id_wilayah` = `k`.`id_rw`
LEFT JOIN `wilayah` `dusun` ON `dusun`.`id_wilayah` = `k`.`id_dusun`
WHERE `k`.`no_kk` = \'1111111111110005\'')
 4 SYSTEMPATH\Database\BaseBuilder.php(1649): CodeIgniter\Database\BaseConnection->query('SELECT `k`.`no_kk`, `k`.`alamat`, `dusun`.`nama_wilayah` AS `nama_dusun`, `rw`.`nama_wilayah` AS `nama_rw`, `rt`.`nama_wilayah` AS `nama_rt`, `k`.`jumlah_anggota`, `p`.`nama` AS `kepala_keluarga`
FROM `keluarga` `k`
LEFT JOIN `penduduk` `p` ON `p`.`no_kk` = `k`.`no_kk` AND `p`.`hubungan_keluarga` = "Kepala `Keluarga"`
LEFT JOIN `wilayah` `rt` ON `rt`.`id_wilayah` = `k`.`id_rt`
LEFT JOIN `wilayah` `rw` ON `rw`.`id_wilayah` = `k`.`id_rw`
LEFT JOIN `wilayah` `dusun` ON `dusun`.`id_wilayah` = `k`.`id_dusun`
WHERE `k`.`no_kk` = :k.no_kk:', [...], false)
 5 APPPATH\Models\KeluargaModel.php(70): CodeIgniter\Database\BaseBuilder->get()
 6 APPPATH\Controllers\DetailAnggota.php(54): App\Models\KeluargaModel->cekKKbyId('1111111111110005')
 7 SYSTEMPATH\CodeIgniter.php(951): App\Controllers\DetailAnggota->cekKK()
 8 SYSTEMPATH\CodeIgniter.php(497): CodeIgniter\CodeIgniter->runController(Object(App\Controllers\DetailAnggota))
 9 SYSTEMPATH\CodeIgniter.php(340): CodeIgniter\CodeIgniter->handleRequest(null, Object(Config\Cache), false)
10 SYSTEMPATH\Boot.php(417): CodeIgniter\CodeIgniter->run()
11 SYSTEMPATH\Boot.php(68): CodeIgniter\Boot::runCodeIgniter(Object(CodeIgniter\CodeIgniter))
12 FCPATH\index.php(59): CodeIgniter\Boot::bootWeb(Object(Config\Paths))
ERROR - 2026-07-04 03:32:15 --> You have an error in your SQL syntax; check the manual that corresponds to your MySQL server version for the right syntax to use near '`
LEFT JOIN `wilayah` `rt` ON `rt`.`id_wilayah` = `k`.`id_rt`
LEFT JOIN `wilayah' at line 3
in SYSTEMPATH\Database\MySQLi\Connection.php on line 300.
 1 SYSTEMPATH\Database\MySQLi\Connection.php(300): mysqli->query('SELECT `k`.`no_kk`, `k`.`alamat`, `dusun`.`nama_wilayah` AS `nama_dusun`, `rw`.`nama_wilayah` AS `nama_rw`, `rt`.`nama_wilayah` AS `nama_rt`, `k`.`jumlah_anggota`, `p`.`nama` AS `kepala_keluarga`
FROM `keluarga` `k`
LEFT JOIN `penduduk` `p` ON `p`.`no_kk` = `k`.`no_kk` AND `p`.`hubungan_keluarga` = "Kepala `Keluarga"`
LEFT JOIN `wilayah` `rt` ON `rt`.`id_wilayah` = `k`.`id_rt`
LEFT JOIN `wilayah` `rw` ON `rw`.`id_wilayah` = `k`.`id_rw`
LEFT JOIN `wilayah` `dusun` ON `dusun`.`id_wilayah` = `k`.`id_dusun`
WHERE `k`.`no_kk` = \'1111111111110005\'', 0)
 2 SYSTEMPATH\Database\BaseConnection.php(910): CodeIgniter\Database\MySQLi\Connection->execute('SELECT `k`.`no_kk`, `k`.`alamat`, `dusun`.`nama_wilayah` AS `nama_dusun`, `rw`.`nama_wilayah` AS `nama_rw`, `rt`.`nama_wilayah` AS `nama_rt`, `k`.`jumlah_anggota`, `p`.`nama` AS `kepala_keluarga`
FROM `keluarga` `k`
LEFT JOIN `penduduk` `p` ON `p`.`no_kk` = `k`.`no_kk` AND `p`.`hubungan_keluarga` = "Kepala `Keluarga"`
LEFT JOIN `wilayah` `rt` ON `rt`.`id_wilayah` = `k`.`id_rt`
LEFT JOIN `wilayah` `rw` ON `rw`.`id_wilayah` = `k`.`id_rw`
LEFT JOIN `wilayah` `dusun` ON `dusun`.`id_wilayah` = `k`.`id_dusun`
WHERE `k`.`no_kk` = \'1111111111110005\'')
 3 SYSTEMPATH\Database\BaseConnection.php(827): CodeIgniter\Database\BaseConnection->simpleQuery('SELECT `k`.`no_kk`, `k`.`alamat`, `dusun`.`nama_wilayah` AS `nama_dusun`, `rw`.`nama_wilayah` AS `nama_rw`, `rt`.`nama_wilayah` AS `nama_rt`, `k`.`jumlah_anggota`, `p`.`nama` AS `kepala_keluarga`
FROM `keluarga` `k`
LEFT JOIN `penduduk` `p` ON `p`.`no_kk` = `k`.`no_kk` AND `p`.`hubungan_keluarga` = "Kepala `Keluarga"`
LEFT JOIN `wilayah` `rt` ON `rt`.`id_wilayah` = `k`.`id_rt`
LEFT JOIN `wilayah` `rw` ON `rw`.`id_wilayah` = `k`.`id_rw`
LEFT JOIN `wilayah` `dusun` ON `dusun`.`id_wilayah` = `k`.`id_dusun`
WHERE `k`.`no_kk` = \'1111111111110005\'')
 4 SYSTEMPATH\Database\BaseBuilder.php(1649): CodeIgniter\Database\BaseConnection->query('SELECT `k`.`no_kk`, `k`.`alamat`, `dusun`.`nama_wilayah` AS `nama_dusun`, `rw`.`nama_wilayah` AS `nama_rw`, `rt`.`nama_wilayah` AS `nama_rt`, `k`.`jumlah_anggota`, `p`.`nama` AS `kepala_keluarga`
FROM `keluarga` `k`
LEFT JOIN `penduduk` `p` ON `p`.`no_kk` = `k`.`no_kk` AND `p`.`hubungan_keluarga` = "Kepala `Keluarga"`
LEFT JOIN `wilayah` `rt` ON `rt`.`id_wilayah` = `k`.`id_rt`
LEFT JOIN `wilayah` `rw` ON `rw`.`id_wilayah` = `k`.`id_rw`
LEFT JOIN `wilayah` `dusun` ON `dusun`.`id_wilayah` = `k`.`id_dusun`
WHERE `k`.`no_kk` = :k.no_kk:', [...], false)
 5 APPPATH\Models\KeluargaModel.php(70): CodeIgniter\Database\BaseBuilder->get()
 6 APPPATH\Controllers\DetailAnggota.php(54): App\Models\KeluargaModel->cekKKbyId('1111111111110005')
 7 SYSTEMPATH\CodeIgniter.php(951): App\Controllers\DetailAnggota->cekKK()
 8 SYSTEMPATH\CodeIgniter.php(497): CodeIgniter\CodeIgniter->runController(Object(App\Controllers\DetailAnggota))
 9 SYSTEMPATH\CodeIgniter.php(340): CodeIgniter\CodeIgniter->handleRequest(null, Object(Config\Cache), false)
10 SYSTEMPATH\Boot.php(417): CodeIgniter\CodeIgniter->run()
11 SYSTEMPATH\Boot.php(68): CodeIgniter\Boot::runCodeIgniter(Object(CodeIgniter\CodeIgniter))
12 FCPATH\index.php(59): CodeIgniter\Boot::bootWeb(Object(Config\Paths))
CRITICAL - 2026-07-04 03:32:15 --> CodeIgniter\Database\Exceptions\DatabaseException: You have an error in your SQL syntax; check the manual that corresponds to your MySQL server version for the right syntax to use near '`
LEFT JOIN `wilayah` `rt` ON `rt`.`id_wilayah` = `k`.`id_rt`
LEFT JOIN `wilayah' at line 3
[Method: POST, Route: detailanggota/cekKK]
in SYSTEMPATH\Database\BaseConnection.php on line 865.
 1 SYSTEMPATH\Database\BaseBuilder.php(1649): CodeIgniter\Database\BaseConnection->query('SELECT `k`.`no_kk`, `k`.`alamat`, `dusun`.`nama_wilayah` AS `nama_dusun`, `rw`.`nama_wilayah` AS `nama_rw`, `rt`.`nama_wilayah` AS `nama_rt`, `k`.`jumlah_anggota`, `p`.`nama` AS `kepala_keluarga`
FROM `keluarga` `k`
LEFT JOIN `penduduk` `p` ON `p`.`no_kk` = `k`.`no_kk` AND `p`.`hubungan_keluarga` = "Kepala `Keluarga"`
LEFT JOIN `wilayah` `rt` ON `rt`.`id_wilayah` = `k`.`id_rt`
LEFT JOIN `wilayah` `rw` ON `rw`.`id_wilayah` = `k`.`id_rw`
LEFT JOIN `wilayah` `dusun` ON `dusun`.`id_wilayah` = `k`.`id_dusun`
WHERE `k`.`no_kk` = :k.no_kk:', [...], false)
 2 APPPATH\Models\KeluargaModel.php(70): CodeIgniter\Database\BaseBuilder->get()
 3 APPPATH\Controllers\DetailAnggota.php(54): App\Models\KeluargaModel->cekKKbyId('1111111111110005')
 4 SYSTEMPATH\CodeIgniter.php(951): App\Controllers\DetailAnggota->cekKK()
 5 SYSTEMPATH\CodeIgniter.php(497): CodeIgniter\CodeIgniter->runController(Object(App\Controllers\DetailAnggota))
 6 SYSTEMPATH\CodeIgniter.php(340): CodeIgniter\CodeIgniter->handleRequest(null, Object(Config\Cache), false)
 7 SYSTEMPATH\Boot.php(417): CodeIgniter\CodeIgniter->run()
 8 SYSTEMPATH\Boot.php(68): CodeIgniter\Boot::runCodeIgniter(Object(CodeIgniter\CodeIgniter))
 9 FCPATH\index.php(59): CodeIgniter\Boot::bootWeb(Object(Config\Paths))
CRITICAL - 2026-07-04 03:32:15 --> [Caused by] CodeIgniter\Database\Exceptions\DatabaseException: You have an error in your SQL syntax; check the manual that corresponds to your MySQL server version for the right syntax to use near '`
LEFT JOIN `wilayah` `rt` ON `rt`.`id_wilayah` = `k`.`id_rt`
LEFT JOIN `wilayah' at line 3
in SYSTEMPATH\Database\MySQLi\Connection.php on line 310.
 1 SYSTEMPATH\Database\BaseConnection.php(910): CodeIgniter\Database\MySQLi\Connection->execute('SELECT `k`.`no_kk`, `k`.`alamat`, `dusun`.`nama_wilayah` AS `nama_dusun`, `rw`.`nama_wilayah` AS `nama_rw`, `rt`.`nama_wilayah` AS `nama_rt`, `k`.`jumlah_anggota`, `p`.`nama` AS `kepala_keluarga`
FROM `keluarga` `k`
LEFT JOIN `penduduk` `p` ON `p`.`no_kk` = `k`.`no_kk` AND `p`.`hubungan_keluarga` = "Kepala `Keluarga"`
LEFT JOIN `wilayah` `rt` ON `rt`.`id_wilayah` = `k`.`id_rt`
LEFT JOIN `wilayah` `rw` ON `rw`.`id_wilayah` = `k`.`id_rw`
LEFT JOIN `wilayah` `dusun` ON `dusun`.`id_wilayah` = `k`.`id_dusun`
WHERE `k`.`no_kk` = \'1111111111110005\'')
 2 SYSTEMPATH\Database\BaseConnection.php(827): CodeIgniter\Database\BaseConnection->simpleQuery('SELECT `k`.`no_kk`, `k`.`alamat`, `dusun`.`nama_wilayah` AS `nama_dusun`, `rw`.`nama_wilayah` AS `nama_rw`, `rt`.`nama_wilayah` AS `nama_rt`, `k`.`jumlah_anggota`, `p`.`nama` AS `kepala_keluarga`
FROM `keluarga` `k`
LEFT JOIN `penduduk` `p` ON `p`.`no_kk` = `k`.`no_kk` AND `p`.`hubungan_keluarga` = "Kepala `Keluarga"`
LEFT JOIN `wilayah` `rt` ON `rt`.`id_wilayah` = `k`.`id_rt`
LEFT JOIN `wilayah` `rw` ON `rw`.`id_wilayah` = `k`.`id_rw`
LEFT JOIN `wilayah` `dusun` ON `dusun`.`id_wilayah` = `k`.`id_dusun`
WHERE `k`.`no_kk` = \'1111111111110005\'')
 3 SYSTEMPATH\Database\BaseBuilder.php(1649): CodeIgniter\Database\BaseConnection->query('SELECT `k`.`no_kk`, `k`.`alamat`, `dusun`.`nama_wilayah` AS `nama_dusun`, `rw`.`nama_wilayah` AS `nama_rw`, `rt`.`nama_wilayah` AS `nama_rt`, `k`.`jumlah_anggota`, `p`.`nama` AS `kepala_keluarga`
FROM `keluarga` `k`
LEFT JOIN `penduduk` `p` ON `p`.`no_kk` = `k`.`no_kk` AND `p`.`hubungan_keluarga` = "Kepala `Keluarga"`
LEFT JOIN `wilayah` `rt` ON `rt`.`id_wilayah` = `k`.`id_rt`
LEFT JOIN `wilayah` `rw` ON `rw`.`id_wilayah` = `k`.`id_rw`
LEFT JOIN `wilayah` `dusun` ON `dusun`.`id_wilayah` = `k`.`id_dusun`
WHERE `k`.`no_kk` = :k.no_kk:', [...], false)
 4 APPPATH\Models\KeluargaModel.php(70): CodeIgniter\Database\BaseBuilder->get()
 5 APPPATH\Controllers\DetailAnggota.php(54): App\Models\KeluargaModel->cekKKbyId('1111111111110005')
 6 SYSTEMPATH\CodeIgniter.php(951): App\Controllers\DetailAnggota->cekKK()
 7 SYSTEMPATH\CodeIgniter.php(497): CodeIgniter\CodeIgniter->runController(Object(App\Controllers\DetailAnggota))
 8 SYSTEMPATH\CodeIgniter.php(340): CodeIgniter\CodeIgniter->handleRequest(null, Object(Config\Cache), false)
 9 SYSTEMPATH\Boot.php(417): CodeIgniter\CodeIgniter->run()
10 SYSTEMPATH\Boot.php(68): CodeIgniter\Boot::runCodeIgniter(Object(CodeIgniter\CodeIgniter))
11 FCPATH\index.php(59): CodeIgniter\Boot::bootWeb(Object(Config\Paths))
CRITICAL - 2026-07-04 03:32:15 --> [Caused by] mysqli_sql_exception: You have an error in your SQL syntax; check the manual that corresponds to your MySQL server version for the right syntax to use near '`
LEFT JOIN `wilayah` `rt` ON `rt`.`id_wilayah` = `k`.`id_rt`
LEFT JOIN `wilayah' at line 3
in SYSTEMPATH\Database\MySQLi\Connection.php on line 300.
 1 SYSTEMPATH\Database\MySQLi\Connection.php(300): mysqli->query('SELECT `k`.`no_kk`, `k`.`alamat`, `dusun`.`nama_wilayah` AS `nama_dusun`, `rw`.`nama_wilayah` AS `nama_rw`, `rt`.`nama_wilayah` AS `nama_rt`, `k`.`jumlah_anggota`, `p`.`nama` AS `kepala_keluarga`
FROM `keluarga` `k`
LEFT JOIN `penduduk` `p` ON `p`.`no_kk` = `k`.`no_kk` AND `p`.`hubungan_keluarga` = "Kepala `Keluarga"`
LEFT JOIN `wilayah` `rt` ON `rt`.`id_wilayah` = `k`.`id_rt`
LEFT JOIN `wilayah` `rw` ON `rw`.`id_wilayah` = `k`.`id_rw`
LEFT JOIN `wilayah` `dusun` ON `dusun`.`id_wilayah` = `k`.`id_dusun`
WHERE `k`.`no_kk` = \'1111111111110005\'', 0)
 2 SYSTEMPATH\Database\BaseConnection.php(910): CodeIgniter\Database\MySQLi\Connection->execute('SELECT `k`.`no_kk`, `k`.`alamat`, `dusun`.`nama_wilayah` AS `nama_dusun`, `rw`.`nama_wilayah` AS `nama_rw`, `rt`.`nama_wilayah` AS `nama_rt`, `k`.`jumlah_anggota`, `p`.`nama` AS `kepala_keluarga`
FROM `keluarga` `k`
LEFT JOIN `penduduk` `p` ON `p`.`no_kk` = `k`.`no_kk` AND `p`.`hubungan_keluarga` = "Kepala `Keluarga"`
LEFT JOIN `wilayah` `rt` ON `rt`.`id_wilayah` = `k`.`id_rt`
LEFT JOIN `wilayah` `rw` ON `rw`.`id_wilayah` = `k`.`id_rw`
LEFT JOIN `wilayah` `dusun` ON `dusun`.`id_wilayah` = `k`.`id_dusun`
WHERE `k`.`no_kk` = \'1111111111110005\'')
 3 SYSTEMPATH\Database\BaseConnection.php(827): CodeIgniter\Database\BaseConnection->simpleQuery('SELECT `k`.`no_kk`, `k`.`alamat`, `dusun`.`nama_wilayah` AS `nama_dusun`, `rw`.`nama_wilayah` AS `nama_rw`, `rt`.`nama_wilayah` AS `nama_rt`, `k`.`jumlah_anggota`, `p`.`nama` AS `kepala_keluarga`
FROM `keluarga` `k`
LEFT JOIN `penduduk` `p` ON `p`.`no_kk` = `k`.`no_kk` AND `p`.`hubungan_keluarga` = "Kepala `Keluarga"`
LEFT JOIN `wilayah` `rt` ON `rt`.`id_wilayah` = `k`.`id_rt`
LEFT JOIN `wilayah` `rw` ON `rw`.`id_wilayah` = `k`.`id_rw`
LEFT JOIN `wilayah` `dusun` ON `dusun`.`id_wilayah` = `k`.`id_dusun`
WHERE `k`.`no_kk` = \'1111111111110005\'')
 4 SYSTEMPATH\Database\BaseBuilder.php(1649): CodeIgniter\Database\BaseConnection->query('SELECT `k`.`no_kk`, `k`.`alamat`, `dusun`.`nama_wilayah` AS `nama_dusun`, `rw`.`nama_wilayah` AS `nama_rw`, `rt`.`nama_wilayah` AS `nama_rt`, `k`.`jumlah_anggota`, `p`.`nama` AS `kepala_keluarga`
FROM `keluarga` `k`
LEFT JOIN `penduduk` `p` ON `p`.`no_kk` = `k`.`no_kk` AND `p`.`hubungan_keluarga` = "Kepala `Keluarga"`
LEFT JOIN `wilayah` `rt` ON `rt`.`id_wilayah` = `k`.`id_rt`
LEFT JOIN `wilayah` `rw` ON `rw`.`id_wilayah` = `k`.`id_rw`
LEFT JOIN `wilayah` `dusun` ON `dusun`.`id_wilayah` = `k`.`id_dusun`
WHERE `k`.`no_kk` = :k.no_kk:', [...], false)
 5 APPPATH\Models\KeluargaModel.php(70): CodeIgniter\Database\BaseBuilder->get()
 6 APPPATH\Controllers\DetailAnggota.php(54): App\Models\KeluargaModel->cekKKbyId('1111111111110005')
 7 SYSTEMPATH\CodeIgniter.php(951): App\Controllers\DetailAnggota->cekKK()
 8 SYSTEMPATH\CodeIgniter.php(497): CodeIgniter\CodeIgniter->runController(Object(App\Controllers\DetailAnggota))
 9 SYSTEMPATH\CodeIgniter.php(340): CodeIgniter\CodeIgniter->handleRequest(null, Object(Config\Cache), false)
10 SYSTEMPATH\Boot.php(417): CodeIgniter\CodeIgniter->run()
11 SYSTEMPATH\Boot.php(68): CodeIgniter\Boot::runCodeIgniter(Object(CodeIgniter\CodeIgniter))
12 FCPATH\index.php(59): CodeIgniter\Boot::bootWeb(Object(Config\Paths))
ERROR - 2026-07-04 03:32:31 --> You have an error in your SQL syntax; check the manual that corresponds to your MySQL server version for the right syntax to use near '`
LEFT JOIN `wilayah` `rt` ON `rt`.`id_wilayah` = `k`.`id_rt`
LEFT JOIN `wilayah' at line 3
in SYSTEMPATH\Database\MySQLi\Connection.php on line 300.
 1 SYSTEMPATH\Database\MySQLi\Connection.php(300): mysqli->query('SELECT `k`.`no_kk`, `k`.`alamat`, `dusun`.`nama_wilayah` AS `nama_dusun`, `rw`.`nama_wilayah` AS `nama_rw`, `rt`.`nama_wilayah` AS `nama_rt`, `k`.`jumlah_anggota`, `p`.`nama` AS `kepala_keluarga`
FROM `keluarga` `k`
LEFT JOIN `penduduk` `p` ON `p`.`no_kk` = `k`.`no_kk` AND `p`.`hubungan_keluarga` = "Kepala `Keluarga"`
LEFT JOIN `wilayah` `rt` ON `rt`.`id_wilayah` = `k`.`id_rt`
LEFT JOIN `wilayah` `rw` ON `rw`.`id_wilayah` = `k`.`id_rw`
LEFT JOIN `wilayah` `dusun` ON `dusun`.`id_wilayah` = `k`.`id_dusun`
WHERE `k`.`no_kk` = \'1111111111110008\'', 0)
 2 SYSTEMPATH\Database\BaseConnection.php(910): CodeIgniter\Database\MySQLi\Connection->execute('SELECT `k`.`no_kk`, `k`.`alamat`, `dusun`.`nama_wilayah` AS `nama_dusun`, `rw`.`nama_wilayah` AS `nama_rw`, `rt`.`nama_wilayah` AS `nama_rt`, `k`.`jumlah_anggota`, `p`.`nama` AS `kepala_keluarga`
FROM `keluarga` `k`
LEFT JOIN `penduduk` `p` ON `p`.`no_kk` = `k`.`no_kk` AND `p`.`hubungan_keluarga` = "Kepala `Keluarga"`
LEFT JOIN `wilayah` `rt` ON `rt`.`id_wilayah` = `k`.`id_rt`
LEFT JOIN `wilayah` `rw` ON `rw`.`id_wilayah` = `k`.`id_rw`
LEFT JOIN `wilayah` `dusun` ON `dusun`.`id_wilayah` = `k`.`id_dusun`
WHERE `k`.`no_kk` = \'1111111111110008\'')
 3 SYSTEMPATH\Database\BaseConnection.php(827): CodeIgniter\Database\BaseConnection->simpleQuery('SELECT `k`.`no_kk`, `k`.`alamat`, `dusun`.`nama_wilayah` AS `nama_dusun`, `rw`.`nama_wilayah` AS `nama_rw`, `rt`.`nama_wilayah` AS `nama_rt`, `k`.`jumlah_anggota`, `p`.`nama` AS `kepala_keluarga`
FROM `keluarga` `k`
LEFT JOIN `penduduk` `p` ON `p`.`no_kk` = `k`.`no_kk` AND `p`.`hubungan_keluarga` = "Kepala `Keluarga"`
LEFT JOIN `wilayah` `rt` ON `rt`.`id_wilayah` = `k`.`id_rt`
LEFT JOIN `wilayah` `rw` ON `rw`.`id_wilayah` = `k`.`id_rw`
LEFT JOIN `wilayah` `dusun` ON `dusun`.`id_wilayah` = `k`.`id_dusun`
WHERE `k`.`no_kk` = \'1111111111110008\'')
 4 SYSTEMPATH\Database\BaseBuilder.php(1649): CodeIgniter\Database\BaseConnection->query('SELECT `k`.`no_kk`, `k`.`alamat`, `dusun`.`nama_wilayah` AS `nama_dusun`, `rw`.`nama_wilayah` AS `nama_rw`, `rt`.`nama_wilayah` AS `nama_rt`, `k`.`jumlah_anggota`, `p`.`nama` AS `kepala_keluarga`
FROM `keluarga` `k`
LEFT JOIN `penduduk` `p` ON `p`.`no_kk` = `k`.`no_kk` AND `p`.`hubungan_keluarga` = "Kepala `Keluarga"`
LEFT JOIN `wilayah` `rt` ON `rt`.`id_wilayah` = `k`.`id_rt`
LEFT JOIN `wilayah` `rw` ON `rw`.`id_wilayah` = `k`.`id_rw`
LEFT JOIN `wilayah` `dusun` ON `dusun`.`id_wilayah` = `k`.`id_dusun`
WHERE `k`.`no_kk` = :k.no_kk:', [...], false)
 5 APPPATH\Models\KeluargaModel.php(70): CodeIgniter\Database\BaseBuilder->get()
 6 APPPATH\Controllers\DetailAnggota.php(54): App\Models\KeluargaModel->cekKKbyId('1111111111110008')
 7 SYSTEMPATH\CodeIgniter.php(951): App\Controllers\DetailAnggota->cekKK()
 8 SYSTEMPATH\CodeIgniter.php(497): CodeIgniter\CodeIgniter->runController(Object(App\Controllers\DetailAnggota))
 9 SYSTEMPATH\CodeIgniter.php(340): CodeIgniter\CodeIgniter->handleRequest(null, Object(Config\Cache), false)
10 SYSTEMPATH\Boot.php(417): CodeIgniter\CodeIgniter->run()
11 SYSTEMPATH\Boot.php(68): CodeIgniter\Boot::runCodeIgniter(Object(CodeIgniter\CodeIgniter))
12 FCPATH\index.php(59): CodeIgniter\Boot::bootWeb(Object(Config\Paths))
CRITICAL - 2026-07-04 03:32:31 --> CodeIgniter\Database\Exceptions\DatabaseException: You have an error in your SQL syntax; check the manual that corresponds to your MySQL server version for the right syntax to use near '`
LEFT JOIN `wilayah` `rt` ON `rt`.`id_wilayah` = `k`.`id_rt`
LEFT JOIN `wilayah' at line 3
[Method: POST, Route: detailanggota/cekKK]
in SYSTEMPATH\Database\BaseConnection.php on line 865.
 1 SYSTEMPATH\Database\BaseBuilder.php(1649): CodeIgniter\Database\BaseConnection->query('SELECT `k`.`no_kk`, `k`.`alamat`, `dusun`.`nama_wilayah` AS `nama_dusun`, `rw`.`nama_wilayah` AS `nama_rw`, `rt`.`nama_wilayah` AS `nama_rt`, `k`.`jumlah_anggota`, `p`.`nama` AS `kepala_keluarga`
FROM `keluarga` `k`
LEFT JOIN `penduduk` `p` ON `p`.`no_kk` = `k`.`no_kk` AND `p`.`hubungan_keluarga` = "Kepala `Keluarga"`
LEFT JOIN `wilayah` `rt` ON `rt`.`id_wilayah` = `k`.`id_rt`
LEFT JOIN `wilayah` `rw` ON `rw`.`id_wilayah` = `k`.`id_rw`
LEFT JOIN `wilayah` `dusun` ON `dusun`.`id_wilayah` = `k`.`id_dusun`
WHERE `k`.`no_kk` = :k.no_kk:', [...], false)
 2 APPPATH\Models\KeluargaModel.php(70): CodeIgniter\Database\BaseBuilder->get()
 3 APPPATH\Controllers\DetailAnggota.php(54): App\Models\KeluargaModel->cekKKbyId('1111111111110008')
 4 SYSTEMPATH\CodeIgniter.php(951): App\Controllers\DetailAnggota->cekKK()
 5 SYSTEMPATH\CodeIgniter.php(497): CodeIgniter\CodeIgniter->runController(Object(App\Controllers\DetailAnggota))
 6 SYSTEMPATH\CodeIgniter.php(340): CodeIgniter\CodeIgniter->handleRequest(null, Object(Config\Cache), false)
 7 SYSTEMPATH\Boot.php(417): CodeIgniter\CodeIgniter->run()
 8 SYSTEMPATH\Boot.php(68): CodeIgniter\Boot::runCodeIgniter(Object(CodeIgniter\CodeIgniter))
 9 FCPATH\index.php(59): CodeIgniter\Boot::bootWeb(Object(Config\Paths))
CRITICAL - 2026-07-04 03:32:31 --> [Caused by] CodeIgniter\Database\Exceptions\DatabaseException: You have an error in your SQL syntax; check the manual that corresponds to your MySQL server version for the right syntax to use near '`
LEFT JOIN `wilayah` `rt` ON `rt`.`id_wilayah` = `k`.`id_rt`
LEFT JOIN `wilayah' at line 3
in SYSTEMPATH\Database\MySQLi\Connection.php on line 310.
 1 SYSTEMPATH\Database\BaseConnection.php(910): CodeIgniter\Database\MySQLi\Connection->execute('SELECT `k`.`no_kk`, `k`.`alamat`, `dusun`.`nama_wilayah` AS `nama_dusun`, `rw`.`nama_wilayah` AS `nama_rw`, `rt`.`nama_wilayah` AS `nama_rt`, `k`.`jumlah_anggota`, `p`.`nama` AS `kepala_keluarga`
FROM `keluarga` `k`
LEFT JOIN `penduduk` `p` ON `p`.`no_kk` = `k`.`no_kk` AND `p`.`hubungan_keluarga` = "Kepala `Keluarga"`
LEFT JOIN `wilayah` `rt` ON `rt`.`id_wilayah` = `k`.`id_rt`
LEFT JOIN `wilayah` `rw` ON `rw`.`id_wilayah` = `k`.`id_rw`
LEFT JOIN `wilayah` `dusun` ON `dusun`.`id_wilayah` = `k`.`id_dusun`
WHERE `k`.`no_kk` = \'1111111111110008\'')
 2 SYSTEMPATH\Database\BaseConnection.php(827): CodeIgniter\Database\BaseConnection->simpleQuery('SELECT `k`.`no_kk`, `k`.`alamat`, `dusun`.`nama_wilayah` AS `nama_dusun`, `rw`.`nama_wilayah` AS `nama_rw`, `rt`.`nama_wilayah` AS `nama_rt`, `k`.`jumlah_anggota`, `p`.`nama` AS `kepala_keluarga`
FROM `keluarga` `k`
LEFT JOIN `penduduk` `p` ON `p`.`no_kk` = `k`.`no_kk` AND `p`.`hubungan_keluarga` = "Kepala `Keluarga"`
LEFT JOIN `wilayah` `rt` ON `rt`.`id_wilayah` = `k`.`id_rt`
LEFT JOIN `wilayah` `rw` ON `rw`.`id_wilayah` = `k`.`id_rw`
LEFT JOIN `wilayah` `dusun` ON `dusun`.`id_wilayah` = `k`.`id_dusun`
WHERE `k`.`no_kk` = \'1111111111110008\'')
 3 SYSTEMPATH\Database\BaseBuilder.php(1649): CodeIgniter\Database\BaseConnection->query('SELECT `k`.`no_kk`, `k`.`alamat`, `dusun`.`nama_wilayah` AS `nama_dusun`, `rw`.`nama_wilayah` AS `nama_rw`, `rt`.`nama_wilayah` AS `nama_rt`, `k`.`jumlah_anggota`, `p`.`nama` AS `kepala_keluarga`
FROM `keluarga` `k`
LEFT JOIN `penduduk` `p` ON `p`.`no_kk` = `k`.`no_kk` AND `p`.`hubungan_keluarga` = "Kepala `Keluarga"`
LEFT JOIN `wilayah` `rt` ON `rt`.`id_wilayah` = `k`.`id_rt`
LEFT JOIN `wilayah` `rw` ON `rw`.`id_wilayah` = `k`.`id_rw`
LEFT JOIN `wilayah` `dusun` ON `dusun`.`id_wilayah` = `k`.`id_dusun`
WHERE `k`.`no_kk` = :k.no_kk:', [...], false)
 4 APPPATH\Models\KeluargaModel.php(70): CodeIgniter\Database\BaseBuilder->get()
 5 APPPATH\Controllers\DetailAnggota.php(54): App\Models\KeluargaModel->cekKKbyId('1111111111110008')
 6 SYSTEMPATH\CodeIgniter.php(951): App\Controllers\DetailAnggota->cekKK()
 7 SYSTEMPATH\CodeIgniter.php(497): CodeIgniter\CodeIgniter->runController(Object(App\Controllers\DetailAnggota))
 8 SYSTEMPATH\CodeIgniter.php(340): CodeIgniter\CodeIgniter->handleRequest(null, Object(Config\Cache), false)
 9 SYSTEMPATH\Boot.php(417): CodeIgniter\CodeIgniter->run()
10 SYSTEMPATH\Boot.php(68): CodeIgniter\Boot::runCodeIgniter(Object(CodeIgniter\CodeIgniter))
11 FCPATH\index.php(59): CodeIgniter\Boot::bootWeb(Object(Config\Paths))
CRITICAL - 2026-07-04 03:32:31 --> [Caused by] mysqli_sql_exception: You have an error in your SQL syntax; check the manual that corresponds to your MySQL server version for the right syntax to use near '`
LEFT JOIN `wilayah` `rt` ON `rt`.`id_wilayah` = `k`.`id_rt`
LEFT JOIN `wilayah' at line 3
in SYSTEMPATH\Database\MySQLi\Connection.php on line 300.
 1 SYSTEMPATH\Database\MySQLi\Connection.php(300): mysqli->query('SELECT `k`.`no_kk`, `k`.`alamat`, `dusun`.`nama_wilayah` AS `nama_dusun`, `rw`.`nama_wilayah` AS `nama_rw`, `rt`.`nama_wilayah` AS `nama_rt`, `k`.`jumlah_anggota`, `p`.`nama` AS `kepala_keluarga`
FROM `keluarga` `k`
LEFT JOIN `penduduk` `p` ON `p`.`no_kk` = `k`.`no_kk` AND `p`.`hubungan_keluarga` = "Kepala `Keluarga"`
LEFT JOIN `wilayah` `rt` ON `rt`.`id_wilayah` = `k`.`id_rt`
LEFT JOIN `wilayah` `rw` ON `rw`.`id_wilayah` = `k`.`id_rw`
LEFT JOIN `wilayah` `dusun` ON `dusun`.`id_wilayah` = `k`.`id_dusun`
WHERE `k`.`no_kk` = \'1111111111110008\'', 0)
 2 SYSTEMPATH\Database\BaseConnection.php(910): CodeIgniter\Database\MySQLi\Connection->execute('SELECT `k`.`no_kk`, `k`.`alamat`, `dusun`.`nama_wilayah` AS `nama_dusun`, `rw`.`nama_wilayah` AS `nama_rw`, `rt`.`nama_wilayah` AS `nama_rt`, `k`.`jumlah_anggota`, `p`.`nama` AS `kepala_keluarga`
FROM `keluarga` `k`
LEFT JOIN `penduduk` `p` ON `p`.`no_kk` = `k`.`no_kk` AND `p`.`hubungan_keluarga` = "Kepala `Keluarga"`
LEFT JOIN `wilayah` `rt` ON `rt`.`id_wilayah` = `k`.`id_rt`
LEFT JOIN `wilayah` `rw` ON `rw`.`id_wilayah` = `k`.`id_rw`
LEFT JOIN `wilayah` `dusun` ON `dusun`.`id_wilayah` = `k`.`id_dusun`
WHERE `k`.`no_kk` = \'1111111111110008\'')
 3 SYSTEMPATH\Database\BaseConnection.php(827): CodeIgniter\Database\BaseConnection->simpleQuery('SELECT `k`.`no_kk`, `k`.`alamat`, `dusun`.`nama_wilayah` AS `nama_dusun`, `rw`.`nama_wilayah` AS `nama_rw`, `rt`.`nama_wilayah` AS `nama_rt`, `k`.`jumlah_anggota`, `p`.`nama` AS `kepala_keluarga`
FROM `keluarga` `k`
LEFT JOIN `penduduk` `p` ON `p`.`no_kk` = `k`.`no_kk` AND `p`.`hubungan_keluarga` = "Kepala `Keluarga"`
LEFT JOIN `wilayah` `rt` ON `rt`.`id_wilayah` = `k`.`id_rt`
LEFT JOIN `wilayah` `rw` ON `rw`.`id_wilayah` = `k`.`id_rw`
LEFT JOIN `wilayah` `dusun` ON `dusun`.`id_wilayah` = `k`.`id_dusun`
WHERE `k`.`no_kk` = \'1111111111110008\'')
 4 SYSTEMPATH\Database\BaseBuilder.php(1649): CodeIgniter\Database\BaseConnection->query('SELECT `k`.`no_kk`, `k`.`alamat`, `dusun`.`nama_wilayah` AS `nama_dusun`, `rw`.`nama_wilayah` AS `nama_rw`, `rt`.`nama_wilayah` AS `nama_rt`, `k`.`jumlah_anggota`, `p`.`nama` AS `kepala_keluarga`
FROM `keluarga` `k`
LEFT JOIN `penduduk` `p` ON `p`.`no_kk` = `k`.`no_kk` AND `p`.`hubungan_keluarga` = "Kepala `Keluarga"`
LEFT JOIN `wilayah` `rt` ON `rt`.`id_wilayah` = `k`.`id_rt`
LEFT JOIN `wilayah` `rw` ON `rw`.`id_wilayah` = `k`.`id_rw`
LEFT JOIN `wilayah` `dusun` ON `dusun`.`id_wilayah` = `k`.`id_dusun`
WHERE `k`.`no_kk` = :k.no_kk:', [...], false)
 5 APPPATH\Models\KeluargaModel.php(70): CodeIgniter\Database\BaseBuilder->get()
 6 APPPATH\Controllers\DetailAnggota.php(54): App\Models\KeluargaModel->cekKKbyId('1111111111110008')
 7 SYSTEMPATH\CodeIgniter.php(951): App\Controllers\DetailAnggota->cekKK()
 8 SYSTEMPATH\CodeIgniter.php(497): CodeIgniter\CodeIgniter->runController(Object(App\Controllers\DetailAnggota))
 9 SYSTEMPATH\CodeIgniter.php(340): CodeIgniter\CodeIgniter->handleRequest(null, Object(Config\Cache), false)
10 SYSTEMPATH\Boot.php(417): CodeIgniter\CodeIgniter->run()
11 SYSTEMPATH\Boot.php(68): CodeIgniter\Boot::runCodeIgniter(Object(CodeIgniter\CodeIgniter))
12 FCPATH\index.php(59): CodeIgniter\Boot::bootWeb(Object(Config\Paths))
ERROR - 2026-07-04 03:33:33 --> You have an error in your SQL syntax; check the manual that corresponds to your MySQL server version for the right syntax to use near '`
LEFT JOIN `wilayah` `rt` ON `rt`.`id_wilayah` = `k`.`id_rt`
LEFT JOIN `wilayah' at line 3
in SYSTEMPATH\Database\MySQLi\Connection.php on line 300.
 1 SYSTEMPATH\Database\MySQLi\Connection.php(300): mysqli->query('SELECT `k`.`no_kk`, `k`.`alamat`, `dusun`.`nama_wilayah` AS `nama_dusun`, `rw`.`nama_wilayah` AS `nama_rw`, `rt`.`nama_wilayah` AS `nama_rt`, `k`.`jumlah_anggota`, `p`.`nama` AS `kepala_keluarga`
FROM `keluarga` `k`
LEFT JOIN `penduduk` `p` ON `p`.`no_kk` = `k`.`no_kk` AND `p`.`hubungan_keluarga` = "Kepala `Keluarga"`
LEFT JOIN `wilayah` `rt` ON `rt`.`id_wilayah` = `k`.`id_rt`
LEFT JOIN `wilayah` `rw` ON `rw`.`id_wilayah` = `k`.`id_rw`
LEFT JOIN `wilayah` `dusun` ON `dusun`.`id_wilayah` = `k`.`id_dusun`
WHERE `k`.`no_kk` = \'1111111111110008\'', 0)
 2 SYSTEMPATH\Database\BaseConnection.php(910): CodeIgniter\Database\MySQLi\Connection->execute('SELECT `k`.`no_kk`, `k`.`alamat`, `dusun`.`nama_wilayah` AS `nama_dusun`, `rw`.`nama_wilayah` AS `nama_rw`, `rt`.`nama_wilayah` AS `nama_rt`, `k`.`jumlah_anggota`, `p`.`nama` AS `kepala_keluarga`
FROM `keluarga` `k`
LEFT JOIN `penduduk` `p` ON `p`.`no_kk` = `k`.`no_kk` AND `p`.`hubungan_keluarga` = "Kepala `Keluarga"`
LEFT JOIN `wilayah` `rt` ON `rt`.`id_wilayah` = `k`.`id_rt`
LEFT JOIN `wilayah` `rw` ON `rw`.`id_wilayah` = `k`.`id_rw`
LEFT JOIN `wilayah` `dusun` ON `dusun`.`id_wilayah` = `k`.`id_dusun`
WHERE `k`.`no_kk` = \'1111111111110008\'')
 3 SYSTEMPATH\Database\BaseConnection.php(827): CodeIgniter\Database\BaseConnection->simpleQuery('SELECT `k`.`no_kk`, `k`.`alamat`, `dusun`.`nama_wilayah` AS `nama_dusun`, `rw`.`nama_wilayah` AS `nama_rw`, `rt`.`nama_wilayah` AS `nama_rt`, `k`.`jumlah_anggota`, `p`.`nama` AS `kepala_keluarga`
FROM `keluarga` `k`
LEFT JOIN `penduduk` `p` ON `p`.`no_kk` = `k`.`no_kk` AND `p`.`hubungan_keluarga` = "Kepala `Keluarga"`
LEFT JOIN `wilayah` `rt` ON `rt`.`id_wilayah` = `k`.`id_rt`
LEFT JOIN `wilayah` `rw` ON `rw`.`id_wilayah` = `k`.`id_rw`
LEFT JOIN `wilayah` `dusun` ON `dusun`.`id_wilayah` = `k`.`id_dusun`
WHERE `k`.`no_kk` = \'1111111111110008\'')
 4 SYSTEMPATH\Database\BaseBuilder.php(1649): CodeIgniter\Database\BaseConnection->query('SELECT `k`.`no_kk`, `k`.`alamat`, `dusun`.`nama_wilayah` AS `nama_dusun`, `rw`.`nama_wilayah` AS `nama_rw`, `rt`.`nama_wilayah` AS `nama_rt`, `k`.`jumlah_anggota`, `p`.`nama` AS `kepala_keluarga`
FROM `keluarga` `k`
LEFT JOIN `penduduk` `p` ON `p`.`no_kk` = `k`.`no_kk` AND `p`.`hubungan_keluarga` = "Kepala `Keluarga"`
LEFT JOIN `wilayah` `rt` ON `rt`.`id_wilayah` = `k`.`id_rt`
LEFT JOIN `wilayah` `rw` ON `rw`.`id_wilayah` = `k`.`id_rw`
LEFT JOIN `wilayah` `dusun` ON `dusun`.`id_wilayah` = `k`.`id_dusun`
WHERE `k`.`no_kk` = :k.no_kk:', [...], false)
 5 APPPATH\Models\KeluargaModel.php(70): CodeIgniter\Database\BaseBuilder->get()
 6 APPPATH\Controllers\DetailAnggota.php(54): App\Models\KeluargaModel->cekKKbyId('1111111111110008')
 7 SYSTEMPATH\CodeIgniter.php(951): App\Controllers\DetailAnggota->cekKK()
 8 SYSTEMPATH\CodeIgniter.php(497): CodeIgniter\CodeIgniter->runController(Object(App\Controllers\DetailAnggota))
 9 SYSTEMPATH\CodeIgniter.php(340): CodeIgniter\CodeIgniter->handleRequest(null, Object(Config\Cache), false)
10 SYSTEMPATH\Boot.php(417): CodeIgniter\CodeIgniter->run()
11 SYSTEMPATH\Boot.php(68): CodeIgniter\Boot::runCodeIgniter(Object(CodeIgniter\CodeIgniter))
12 FCPATH\index.php(59): CodeIgniter\Boot::bootWeb(Object(Config\Paths))
CRITICAL - 2026-07-04 03:33:33 --> CodeIgniter\Database\Exceptions\DatabaseException: You have an error in your SQL syntax; check the manual that corresponds to your MySQL server version for the right syntax to use near '`
LEFT JOIN `wilayah` `rt` ON `rt`.`id_wilayah` = `k`.`id_rt`
LEFT JOIN `wilayah' at line 3
[Method: POST, Route: detailanggota/cekKK]
in SYSTEMPATH\Database\BaseConnection.php on line 865.
 1 SYSTEMPATH\Database\BaseBuilder.php(1649): CodeIgniter\Database\BaseConnection->query('SELECT `k`.`no_kk`, `k`.`alamat`, `dusun`.`nama_wilayah` AS `nama_dusun`, `rw`.`nama_wilayah` AS `nama_rw`, `rt`.`nama_wilayah` AS `nama_rt`, `k`.`jumlah_anggota`, `p`.`nama` AS `kepala_keluarga`
FROM `keluarga` `k`
LEFT JOIN `penduduk` `p` ON `p`.`no_kk` = `k`.`no_kk` AND `p`.`hubungan_keluarga` = "Kepala `Keluarga"`
LEFT JOIN `wilayah` `rt` ON `rt`.`id_wilayah` = `k`.`id_rt`
LEFT JOIN `wilayah` `rw` ON `rw`.`id_wilayah` = `k`.`id_rw`
LEFT JOIN `wilayah` `dusun` ON `dusun`.`id_wilayah` = `k`.`id_dusun`
WHERE `k`.`no_kk` = :k.no_kk:', [...], false)
 2 APPPATH\Models\KeluargaModel.php(70): CodeIgniter\Database\BaseBuilder->get()
 3 APPPATH\Controllers\DetailAnggota.php(54): App\Models\KeluargaModel->cekKKbyId('1111111111110008')
 4 SYSTEMPATH\CodeIgniter.php(951): App\Controllers\DetailAnggota->cekKK()
 5 SYSTEMPATH\CodeIgniter.php(497): CodeIgniter\CodeIgniter->runController(Object(App\Controllers\DetailAnggota))
 6 SYSTEMPATH\CodeIgniter.php(340): CodeIgniter\CodeIgniter->handleRequest(null, Object(Config\Cache), false)
 7 SYSTEMPATH\Boot.php(417): CodeIgniter\CodeIgniter->run()
 8 SYSTEMPATH\Boot.php(68): CodeIgniter\Boot::runCodeIgniter(Object(CodeIgniter\CodeIgniter))
 9 FCPATH\index.php(59): CodeIgniter\Boot::bootWeb(Object(Config\Paths))
CRITICAL - 2026-07-04 03:33:33 --> [Caused by] CodeIgniter\Database\Exceptions\DatabaseException: You have an error in your SQL syntax; check the manual that corresponds to your MySQL server version for the right syntax to use near '`
LEFT JOIN `wilayah` `rt` ON `rt`.`id_wilayah` = `k`.`id_rt`
LEFT JOIN `wilayah' at line 3
in SYSTEMPATH\Database\MySQLi\Connection.php on line 310.
 1 SYSTEMPATH\Database\BaseConnection.php(910): CodeIgniter\Database\MySQLi\Connection->execute('SELECT `k`.`no_kk`, `k`.`alamat`, `dusun`.`nama_wilayah` AS `nama_dusun`, `rw`.`nama_wilayah` AS `nama_rw`, `rt`.`nama_wilayah` AS `nama_rt`, `k`.`jumlah_anggota`, `p`.`nama` AS `kepala_keluarga`
FROM `keluarga` `k`
LEFT JOIN `penduduk` `p` ON `p`.`no_kk` = `k`.`no_kk` AND `p`.`hubungan_keluarga` = "Kepala `Keluarga"`
LEFT JOIN `wilayah` `rt` ON `rt`.`id_wilayah` = `k`.`id_rt`
LEFT JOIN `wilayah` `rw` ON `rw`.`id_wilayah` = `k`.`id_rw`
LEFT JOIN `wilayah` `dusun` ON `dusun`.`id_wilayah` = `k`.`id_dusun`
WHERE `k`.`no_kk` = \'1111111111110008\'')
 2 SYSTEMPATH\Database\BaseConnection.php(827): CodeIgniter\Database\BaseConnection->simpleQuery('SELECT `k`.`no_kk`, `k`.`alamat`, `dusun`.`nama_wilayah` AS `nama_dusun`, `rw`.`nama_wilayah` AS `nama_rw`, `rt`.`nama_wilayah` AS `nama_rt`, `k`.`jumlah_anggota`, `p`.`nama` AS `kepala_keluarga`
FROM `keluarga` `k`
LEFT JOIN `penduduk` `p` ON `p`.`no_kk` = `k`.`no_kk` AND `p`.`hubungan_keluarga` = "Kepala `Keluarga"`
LEFT JOIN `wilayah` `rt` ON `rt`.`id_wilayah` = `k`.`id_rt`
LEFT JOIN `wilayah` `rw` ON `rw`.`id_wilayah` = `k`.`id_rw`
LEFT JOIN `wilayah` `dusun` ON `dusun`.`id_wilayah` = `k`.`id_dusun`
WHERE `k`.`no_kk` = \'1111111111110008\'')
 3 SYSTEMPATH\Database\BaseBuilder.php(1649): CodeIgniter\Database\BaseConnection->query('SELECT `k`.`no_kk`, `k`.`alamat`, `dusun`.`nama_wilayah` AS `nama_dusun`, `rw`.`nama_wilayah` AS `nama_rw`, `rt`.`nama_wilayah` AS `nama_rt`, `k`.`jumlah_anggota`, `p`.`nama` AS `kepala_keluarga`
FROM `keluarga` `k`
LEFT JOIN `penduduk` `p` ON `p`.`no_kk` = `k`.`no_kk` AND `p`.`hubungan_keluarga` = "Kepala `Keluarga"`
LEFT JOIN `wilayah` `rt` ON `rt`.`id_wilayah` = `k`.`id_rt`
LEFT JOIN `wilayah` `rw` ON `rw`.`id_wilayah` = `k`.`id_rw`
LEFT JOIN `wilayah` `dusun` ON `dusun`.`id_wilayah` = `k`.`id_dusun`
WHERE `k`.`no_kk` = :k.no_kk:', [...], false)
 4 APPPATH\Models\KeluargaModel.php(70): CodeIgniter\Database\BaseBuilder->get()
 5 APPPATH\Controllers\DetailAnggota.php(54): App\Models\KeluargaModel->cekKKbyId('1111111111110008')
 6 SYSTEMPATH\CodeIgniter.php(951): App\Controllers\DetailAnggota->cekKK()
 7 SYSTEMPATH\CodeIgniter.php(497): CodeIgniter\CodeIgniter->runController(Object(App\Controllers\DetailAnggota))
 8 SYSTEMPATH\CodeIgniter.php(340): CodeIgniter\CodeIgniter->handleRequest(null, Object(Config\Cache), false)
 9 SYSTEMPATH\Boot.php(417): CodeIgniter\CodeIgniter->run()
10 SYSTEMPATH\Boot.php(68): CodeIgniter\Boot::runCodeIgniter(Object(CodeIgniter\CodeIgniter))
11 FCPATH\index.php(59): CodeIgniter\Boot::bootWeb(Object(Config\Paths))
CRITICAL - 2026-07-04 03:33:33 --> [Caused by] mysqli_sql_exception: You have an error in your SQL syntax; check the manual that corresponds to your MySQL server version for the right syntax to use near '`
LEFT JOIN `wilayah` `rt` ON `rt`.`id_wilayah` = `k`.`id_rt`
LEFT JOIN `wilayah' at line 3
in SYSTEMPATH\Database\MySQLi\Connection.php on line 300.
 1 SYSTEMPATH\Database\MySQLi\Connection.php(300): mysqli->query('SELECT `k`.`no_kk`, `k`.`alamat`, `dusun`.`nama_wilayah` AS `nama_dusun`, `rw`.`nama_wilayah` AS `nama_rw`, `rt`.`nama_wilayah` AS `nama_rt`, `k`.`jumlah_anggota`, `p`.`nama` AS `kepala_keluarga`
FROM `keluarga` `k`
LEFT JOIN `penduduk` `p` ON `p`.`no_kk` = `k`.`no_kk` AND `p`.`hubungan_keluarga` = "Kepala `Keluarga"`
LEFT JOIN `wilayah` `rt` ON `rt`.`id_wilayah` = `k`.`id_rt`
LEFT JOIN `wilayah` `rw` ON `rw`.`id_wilayah` = `k`.`id_rw`
LEFT JOIN `wilayah` `dusun` ON `dusun`.`id_wilayah` = `k`.`id_dusun`
WHERE `k`.`no_kk` = \'1111111111110008\'', 0)
 2 SYSTEMPATH\Database\BaseConnection.php(910): CodeIgniter\Database\MySQLi\Connection->execute('SELECT `k`.`no_kk`, `k`.`alamat`, `dusun`.`nama_wilayah` AS `nama_dusun`, `rw`.`nama_wilayah` AS `nama_rw`, `rt`.`nama_wilayah` AS `nama_rt`, `k`.`jumlah_anggota`, `p`.`nama` AS `kepala_keluarga`
FROM `keluarga` `k`
LEFT JOIN `penduduk` `p` ON `p`.`no_kk` = `k`.`no_kk` AND `p`.`hubungan_keluarga` = "Kepala `Keluarga"`
LEFT JOIN `wilayah` `rt` ON `rt`.`id_wilayah` = `k`.`id_rt`
LEFT JOIN `wilayah` `rw` ON `rw`.`id_wilayah` = `k`.`id_rw`
LEFT JOIN `wilayah` `dusun` ON `dusun`.`id_wilayah` = `k`.`id_dusun`
WHERE `k`.`no_kk` = \'1111111111110008\'')
 3 SYSTEMPATH\Database\BaseConnection.php(827): CodeIgniter\Database\BaseConnection->simpleQuery('SELECT `k`.`no_kk`, `k`.`alamat`, `dusun`.`nama_wilayah` AS `nama_dusun`, `rw`.`nama_wilayah` AS `nama_rw`, `rt`.`nama_wilayah` AS `nama_rt`, `k`.`jumlah_anggota`, `p`.`nama` AS `kepala_keluarga`
FROM `keluarga` `k`
LEFT JOIN `penduduk` `p` ON `p`.`no_kk` = `k`.`no_kk` AND `p`.`hubungan_keluarga` = "Kepala `Keluarga"`
LEFT JOIN `wilayah` `rt` ON `rt`.`id_wilayah` = `k`.`id_rt`
LEFT JOIN `wilayah` `rw` ON `rw`.`id_wilayah` = `k`.`id_rw`
LEFT JOIN `wilayah` `dusun` ON `dusun`.`id_wilayah` = `k`.`id_dusun`
WHERE `k`.`no_kk` = \'1111111111110008\'')
 4 SYSTEMPATH\Database\BaseBuilder.php(1649): CodeIgniter\Database\BaseConnection->query('SELECT `k`.`no_kk`, `k`.`alamat`, `dusun`.`nama_wilayah` AS `nama_dusun`, `rw`.`nama_wilayah` AS `nama_rw`, `rt`.`nama_wilayah` AS `nama_rt`, `k`.`jumlah_anggota`, `p`.`nama` AS `kepala_keluarga`
FROM `keluarga` `k`
LEFT JOIN `penduduk` `p` ON `p`.`no_kk` = `k`.`no_kk` AND `p`.`hubungan_keluarga` = "Kepala `Keluarga"`
LEFT JOIN `wilayah` `rt` ON `rt`.`id_wilayah` = `k`.`id_rt`
LEFT JOIN `wilayah` `rw` ON `rw`.`id_wilayah` = `k`.`id_rw`
LEFT JOIN `wilayah` `dusun` ON `dusun`.`id_wilayah` = `k`.`id_dusun`
WHERE `k`.`no_kk` = :k.no_kk:', [...], false)
 5 APPPATH\Models\KeluargaModel.php(70): CodeIgniter\Database\BaseBuilder->get()
 6 APPPATH\Controllers\DetailAnggota.php(54): App\Models\KeluargaModel->cekKKbyId('1111111111110008')
 7 SYSTEMPATH\CodeIgniter.php(951): App\Controllers\DetailAnggota->cekKK()
 8 SYSTEMPATH\CodeIgniter.php(497): CodeIgniter\CodeIgniter->runController(Object(App\Controllers\DetailAnggota))
 9 SYSTEMPATH\CodeIgniter.php(340): CodeIgniter\CodeIgniter->handleRequest(null, Object(Config\Cache), false)
10 SYSTEMPATH\Boot.php(417): CodeIgniter\CodeIgniter->run()
11 SYSTEMPATH\Boot.php(68): CodeIgniter\Boot::runCodeIgniter(Object(CodeIgniter\CodeIgniter))
12 FCPATH\index.php(59): CodeIgniter\Boot::bootWeb(Object(Config\Paths))
ERROR - 2026-07-04 03:36:22 --> You have an error in your SQL syntax; check the manual that corresponds to your MySQL server version for the right syntax to use near '`
LEFT JOIN `wilayah` `rt` ON `rt`.`id_wilayah` = `k`.`id_rt`
LEFT JOIN `wilayah' at line 3
in SYSTEMPATH\Database\MySQLi\Connection.php on line 300.
 1 SYSTEMPATH\Database\MySQLi\Connection.php(300): mysqli->query('SELECT `k`.`no_kk`, `k`.`alamat`, `dusun`.`nama_wilayah` AS `nama_dusun`, `rw`.`nama_wilayah` AS `nama_rw`, `rt`.`nama_wilayah` AS `nama_rt`, `k`.`jumlah_anggota`, `p`.`nama` AS `kepala_keluarga`
FROM `keluarga` `k`
LEFT JOIN `penduduk` `p` ON `p`.`no_kk` = `k`.`no_kk` AND `p`.`hubungan_keluarga` = "Kepala `Keluarga"`
LEFT JOIN `wilayah` `rt` ON `rt`.`id_wilayah` = `k`.`id_rt`
LEFT JOIN `wilayah` `rw` ON `rw`.`id_wilayah` = `k`.`id_rw`
LEFT JOIN `wilayah` `dusun` ON `dusun`.`id_wilayah` = `k`.`id_dusun`
WHERE `k`.`no_kk` = \'1111111111110008\'', 0)
 2 SYSTEMPATH\Database\BaseConnection.php(910): CodeIgniter\Database\MySQLi\Connection->execute('SELECT `k`.`no_kk`, `k`.`alamat`, `dusun`.`nama_wilayah` AS `nama_dusun`, `rw`.`nama_wilayah` AS `nama_rw`, `rt`.`nama_wilayah` AS `nama_rt`, `k`.`jumlah_anggota`, `p`.`nama` AS `kepala_keluarga`
FROM `keluarga` `k`
LEFT JOIN `penduduk` `p` ON `p`.`no_kk` = `k`.`no_kk` AND `p`.`hubungan_keluarga` = "Kepala `Keluarga"`
LEFT JOIN `wilayah` `rt` ON `rt`.`id_wilayah` = `k`.`id_rt`
LEFT JOIN `wilayah` `rw` ON `rw`.`id_wilayah` = `k`.`id_rw`
LEFT JOIN `wilayah` `dusun` ON `dusun`.`id_wilayah` = `k`.`id_dusun`
WHERE `k`.`no_kk` = \'1111111111110008\'')
 3 SYSTEMPATH\Database\BaseConnection.php(827): CodeIgniter\Database\BaseConnection->simpleQuery('SELECT `k`.`no_kk`, `k`.`alamat`, `dusun`.`nama_wilayah` AS `nama_dusun`, `rw`.`nama_wilayah` AS `nama_rw`, `rt`.`nama_wilayah` AS `nama_rt`, `k`.`jumlah_anggota`, `p`.`nama` AS `kepala_keluarga`
FROM `keluarga` `k`
LEFT JOIN `penduduk` `p` ON `p`.`no_kk` = `k`.`no_kk` AND `p`.`hubungan_keluarga` = "Kepala `Keluarga"`
LEFT JOIN `wilayah` `rt` ON `rt`.`id_wilayah` = `k`.`id_rt`
LEFT JOIN `wilayah` `rw` ON `rw`.`id_wilayah` = `k`.`id_rw`
LEFT JOIN `wilayah` `dusun` ON `dusun`.`id_wilayah` = `k`.`id_dusun`
WHERE `k`.`no_kk` = \'1111111111110008\'')
 4 SYSTEMPATH\Database\BaseBuilder.php(1649): CodeIgniter\Database\BaseConnection->query('SELECT `k`.`no_kk`, `k`.`alamat`, `dusun`.`nama_wilayah` AS `nama_dusun`, `rw`.`nama_wilayah` AS `nama_rw`, `rt`.`nama_wilayah` AS `nama_rt`, `k`.`jumlah_anggota`, `p`.`nama` AS `kepala_keluarga`
FROM `keluarga` `k`
LEFT JOIN `penduduk` `p` ON `p`.`no_kk` = `k`.`no_kk` AND `p`.`hubungan_keluarga` = "Kepala `Keluarga"`
LEFT JOIN `wilayah` `rt` ON `rt`.`id_wilayah` = `k`.`id_rt`
LEFT JOIN `wilayah` `rw` ON `rw`.`id_wilayah` = `k`.`id_rw`
LEFT JOIN `wilayah` `dusun` ON `dusun`.`id_wilayah` = `k`.`id_dusun`
WHERE `k`.`no_kk` = :k.no_kk:', [...], false)
 5 APPPATH\Models\KeluargaModel.php(70): CodeIgniter\Database\BaseBuilder->get()
 6 APPPATH\Controllers\DetailAnggota.php(71): App\Models\KeluargaModel->cekKKbyId('1111111111110008')
 7 SYSTEMPATH\CodeIgniter.php(951): App\Controllers\DetailAnggota->cekKK()
 8 SYSTEMPATH\CodeIgniter.php(497): CodeIgniter\CodeIgniter->runController(Object(App\Controllers\DetailAnggota))
 9 SYSTEMPATH\CodeIgniter.php(340): CodeIgniter\CodeIgniter->handleRequest(null, Object(Config\Cache), false)
10 SYSTEMPATH\Boot.php(417): CodeIgniter\CodeIgniter->run()
11 SYSTEMPATH\Boot.php(68): CodeIgniter\Boot::runCodeIgniter(Object(CodeIgniter\CodeIgniter))
12 FCPATH\index.php(59): CodeIgniter\Boot::bootWeb(Object(Config\Paths))
CRITICAL - 2026-07-04 03:36:22 --> CodeIgniter\Database\Exceptions\DatabaseException: You have an error in your SQL syntax; check the manual that corresponds to your MySQL server version for the right syntax to use near '`
LEFT JOIN `wilayah` `rt` ON `rt`.`id_wilayah` = `k`.`id_rt`
LEFT JOIN `wilayah' at line 3
[Method: POST, Route: detailanggota/cekKK]
in SYSTEMPATH\Database\BaseConnection.php on line 865.
 1 SYSTEMPATH\Database\BaseBuilder.php(1649): CodeIgniter\Database\BaseConnection->query('SELECT `k`.`no_kk`, `k`.`alamat`, `dusun`.`nama_wilayah` AS `nama_dusun`, `rw`.`nama_wilayah` AS `nama_rw`, `rt`.`nama_wilayah` AS `nama_rt`, `k`.`jumlah_anggota`, `p`.`nama` AS `kepala_keluarga`
FROM `keluarga` `k`
LEFT JOIN `penduduk` `p` ON `p`.`no_kk` = `k`.`no_kk` AND `p`.`hubungan_keluarga` = "Kepala `Keluarga"`
LEFT JOIN `wilayah` `rt` ON `rt`.`id_wilayah` = `k`.`id_rt`
LEFT JOIN `wilayah` `rw` ON `rw`.`id_wilayah` = `k`.`id_rw`
LEFT JOIN `wilayah` `dusun` ON `dusun`.`id_wilayah` = `k`.`id_dusun`
WHERE `k`.`no_kk` = :k.no_kk:', [...], false)
 2 APPPATH\Models\KeluargaModel.php(70): CodeIgniter\Database\BaseBuilder->get()
 3 APPPATH\Controllers\DetailAnggota.php(71): App\Models\KeluargaModel->cekKKbyId('1111111111110008')
 4 SYSTEMPATH\CodeIgniter.php(951): App\Controllers\DetailAnggota->cekKK()
 5 SYSTEMPATH\CodeIgniter.php(497): CodeIgniter\CodeIgniter->runController(Object(App\Controllers\DetailAnggota))
 6 SYSTEMPATH\CodeIgniter.php(340): CodeIgniter\CodeIgniter->handleRequest(null, Object(Config\Cache), false)
 7 SYSTEMPATH\Boot.php(417): CodeIgniter\CodeIgniter->run()
 8 SYSTEMPATH\Boot.php(68): CodeIgniter\Boot::runCodeIgniter(Object(CodeIgniter\CodeIgniter))
 9 FCPATH\index.php(59): CodeIgniter\Boot::bootWeb(Object(Config\Paths))
CRITICAL - 2026-07-04 03:36:22 --> [Caused by] CodeIgniter\Database\Exceptions\DatabaseException: You have an error in your SQL syntax; check the manual that corresponds to your MySQL server version for the right syntax to use near '`
LEFT JOIN `wilayah` `rt` ON `rt`.`id_wilayah` = `k`.`id_rt`
LEFT JOIN `wilayah' at line 3
in SYSTEMPATH\Database\MySQLi\Connection.php on line 310.
 1 SYSTEMPATH\Database\BaseConnection.php(910): CodeIgniter\Database\MySQLi\Connection->execute('SELECT `k`.`no_kk`, `k`.`alamat`, `dusun`.`nama_wilayah` AS `nama_dusun`, `rw`.`nama_wilayah` AS `nama_rw`, `rt`.`nama_wilayah` AS `nama_rt`, `k`.`jumlah_anggota`, `p`.`nama` AS `kepala_keluarga`
FROM `keluarga` `k`
LEFT JOIN `penduduk` `p` ON `p`.`no_kk` = `k`.`no_kk` AND `p`.`hubungan_keluarga` = "Kepala `Keluarga"`
LEFT JOIN `wilayah` `rt` ON `rt`.`id_wilayah` = `k`.`id_rt`
LEFT JOIN `wilayah` `rw` ON `rw`.`id_wilayah` = `k`.`id_rw`
LEFT JOIN `wilayah` `dusun` ON `dusun`.`id_wilayah` = `k`.`id_dusun`
WHERE `k`.`no_kk` = \'1111111111110008\'')
 2 SYSTEMPATH\Database\BaseConnection.php(827): CodeIgniter\Database\BaseConnection->simpleQuery('SELECT `k`.`no_kk`, `k`.`alamat`, `dusun`.`nama_wilayah` AS `nama_dusun`, `rw`.`nama_wilayah` AS `nama_rw`, `rt`.`nama_wilayah` AS `nama_rt`, `k`.`jumlah_anggota`, `p`.`nama` AS `kepala_keluarga`
FROM `keluarga` `k`
LEFT JOIN `penduduk` `p` ON `p`.`no_kk` = `k`.`no_kk` AND `p`.`hubungan_keluarga` = "Kepala `Keluarga"`
LEFT JOIN `wilayah` `rt` ON `rt`.`id_wilayah` = `k`.`id_rt`
LEFT JOIN `wilayah` `rw` ON `rw`.`id_wilayah` = `k`.`id_rw`
LEFT JOIN `wilayah` `dusun` ON `dusun`.`id_wilayah` = `k`.`id_dusun`
WHERE `k`.`no_kk` = \'1111111111110008\'')
 3 SYSTEMPATH\Database\BaseBuilder.php(1649): CodeIgniter\Database\BaseConnection->query('SELECT `k`.`no_kk`, `k`.`alamat`, `dusun`.`nama_wilayah` AS `nama_dusun`, `rw`.`nama_wilayah` AS `nama_rw`, `rt`.`nama_wilayah` AS `nama_rt`, `k`.`jumlah_anggota`, `p`.`nama` AS `kepala_keluarga`
FROM `keluarga` `k`
LEFT JOIN `penduduk` `p` ON `p`.`no_kk` = `k`.`no_kk` AND `p`.`hubungan_keluarga` = "Kepala `Keluarga"`
LEFT JOIN `wilayah` `rt` ON `rt`.`id_wilayah` = `k`.`id_rt`
LEFT JOIN `wilayah` `rw` ON `rw`.`id_wilayah` = `k`.`id_rw`
LEFT JOIN `wilayah` `dusun` ON `dusun`.`id_wilayah` = `k`.`id_dusun`
WHERE `k`.`no_kk` = :k.no_kk:', [...], false)
 4 APPPATH\Models\KeluargaModel.php(70): CodeIgniter\Database\BaseBuilder->get()
 5 APPPATH\Controllers\DetailAnggota.php(71): App\Models\KeluargaModel->cekKKbyId('1111111111110008')
 6 SYSTEMPATH\CodeIgniter.php(951): App\Controllers\DetailAnggota->cekKK()
 7 SYSTEMPATH\CodeIgniter.php(497): CodeIgniter\CodeIgniter->runController(Object(App\Controllers\DetailAnggota))
 8 SYSTEMPATH\CodeIgniter.php(340): CodeIgniter\CodeIgniter->handleRequest(null, Object(Config\Cache), false)
 9 SYSTEMPATH\Boot.php(417): CodeIgniter\CodeIgniter->run()
10 SYSTEMPATH\Boot.php(68): CodeIgniter\Boot::runCodeIgniter(Object(CodeIgniter\CodeIgniter))
11 FCPATH\index.php(59): CodeIgniter\Boot::bootWeb(Object(Config\Paths))
CRITICAL - 2026-07-04 03:36:22 --> [Caused by] mysqli_sql_exception: You have an error in your SQL syntax; check the manual that corresponds to your MySQL server version for the right syntax to use near '`
LEFT JOIN `wilayah` `rt` ON `rt`.`id_wilayah` = `k`.`id_rt`
LEFT JOIN `wilayah' at line 3
in SYSTEMPATH\Database\MySQLi\Connection.php on line 300.
 1 SYSTEMPATH\Database\MySQLi\Connection.php(300): mysqli->query('SELECT `k`.`no_kk`, `k`.`alamat`, `dusun`.`nama_wilayah` AS `nama_dusun`, `rw`.`nama_wilayah` AS `nama_rw`, `rt`.`nama_wilayah` AS `nama_rt`, `k`.`jumlah_anggota`, `p`.`nama` AS `kepala_keluarga`
FROM `keluarga` `k`
LEFT JOIN `penduduk` `p` ON `p`.`no_kk` = `k`.`no_kk` AND `p`.`hubungan_keluarga` = "Kepala `Keluarga"`
LEFT JOIN `wilayah` `rt` ON `rt`.`id_wilayah` = `k`.`id_rt`
LEFT JOIN `wilayah` `rw` ON `rw`.`id_wilayah` = `k`.`id_rw`
LEFT JOIN `wilayah` `dusun` ON `dusun`.`id_wilayah` = `k`.`id_dusun`
WHERE `k`.`no_kk` = \'1111111111110008\'', 0)
 2 SYSTEMPATH\Database\BaseConnection.php(910): CodeIgniter\Database\MySQLi\Connection->execute('SELECT `k`.`no_kk`, `k`.`alamat`, `dusun`.`nama_wilayah` AS `nama_dusun`, `rw`.`nama_wilayah` AS `nama_rw`, `rt`.`nama_wilayah` AS `nama_rt`, `k`.`jumlah_anggota`, `p`.`nama` AS `kepala_keluarga`
FROM `keluarga` `k`
LEFT JOIN `penduduk` `p` ON `p`.`no_kk` = `k`.`no_kk` AND `p`.`hubungan_keluarga` = "Kepala `Keluarga"`
LEFT JOIN `wilayah` `rt` ON `rt`.`id_wilayah` = `k`.`id_rt`
LEFT JOIN `wilayah` `rw` ON `rw`.`id_wilayah` = `k`.`id_rw`
LEFT JOIN `wilayah` `dusun` ON `dusun`.`id_wilayah` = `k`.`id_dusun`
WHERE `k`.`no_kk` = \'1111111111110008\'')
 3 SYSTEMPATH\Database\BaseConnection.php(827): CodeIgniter\Database\BaseConnection->simpleQuery('SELECT `k`.`no_kk`, `k`.`alamat`, `dusun`.`nama_wilayah` AS `nama_dusun`, `rw`.`nama_wilayah` AS `nama_rw`, `rt`.`nama_wilayah` AS `nama_rt`, `k`.`jumlah_anggota`, `p`.`nama` AS `kepala_keluarga`
FROM `keluarga` `k`
LEFT JOIN `penduduk` `p` ON `p`.`no_kk` = `k`.`no_kk` AND `p`.`hubungan_keluarga` = "Kepala `Keluarga"`
LEFT JOIN `wilayah` `rt` ON `rt`.`id_wilayah` = `k`.`id_rt`
LEFT JOIN `wilayah` `rw` ON `rw`.`id_wilayah` = `k`.`id_rw`
LEFT JOIN `wilayah` `dusun` ON `dusun`.`id_wilayah` = `k`.`id_dusun`
WHERE `k`.`no_kk` = \'1111111111110008\'')
 4 SYSTEMPATH\Database\BaseBuilder.php(1649): CodeIgniter\Database\BaseConnection->query('SELECT `k`.`no_kk`, `k`.`alamat`, `dusun`.`nama_wilayah` AS `nama_dusun`, `rw`.`nama_wilayah` AS `nama_rw`, `rt`.`nama_wilayah` AS `nama_rt`, `k`.`jumlah_anggota`, `p`.`nama` AS `kepala_keluarga`
FROM `keluarga` `k`
LEFT JOIN `penduduk` `p` ON `p`.`no_kk` = `k`.`no_kk` AND `p`.`hubungan_keluarga` = "Kepala `Keluarga"`
LEFT JOIN `wilayah` `rt` ON `rt`.`id_wilayah` = `k`.`id_rt`
LEFT JOIN `wilayah` `rw` ON `rw`.`id_wilayah` = `k`.`id_rw`
LEFT JOIN `wilayah` `dusun` ON `dusun`.`id_wilayah` = `k`.`id_dusun`
WHERE `k`.`no_kk` = :k.no_kk:', [...], false)
 5 APPPATH\Models\KeluargaModel.php(70): CodeIgniter\Database\BaseBuilder->get()
 6 APPPATH\Controllers\DetailAnggota.php(71): App\Models\KeluargaModel->cekKKbyId('1111111111110008')
 7 SYSTEMPATH\CodeIgniter.php(951): App\Controllers\DetailAnggota->cekKK()
 8 SYSTEMPATH\CodeIgniter.php(497): CodeIgniter\CodeIgniter->runController(Object(App\Controllers\DetailAnggota))
 9 SYSTEMPATH\CodeIgniter.php(340): CodeIgniter\CodeIgniter->handleRequest(null, Object(Config\Cache), false)
10 SYSTEMPATH\Boot.php(417): CodeIgniter\CodeIgniter->run()
11 SYSTEMPATH\Boot.php(68): CodeIgniter\Boot::runCodeIgniter(Object(CodeIgniter\CodeIgniter))
12 FCPATH\index.php(59): CodeIgniter\Boot::bootWeb(Object(Config\Paths))
CRITICAL - 2026-07-04 03:47:41 --> Error: Call to undefined method CodeIgniter\Database\MySQLi\Builder::first()
[Method: POST, Route: detailanggota/cekKK]
in APPPATH\Models\KeluargaModel.php on line 69.
 1 APPPATH\Controllers\DetailAnggota.php(71): App\Models\KeluargaModel->cekKKbyId('1111111111110008')
 2 SYSTEMPATH\CodeIgniter.php(951): App\Controllers\DetailAnggota->cekKK()
 3 SYSTEMPATH\CodeIgniter.php(497): CodeIgniter\CodeIgniter->runController(Object(App\Controllers\DetailAnggota))
 4 SYSTEMPATH\CodeIgniter.php(340): CodeIgniter\CodeIgniter->handleRequest(null, Object(Config\Cache), false)
 5 SYSTEMPATH\Boot.php(417): CodeIgniter\CodeIgniter->run()
 6 SYSTEMPATH\Boot.php(68): CodeIgniter\Boot::runCodeIgniter(Object(CodeIgniter\CodeIgniter))
 7 FCPATH\index.php(59): CodeIgniter\Boot::bootWeb(Object(Config\Paths))
ERROR - 2026-07-04 03:48:32 --> You have an error in your SQL syntax; check the manual that corresponds to your MySQL server version for the right syntax to use near '`
LEFT JOIN `wilayah` `dusun` ON `dusun`.`id_wilayah` = `k`.`id_dusun`
LEFT JOIN' at line 3
in SYSTEMPATH\Database\MySQLi\Connection.php on line 300.
 1 SYSTEMPATH\Database\MySQLi\Connection.php(300): mysqli->query('SELECT `k`.`no_kk`, `k`.`alamat`, `k`.`jumlah_anggota`, `dusun`.`nama_wilayah` AS `nama_dusun`, `rw`.`nama_wilayah` AS `nama_rw`, `rt`.`nama_wilayah` AS `nama_rt`, `da`.`nama` AS `kepala_keluarga`
FROM `keluarga` `k`
LEFT JOIN `detail_anggota` `da` ON `da`.`id_kk` = `k`.`id_kk` AND `da`.`hubungan_keluarga` = "Kepala `Keluarga"`
LEFT JOIN `wilayah` `dusun` ON `dusun`.`id_wilayah` = `k`.`id_dusun`
LEFT JOIN `wilayah` `rw` ON `rw`.`id_wilayah` = `k`.`id_rw`
LEFT JOIN `wilayah` `rt` ON `rt`.`id_wilayah` = `k`.`id_rt`
WHERE `k`.`no_kk` = \'1111111111110008\'', 0)
 2 SYSTEMPATH\Database\BaseConnection.php(910): CodeIgniter\Database\MySQLi\Connection->execute('SELECT `k`.`no_kk`, `k`.`alamat`, `k`.`jumlah_anggota`, `dusun`.`nama_wilayah` AS `nama_dusun`, `rw`.`nama_wilayah` AS `nama_rw`, `rt`.`nama_wilayah` AS `nama_rt`, `da`.`nama` AS `kepala_keluarga`
FROM `keluarga` `k`
LEFT JOIN `detail_anggota` `da` ON `da`.`id_kk` = `k`.`id_kk` AND `da`.`hubungan_keluarga` = "Kepala `Keluarga"`
LEFT JOIN `wilayah` `dusun` ON `dusun`.`id_wilayah` = `k`.`id_dusun`
LEFT JOIN `wilayah` `rw` ON `rw`.`id_wilayah` = `k`.`id_rw`
LEFT JOIN `wilayah` `rt` ON `rt`.`id_wilayah` = `k`.`id_rt`
WHERE `k`.`no_kk` = \'1111111111110008\'')
 3 SYSTEMPATH\Database\BaseConnection.php(827): CodeIgniter\Database\BaseConnection->simpleQuery('SELECT `k`.`no_kk`, `k`.`alamat`, `k`.`jumlah_anggota`, `dusun`.`nama_wilayah` AS `nama_dusun`, `rw`.`nama_wilayah` AS `nama_rw`, `rt`.`nama_wilayah` AS `nama_rt`, `da`.`nama` AS `kepala_keluarga`
FROM `keluarga` `k`
LEFT JOIN `detail_anggota` `da` ON `da`.`id_kk` = `k`.`id_kk` AND `da`.`hubungan_keluarga` = "Kepala `Keluarga"`
LEFT JOIN `wilayah` `dusun` ON `dusun`.`id_wilayah` = `k`.`id_dusun`
LEFT JOIN `wilayah` `rw` ON `rw`.`id_wilayah` = `k`.`id_rw`
LEFT JOIN `wilayah` `rt` ON `rt`.`id_wilayah` = `k`.`id_rt`
WHERE `k`.`no_kk` = \'1111111111110008\'')
 4 SYSTEMPATH\Database\BaseBuilder.php(1649): CodeIgniter\Database\BaseConnection->query('SELECT `k`.`no_kk`, `k`.`alamat`, `k`.`jumlah_anggota`, `dusun`.`nama_wilayah` AS `nama_dusun`, `rw`.`nama_wilayah` AS `nama_rw`, `rt`.`nama_wilayah` AS `nama_rt`, `da`.`nama` AS `kepala_keluarga`
FROM `keluarga` `k`
LEFT JOIN `detail_anggota` `da` ON `da`.`id_kk` = `k`.`id_kk` AND `da`.`hubungan_keluarga` = "Kepala `Keluarga"`
LEFT JOIN `wilayah` `dusun` ON `dusun`.`id_wilayah` = `k`.`id_dusun`
LEFT JOIN `wilayah` `rw` ON `rw`.`id_wilayah` = `k`.`id_rw`
LEFT JOIN `wilayah` `rt` ON `rt`.`id_wilayah` = `k`.`id_rt`
WHERE `k`.`no_kk` = :k.no_kk:', [...], false)
 5 APPPATH\Models\KeluargaModel.php(70): CodeIgniter\Database\BaseBuilder->get()
 6 APPPATH\Controllers\DetailAnggota.php(71): App\Models\KeluargaModel->cekKKbyId('1111111111110008')
 7 SYSTEMPATH\CodeIgniter.php(951): App\Controllers\DetailAnggota->cekKK()
 8 SYSTEMPATH\CodeIgniter.php(497): CodeIgniter\CodeIgniter->runController(Object(App\Controllers\DetailAnggota))
 9 SYSTEMPATH\CodeIgniter.php(340): CodeIgniter\CodeIgniter->handleRequest(null, Object(Config\Cache), false)
10 SYSTEMPATH\Boot.php(417): CodeIgniter\CodeIgniter->run()
11 SYSTEMPATH\Boot.php(68): CodeIgniter\Boot::runCodeIgniter(Object(CodeIgniter\CodeIgniter))
12 FCPATH\index.php(59): CodeIgniter\Boot::bootWeb(Object(Config\Paths))
CRITICAL - 2026-07-04 03:48:33 --> CodeIgniter\Database\Exceptions\DatabaseException: You have an error in your SQL syntax; check the manual that corresponds to your MySQL server version for the right syntax to use near '`
LEFT JOIN `wilayah` `dusun` ON `dusun`.`id_wilayah` = `k`.`id_dusun`
LEFT JOIN' at line 3
[Method: POST, Route: detailanggota/cekKK]
in SYSTEMPATH\Database\BaseConnection.php on line 865.
 1 SYSTEMPATH\Database\BaseBuilder.php(1649): CodeIgniter\Database\BaseConnection->query('SELECT `k`.`no_kk`, `k`.`alamat`, `k`.`jumlah_anggota`, `dusun`.`nama_wilayah` AS `nama_dusun`, `rw`.`nama_wilayah` AS `nama_rw`, `rt`.`nama_wilayah` AS `nama_rt`, `da`.`nama` AS `kepala_keluarga`
FROM `keluarga` `k`
LEFT JOIN `detail_anggota` `da` ON `da`.`id_kk` = `k`.`id_kk` AND `da`.`hubungan_keluarga` = "Kepala `Keluarga"`
LEFT JOIN `wilayah` `dusun` ON `dusun`.`id_wilayah` = `k`.`id_dusun`
LEFT JOIN `wilayah` `rw` ON `rw`.`id_wilayah` = `k`.`id_rw`
LEFT JOIN `wilayah` `rt` ON `rt`.`id_wilayah` = `k`.`id_rt`
WHERE `k`.`no_kk` = :k.no_kk:', [...], false)
 2 APPPATH\Models\KeluargaModel.php(70): CodeIgniter\Database\BaseBuilder->get()
 3 APPPATH\Controllers\DetailAnggota.php(71): App\Models\KeluargaModel->cekKKbyId('1111111111110008')
 4 SYSTEMPATH\CodeIgniter.php(951): App\Controllers\DetailAnggota->cekKK()
 5 SYSTEMPATH\CodeIgniter.php(497): CodeIgniter\CodeIgniter->runController(Object(App\Controllers\DetailAnggota))
 6 SYSTEMPATH\CodeIgniter.php(340): CodeIgniter\CodeIgniter->handleRequest(null, Object(Config\Cache), false)
 7 SYSTEMPATH\Boot.php(417): CodeIgniter\CodeIgniter->run()
 8 SYSTEMPATH\Boot.php(68): CodeIgniter\Boot::runCodeIgniter(Object(CodeIgniter\CodeIgniter))
 9 FCPATH\index.php(59): CodeIgniter\Boot::bootWeb(Object(Config\Paths))
CRITICAL - 2026-07-04 03:48:33 --> [Caused by] CodeIgniter\Database\Exceptions\DatabaseException: You have an error in your SQL syntax; check the manual that corresponds to your MySQL server version for the right syntax to use near '`
LEFT JOIN `wilayah` `dusun` ON `dusun`.`id_wilayah` = `k`.`id_dusun`
LEFT JOIN' at line 3
in SYSTEMPATH\Database\MySQLi\Connection.php on line 310.
 1 SYSTEMPATH\Database\BaseConnection.php(910): CodeIgniter\Database\MySQLi\Connection->execute('SELECT `k`.`no_kk`, `k`.`alamat`, `k`.`jumlah_anggota`, `dusun`.`nama_wilayah` AS `nama_dusun`, `rw`.`nama_wilayah` AS `nama_rw`, `rt`.`nama_wilayah` AS `nama_rt`, `da`.`nama` AS `kepala_keluarga`
FROM `keluarga` `k`
LEFT JOIN `detail_anggota` `da` ON `da`.`id_kk` = `k`.`id_kk` AND `da`.`hubungan_keluarga` = "Kepala `Keluarga"`
LEFT JOIN `wilayah` `dusun` ON `dusun`.`id_wilayah` = `k`.`id_dusun`
LEFT JOIN `wilayah` `rw` ON `rw`.`id_wilayah` = `k`.`id_rw`
LEFT JOIN `wilayah` `rt` ON `rt`.`id_wilayah` = `k`.`id_rt`
WHERE `k`.`no_kk` = \'1111111111110008\'')
 2 SYSTEMPATH\Database\BaseConnection.php(827): CodeIgniter\Database\BaseConnection->simpleQuery('SELECT `k`.`no_kk`, `k`.`alamat`, `k`.`jumlah_anggota`, `dusun`.`nama_wilayah` AS `nama_dusun`, `rw`.`nama_wilayah` AS `nama_rw`, `rt`.`nama_wilayah` AS `nama_rt`, `da`.`nama` AS `kepala_keluarga`
FROM `keluarga` `k`
LEFT JOIN `detail_anggota` `da` ON `da`.`id_kk` = `k`.`id_kk` AND `da`.`hubungan_keluarga` = "Kepala `Keluarga"`
LEFT JOIN `wilayah` `dusun` ON `dusun`.`id_wilayah` = `k`.`id_dusun`
LEFT JOIN `wilayah` `rw` ON `rw`.`id_wilayah` = `k`.`id_rw`
LEFT JOIN `wilayah` `rt` ON `rt`.`id_wilayah` = `k`.`id_rt`
WHERE `k`.`no_kk` = \'1111111111110008\'')
 3 SYSTEMPATH\Database\BaseBuilder.php(1649): CodeIgniter\Database\BaseConnection->query('SELECT `k`.`no_kk`, `k`.`alamat`, `k`.`jumlah_anggota`, `dusun`.`nama_wilayah` AS `nama_dusun`, `rw`.`nama_wilayah` AS `nama_rw`, `rt`.`nama_wilayah` AS `nama_rt`, `da`.`nama` AS `kepala_keluarga`
FROM `keluarga` `k`
LEFT JOIN `detail_anggota` `da` ON `da`.`id_kk` = `k`.`id_kk` AND `da`.`hubungan_keluarga` = "Kepala `Keluarga"`
LEFT JOIN `wilayah` `dusun` ON `dusun`.`id_wilayah` = `k`.`id_dusun`
LEFT JOIN `wilayah` `rw` ON `rw`.`id_wilayah` = `k`.`id_rw`
LEFT JOIN `wilayah` `rt` ON `rt`.`id_wilayah` = `k`.`id_rt`
WHERE `k`.`no_kk` = :k.no_kk:', [...], false)
 4 APPPATH\Models\KeluargaModel.php(70): CodeIgniter\Database\BaseBuilder->get()
 5 APPPATH\Controllers\DetailAnggota.php(71): App\Models\KeluargaModel->cekKKbyId('1111111111110008')
 6 SYSTEMPATH\CodeIgniter.php(951): App\Controllers\DetailAnggota->cekKK()
 7 SYSTEMPATH\CodeIgniter.php(497): CodeIgniter\CodeIgniter->runController(Object(App\Controllers\DetailAnggota))
 8 SYSTEMPATH\CodeIgniter.php(340): CodeIgniter\CodeIgniter->handleRequest(null, Object(Config\Cache), false)
 9 SYSTEMPATH\Boot.php(417): CodeIgniter\CodeIgniter->run()
10 SYSTEMPATH\Boot.php(68): CodeIgniter\Boot::runCodeIgniter(Object(CodeIgniter\CodeIgniter))
11 FCPATH\index.php(59): CodeIgniter\Boot::bootWeb(Object(Config\Paths))
CRITICAL - 2026-07-04 03:48:33 --> [Caused by] mysqli_sql_exception: You have an error in your SQL syntax; check the manual that corresponds to your MySQL server version for the right syntax to use near '`
LEFT JOIN `wilayah` `dusun` ON `dusun`.`id_wilayah` = `k`.`id_dusun`
LEFT JOIN' at line 3
in SYSTEMPATH\Database\MySQLi\Connection.php on line 300.
 1 SYSTEMPATH\Database\MySQLi\Connection.php(300): mysqli->query('SELECT `k`.`no_kk`, `k`.`alamat`, `k`.`jumlah_anggota`, `dusun`.`nama_wilayah` AS `nama_dusun`, `rw`.`nama_wilayah` AS `nama_rw`, `rt`.`nama_wilayah` AS `nama_rt`, `da`.`nama` AS `kepala_keluarga`
FROM `keluarga` `k`
LEFT JOIN `detail_anggota` `da` ON `da`.`id_kk` = `k`.`id_kk` AND `da`.`hubungan_keluarga` = "Kepala `Keluarga"`
LEFT JOIN `wilayah` `dusun` ON `dusun`.`id_wilayah` = `k`.`id_dusun`
LEFT JOIN `wilayah` `rw` ON `rw`.`id_wilayah` = `k`.`id_rw`
LEFT JOIN `wilayah` `rt` ON `rt`.`id_wilayah` = `k`.`id_rt`
WHERE `k`.`no_kk` = \'1111111111110008\'', 0)
 2 SYSTEMPATH\Database\BaseConnection.php(910): CodeIgniter\Database\MySQLi\Connection->execute('SELECT `k`.`no_kk`, `k`.`alamat`, `k`.`jumlah_anggota`, `dusun`.`nama_wilayah` AS `nama_dusun`, `rw`.`nama_wilayah` AS `nama_rw`, `rt`.`nama_wilayah` AS `nama_rt`, `da`.`nama` AS `kepala_keluarga`
FROM `keluarga` `k`
LEFT JOIN `detail_anggota` `da` ON `da`.`id_kk` = `k`.`id_kk` AND `da`.`hubungan_keluarga` = "Kepala `Keluarga"`
LEFT JOIN `wilayah` `dusun` ON `dusun`.`id_wilayah` = `k`.`id_dusun`
LEFT JOIN `wilayah` `rw` ON `rw`.`id_wilayah` = `k`.`id_rw`
LEFT JOIN `wilayah` `rt` ON `rt`.`id_wilayah` = `k`.`id_rt`
WHERE `k`.`no_kk` = \'1111111111110008\'')
 3 SYSTEMPATH\Database\BaseConnection.php(827): CodeIgniter\Database\BaseConnection->simpleQuery('SELECT `k`.`no_kk`, `k`.`alamat`, `k`.`jumlah_anggota`, `dusun`.`nama_wilayah` AS `nama_dusun`, `rw`.`nama_wilayah` AS `nama_rw`, `rt`.`nama_wilayah` AS `nama_rt`, `da`.`nama` AS `kepala_keluarga`
FROM `keluarga` `k`
LEFT JOIN `detail_anggota` `da` ON `da`.`id_kk` = `k`.`id_kk` AND `da`.`hubungan_keluarga` = "Kepala `Keluarga"`
LEFT JOIN `wilayah` `dusun` ON `dusun`.`id_wilayah` = `k`.`id_dusun`
LEFT JOIN `wilayah` `rw` ON `rw`.`id_wilayah` = `k`.`id_rw`
LEFT JOIN `wilayah` `rt` ON `rt`.`id_wilayah` = `k`.`id_rt`
WHERE `k`.`no_kk` = \'1111111111110008\'')
 4 SYSTEMPATH\Database\BaseBuilder.php(1649): CodeIgniter\Database\BaseConnection->query('SELECT `k`.`no_kk`, `k`.`alamat`, `k`.`jumlah_anggota`, `dusun`.`nama_wilayah` AS `nama_dusun`, `rw`.`nama_wilayah` AS `nama_rw`, `rt`.`nama_wilayah` AS `nama_rt`, `da`.`nama` AS `kepala_keluarga`
FROM `keluarga` `k`
LEFT JOIN `detail_anggota` `da` ON `da`.`id_kk` = `k`.`id_kk` AND `da`.`hubungan_keluarga` = "Kepala `Keluarga"`
LEFT JOIN `wilayah` `dusun` ON `dusun`.`id_wilayah` = `k`.`id_dusun`
LEFT JOIN `wilayah` `rw` ON `rw`.`id_wilayah` = `k`.`id_rw`
LEFT JOIN `wilayah` `rt` ON `rt`.`id_wilayah` = `k`.`id_rt`
WHERE `k`.`no_kk` = :k.no_kk:', [...], false)
 5 APPPATH\Models\KeluargaModel.php(70): CodeIgniter\Database\BaseBuilder->get()
 6 APPPATH\Controllers\DetailAnggota.php(71): App\Models\KeluargaModel->cekKKbyId('1111111111110008')
 7 SYSTEMPATH\CodeIgniter.php(951): App\Controllers\DetailAnggota->cekKK()
 8 SYSTEMPATH\CodeIgniter.php(497): CodeIgniter\CodeIgniter->runController(Object(App\Controllers\DetailAnggota))
 9 SYSTEMPATH\CodeIgniter.php(340): CodeIgniter\CodeIgniter->handleRequest(null, Object(Config\Cache), false)
10 SYSTEMPATH\Boot.php(417): CodeIgniter\CodeIgniter->run()
11 SYSTEMPATH\Boot.php(68): CodeIgniter\Boot::runCodeIgniter(Object(CodeIgniter\CodeIgniter))
12 FCPATH\index.php(59): CodeIgniter\Boot::bootWeb(Object(Config\Paths))
ERROR - 2026-07-04 03:52:38 --> You have an error in your SQL syntax; check the manual that corresponds to your MySQL server version for the right syntax to use near '`
LEFT JOIN `wilayah` `dusun` ON `dusun`.`id_wilayah` = `k`.`id_dusun`
LEFT JOIN' at line 3
in SYSTEMPATH\Database\MySQLi\Connection.php on line 300.
 1 SYSTEMPATH\Database\MySQLi\Connection.php(300): mysqli->query('SELECT `k`.`no_kk`, `k`.`alamat`, `k`.`jumlah_anggota`, `dusun`.`nama_wilayah` AS `nama_dusun`, `rw`.`nama_wilayah` AS `nama_rw`, `rt`.`nama_wilayah` AS `nama_rt`, `da`.`nama` AS `kepala_keluarga`
FROM `keluarga` `k`
LEFT JOIN `detail_anggota` `da` ON `da`.`id_kk` = `k`.`id_kk` AND `da`.`hubungan_keluarga` = "Kepala `Keluarga"`
LEFT JOIN `wilayah` `dusun` ON `dusun`.`id_wilayah` = `k`.`id_dusun`
LEFT JOIN `wilayah` `rw` ON `rw`.`id_wilayah` = `k`.`id_rw`
LEFT JOIN `wilayah` `rt` ON `rt`.`id_wilayah` = `k`.`id_rt`
WHERE `k`.`no_kk` = \'1111111111110008\'', 0)
 2 SYSTEMPATH\Database\BaseConnection.php(910): CodeIgniter\Database\MySQLi\Connection->execute('SELECT `k`.`no_kk`, `k`.`alamat`, `k`.`jumlah_anggota`, `dusun`.`nama_wilayah` AS `nama_dusun`, `rw`.`nama_wilayah` AS `nama_rw`, `rt`.`nama_wilayah` AS `nama_rt`, `da`.`nama` AS `kepala_keluarga`
FROM `keluarga` `k`
LEFT JOIN `detail_anggota` `da` ON `da`.`id_kk` = `k`.`id_kk` AND `da`.`hubungan_keluarga` = "Kepala `Keluarga"`
LEFT JOIN `wilayah` `dusun` ON `dusun`.`id_wilayah` = `k`.`id_dusun`
LEFT JOIN `wilayah` `rw` ON `rw`.`id_wilayah` = `k`.`id_rw`
LEFT JOIN `wilayah` `rt` ON `rt`.`id_wilayah` = `k`.`id_rt`
WHERE `k`.`no_kk` = \'1111111111110008\'')
 3 SYSTEMPATH\Database\BaseConnection.php(827): CodeIgniter\Database\BaseConnection->simpleQuery('SELECT `k`.`no_kk`, `k`.`alamat`, `k`.`jumlah_anggota`, `dusun`.`nama_wilayah` AS `nama_dusun`, `rw`.`nama_wilayah` AS `nama_rw`, `rt`.`nama_wilayah` AS `nama_rt`, `da`.`nama` AS `kepala_keluarga`
FROM `keluarga` `k`
LEFT JOIN `detail_anggota` `da` ON `da`.`id_kk` = `k`.`id_kk` AND `da`.`hubungan_keluarga` = "Kepala `Keluarga"`
LEFT JOIN `wilayah` `dusun` ON `dusun`.`id_wilayah` = `k`.`id_dusun`
LEFT JOIN `wilayah` `rw` ON `rw`.`id_wilayah` = `k`.`id_rw`
LEFT JOIN `wilayah` `rt` ON `rt`.`id_wilayah` = `k`.`id_rt`
WHERE `k`.`no_kk` = \'1111111111110008\'')
 4 SYSTEMPATH\Database\BaseBuilder.php(1649): CodeIgniter\Database\BaseConnection->query('SELECT `k`.`no_kk`, `k`.`alamat`, `k`.`jumlah_anggota`, `dusun`.`nama_wilayah` AS `nama_dusun`, `rw`.`nama_wilayah` AS `nama_rw`, `rt`.`nama_wilayah` AS `nama_rt`, `da`.`nama` AS `kepala_keluarga`
FROM `keluarga` `k`
LEFT JOIN `detail_anggota` `da` ON `da`.`id_kk` = `k`.`id_kk` AND `da`.`hubungan_keluarga` = "Kepala `Keluarga"`
LEFT JOIN `wilayah` `dusun` ON `dusun`.`id_wilayah` = `k`.`id_dusun`
LEFT JOIN `wilayah` `rw` ON `rw`.`id_wilayah` = `k`.`id_rw`
LEFT JOIN `wilayah` `rt` ON `rt`.`id_wilayah` = `k`.`id_rt`
WHERE `k`.`no_kk` = :k.no_kk:', [...], false)
 5 APPPATH\Models\KeluargaModel.php(70): CodeIgniter\Database\BaseBuilder->get()
 6 APPPATH\Controllers\DetailAnggota.php(71): App\Models\KeluargaModel->cekKKbyId('1111111111110008')
 7 SYSTEMPATH\CodeIgniter.php(951): App\Controllers\DetailAnggota->cekKK()
 8 SYSTEMPATH\CodeIgniter.php(497): CodeIgniter\CodeIgniter->runController(Object(App\Controllers\DetailAnggota))
 9 SYSTEMPATH\CodeIgniter.php(340): CodeIgniter\CodeIgniter->handleRequest(null, Object(Config\Cache), false)
10 SYSTEMPATH\Boot.php(417): CodeIgniter\CodeIgniter->run()
11 SYSTEMPATH\Boot.php(68): CodeIgniter\Boot::runCodeIgniter(Object(CodeIgniter\CodeIgniter))
12 FCPATH\index.php(59): CodeIgniter\Boot::bootWeb(Object(Config\Paths))
CRITICAL - 2026-07-04 03:52:39 --> CodeIgniter\Database\Exceptions\DatabaseException: You have an error in your SQL syntax; check the manual that corresponds to your MySQL server version for the right syntax to use near '`
LEFT JOIN `wilayah` `dusun` ON `dusun`.`id_wilayah` = `k`.`id_dusun`
LEFT JOIN' at line 3
[Method: POST, Route: detailanggota/cekKK]
in SYSTEMPATH\Database\BaseConnection.php on line 865.
 1 SYSTEMPATH\Database\BaseBuilder.php(1649): CodeIgniter\Database\BaseConnection->query('SELECT `k`.`no_kk`, `k`.`alamat`, `k`.`jumlah_anggota`, `dusun`.`nama_wilayah` AS `nama_dusun`, `rw`.`nama_wilayah` AS `nama_rw`, `rt`.`nama_wilayah` AS `nama_rt`, `da`.`nama` AS `kepala_keluarga`
FROM `keluarga` `k`
LEFT JOIN `detail_anggota` `da` ON `da`.`id_kk` = `k`.`id_kk` AND `da`.`hubungan_keluarga` = "Kepala `Keluarga"`
LEFT JOIN `wilayah` `dusun` ON `dusun`.`id_wilayah` = `k`.`id_dusun`
LEFT JOIN `wilayah` `rw` ON `rw`.`id_wilayah` = `k`.`id_rw`
LEFT JOIN `wilayah` `rt` ON `rt`.`id_wilayah` = `k`.`id_rt`
WHERE `k`.`no_kk` = :k.no_kk:', [...], false)
 2 APPPATH\Models\KeluargaModel.php(70): CodeIgniter\Database\BaseBuilder->get()
 3 APPPATH\Controllers\DetailAnggota.php(71): App\Models\KeluargaModel->cekKKbyId('1111111111110008')
 4 SYSTEMPATH\CodeIgniter.php(951): App\Controllers\DetailAnggota->cekKK()
 5 SYSTEMPATH\CodeIgniter.php(497): CodeIgniter\CodeIgniter->runController(Object(App\Controllers\DetailAnggota))
 6 SYSTEMPATH\CodeIgniter.php(340): CodeIgniter\CodeIgniter->handleRequest(null, Object(Config\Cache), false)
 7 SYSTEMPATH\Boot.php(417): CodeIgniter\CodeIgniter->run()
 8 SYSTEMPATH\Boot.php(68): CodeIgniter\Boot::runCodeIgniter(Object(CodeIgniter\CodeIgniter))
 9 FCPATH\index.php(59): CodeIgniter\Boot::bootWeb(Object(Config\Paths))
CRITICAL - 2026-07-04 03:52:39 --> [Caused by] CodeIgniter\Database\Exceptions\DatabaseException: You have an error in your SQL syntax; check the manual that corresponds to your MySQL server version for the right syntax to use near '`
LEFT JOIN `wilayah` `dusun` ON `dusun`.`id_wilayah` = `k`.`id_dusun`
LEFT JOIN' at line 3
in SYSTEMPATH\Database\MySQLi\Connection.php on line 310.
 1 SYSTEMPATH\Database\BaseConnection.php(910): CodeIgniter\Database\MySQLi\Connection->execute('SELECT `k`.`no_kk`, `k`.`alamat`, `k`.`jumlah_anggota`, `dusun`.`nama_wilayah` AS `nama_dusun`, `rw`.`nama_wilayah` AS `nama_rw`, `rt`.`nama_wilayah` AS `nama_rt`, `da`.`nama` AS `kepala_keluarga`
FROM `keluarga` `k`
LEFT JOIN `detail_anggota` `da` ON `da`.`id_kk` = `k`.`id_kk` AND `da`.`hubungan_keluarga` = "Kepala `Keluarga"`
LEFT JOIN `wilayah` `dusun` ON `dusun`.`id_wilayah` = `k`.`id_dusun`
LEFT JOIN `wilayah` `rw` ON `rw`.`id_wilayah` = `k`.`id_rw`
LEFT JOIN `wilayah` `rt` ON `rt`.`id_wilayah` = `k`.`id_rt`
WHERE `k`.`no_kk` = \'1111111111110008\'')
 2 SYSTEMPATH\Database\BaseConnection.php(827): CodeIgniter\Database\BaseConnection->simpleQuery('SELECT `k`.`no_kk`, `k`.`alamat`, `k`.`jumlah_anggota`, `dusun`.`nama_wilayah` AS `nama_dusun`, `rw`.`nama_wilayah` AS `nama_rw`, `rt`.`nama_wilayah` AS `nama_rt`, `da`.`nama` AS `kepala_keluarga`
FROM `keluarga` `k`
LEFT JOIN `detail_anggota` `da` ON `da`.`id_kk` = `k`.`id_kk` AND `da`.`hubungan_keluarga` = "Kepala `Keluarga"`
LEFT JOIN `wilayah` `dusun` ON `dusun`.`id_wilayah` = `k`.`id_dusun`
LEFT JOIN `wilayah` `rw` ON `rw`.`id_wilayah` = `k`.`id_rw`
LEFT JOIN `wilayah` `rt` ON `rt`.`id_wilayah` = `k`.`id_rt`
WHERE `k`.`no_kk` = \'1111111111110008\'')
 3 SYSTEMPATH\Database\BaseBuilder.php(1649): CodeIgniter\Database\BaseConnection->query('SELECT `k`.`no_kk`, `k`.`alamat`, `k`.`jumlah_anggota`, `dusun`.`nama_wilayah` AS `nama_dusun`, `rw`.`nama_wilayah` AS `nama_rw`, `rt`.`nama_wilayah` AS `nama_rt`, `da`.`nama` AS `kepala_keluarga`
FROM `keluarga` `k`
LEFT JOIN `detail_anggota` `da` ON `da`.`id_kk` = `k`.`id_kk` AND `da`.`hubungan_keluarga` = "Kepala `Keluarga"`
LEFT JOIN `wilayah` `dusun` ON `dusun`.`id_wilayah` = `k`.`id_dusun`
LEFT JOIN `wilayah` `rw` ON `rw`.`id_wilayah` = `k`.`id_rw`
LEFT JOIN `wilayah` `rt` ON `rt`.`id_wilayah` = `k`.`id_rt`
WHERE `k`.`no_kk` = :k.no_kk:', [...], false)
 4 APPPATH\Models\KeluargaModel.php(70): CodeIgniter\Database\BaseBuilder->get()
 5 APPPATH\Controllers\DetailAnggota.php(71): App\Models\KeluargaModel->cekKKbyId('1111111111110008')
 6 SYSTEMPATH\CodeIgniter.php(951): App\Controllers\DetailAnggota->cekKK()
 7 SYSTEMPATH\CodeIgniter.php(497): CodeIgniter\CodeIgniter->runController(Object(App\Controllers\DetailAnggota))
 8 SYSTEMPATH\CodeIgniter.php(340): CodeIgniter\CodeIgniter->handleRequest(null, Object(Config\Cache), false)
 9 SYSTEMPATH\Boot.php(417): CodeIgniter\CodeIgniter->run()
10 SYSTEMPATH\Boot.php(68): CodeIgniter\Boot::runCodeIgniter(Object(CodeIgniter\CodeIgniter))
11 FCPATH\index.php(59): CodeIgniter\Boot::bootWeb(Object(Config\Paths))
CRITICAL - 2026-07-04 03:52:39 --> [Caused by] mysqli_sql_exception: You have an error in your SQL syntax; check the manual that corresponds to your MySQL server version for the right syntax to use near '`
LEFT JOIN `wilayah` `dusun` ON `dusun`.`id_wilayah` = `k`.`id_dusun`
LEFT JOIN' at line 3
in SYSTEMPATH\Database\MySQLi\Connection.php on line 300.
 1 SYSTEMPATH\Database\MySQLi\Connection.php(300): mysqli->query('SELECT `k`.`no_kk`, `k`.`alamat`, `k`.`jumlah_anggota`, `dusun`.`nama_wilayah` AS `nama_dusun`, `rw`.`nama_wilayah` AS `nama_rw`, `rt`.`nama_wilayah` AS `nama_rt`, `da`.`nama` AS `kepala_keluarga`
FROM `keluarga` `k`
LEFT JOIN `detail_anggota` `da` ON `da`.`id_kk` = `k`.`id_kk` AND `da`.`hubungan_keluarga` = "Kepala `Keluarga"`
LEFT JOIN `wilayah` `dusun` ON `dusun`.`id_wilayah` = `k`.`id_dusun`
LEFT JOIN `wilayah` `rw` ON `rw`.`id_wilayah` = `k`.`id_rw`
LEFT JOIN `wilayah` `rt` ON `rt`.`id_wilayah` = `k`.`id_rt`
WHERE `k`.`no_kk` = \'1111111111110008\'', 0)
 2 SYSTEMPATH\Database\BaseConnection.php(910): CodeIgniter\Database\MySQLi\Connection->execute('SELECT `k`.`no_kk`, `k`.`alamat`, `k`.`jumlah_anggota`, `dusun`.`nama_wilayah` AS `nama_dusun`, `rw`.`nama_wilayah` AS `nama_rw`, `rt`.`nama_wilayah` AS `nama_rt`, `da`.`nama` AS `kepala_keluarga`
FROM `keluarga` `k`
LEFT JOIN `detail_anggota` `da` ON `da`.`id_kk` = `k`.`id_kk` AND `da`.`hubungan_keluarga` = "Kepala `Keluarga"`
LEFT JOIN `wilayah` `dusun` ON `dusun`.`id_wilayah` = `k`.`id_dusun`
LEFT JOIN `wilayah` `rw` ON `rw`.`id_wilayah` = `k`.`id_rw`
LEFT JOIN `wilayah` `rt` ON `rt`.`id_wilayah` = `k`.`id_rt`
WHERE `k`.`no_kk` = \'1111111111110008\'')
 3 SYSTEMPATH\Database\BaseConnection.php(827): CodeIgniter\Database\BaseConnection->simpleQuery('SELECT `k`.`no_kk`, `k`.`alamat`, `k`.`jumlah_anggota`, `dusun`.`nama_wilayah` AS `nama_dusun`, `rw`.`nama_wilayah` AS `nama_rw`, `rt`.`nama_wilayah` AS `nama_rt`, `da`.`nama` AS `kepala_keluarga`
FROM `keluarga` `k`
LEFT JOIN `detail_anggota` `da` ON `da`.`id_kk` = `k`.`id_kk` AND `da`.`hubungan_keluarga` = "Kepala `Keluarga"`
LEFT JOIN `wilayah` `dusun` ON `dusun`.`id_wilayah` = `k`.`id_dusun`
LEFT JOIN `wilayah` `rw` ON `rw`.`id_wilayah` = `k`.`id_rw`
LEFT JOIN `wilayah` `rt` ON `rt`.`id_wilayah` = `k`.`id_rt`
WHERE `k`.`no_kk` = \'1111111111110008\'')
 4 SYSTEMPATH\Database\BaseBuilder.php(1649): CodeIgniter\Database\BaseConnection->query('SELECT `k`.`no_kk`, `k`.`alamat`, `k`.`jumlah_anggota`, `dusun`.`nama_wilayah` AS `nama_dusun`, `rw`.`nama_wilayah` AS `nama_rw`, `rt`.`nama_wilayah` AS `nama_rt`, `da`.`nama` AS `kepala_keluarga`
FROM `keluarga` `k`
LEFT JOIN `detail_anggota` `da` ON `da`.`id_kk` = `k`.`id_kk` AND `da`.`hubungan_keluarga` = "Kepala `Keluarga"`
LEFT JOIN `wilayah` `dusun` ON `dusun`.`id_wilayah` = `k`.`id_dusun`
LEFT JOIN `wilayah` `rw` ON `rw`.`id_wilayah` = `k`.`id_rw`
LEFT JOIN `wilayah` `rt` ON `rt`.`id_wilayah` = `k`.`id_rt`
WHERE `k`.`no_kk` = :k.no_kk:', [...], false)
 5 APPPATH\Models\KeluargaModel.php(70): CodeIgniter\Database\BaseBuilder->get()
 6 APPPATH\Controllers\DetailAnggota.php(71): App\Models\KeluargaModel->cekKKbyId('1111111111110008')
 7 SYSTEMPATH\CodeIgniter.php(951): App\Controllers\DetailAnggota->cekKK()
 8 SYSTEMPATH\CodeIgniter.php(497): CodeIgniter\CodeIgniter->runController(Object(App\Controllers\DetailAnggota))
 9 SYSTEMPATH\CodeIgniter.php(340): CodeIgniter\CodeIgniter->handleRequest(null, Object(Config\Cache), false)
10 SYSTEMPATH\Boot.php(417): CodeIgniter\CodeIgniter->run()
11 SYSTEMPATH\Boot.php(68): CodeIgniter\Boot::runCodeIgniter(Object(CodeIgniter\CodeIgniter))
12 FCPATH\index.php(59): CodeIgniter\Boot::bootWeb(Object(Config\Paths))
WARNING - 2026-07-04 05:44:51 --> [DEPRECATED] strtotime(): Passing null to parameter #1 ($datetime) of type string is deprecated in APPPATH\Views\penduduk\tambahAnggota.php on line 150.
 1 APPPATH\Views\penduduk\tambahAnggota.php(150): strtotime(null)
 2 SYSTEMPATH\View\View.php(240): include('C:\\laragon\\www\\program_bltd\\app\\Views\\penduduk\\tambahAnggota.php')
 3 SYSTEMPATH\View\View.php(243): CodeIgniter\View\View->CodeIgniter\View\{closure}()
 4 SYSTEMPATH\Common.php(1250): CodeIgniter\View\View->render('penduduk/tambahanggota', [], true)
 5 APPPATH\Controllers\Keluarga.php(41): view('penduduk/tambahanggota', [...])
 6 SYSTEMPATH\CodeIgniter.php(951): App\Controllers\Keluarga->tambahanggota()
 7 SYSTEMPATH\CodeIgniter.php(497): CodeIgniter\CodeIgniter->runController(Object(App\Controllers\Keluarga))
 8 SYSTEMPATH\CodeIgniter.php(340): CodeIgniter\CodeIgniter->handleRequest(null, Object(Config\Cache), false)
 9 SYSTEMPATH\Boot.php(417): CodeIgniter\CodeIgniter->run()
10 SYSTEMPATH\Boot.php(68): CodeIgniter\Boot::runCodeIgniter(Object(CodeIgniter\CodeIgniter))
11 FCPATH\index.php(59): CodeIgniter\Boot::bootWeb(Object(Config\Paths))
WARNING - 2026-07-04 05:44:51 --> [DEPRECATED] strtotime(): Passing null to parameter #1 ($datetime) of type string is deprecated in APPPATH\Views\penduduk\tambahAnggota.php on line 150.
 1 APPPATH\Views\penduduk\tambahAnggota.php(150): strtotime(null)
 2 SYSTEMPATH\View\View.php(240): include('C:\\laragon\\www\\program_bltd\\app\\Views\\penduduk\\tambahAnggota.php')
 3 SYSTEMPATH\View\View.php(243): CodeIgniter\View\View->CodeIgniter\View\{closure}()
 4 SYSTEMPATH\Common.php(1250): CodeIgniter\View\View->render('penduduk/tambahanggota', [], true)
 5 APPPATH\Controllers\Keluarga.php(41): view('penduduk/tambahanggota', [...])
 6 SYSTEMPATH\CodeIgniter.php(951): App\Controllers\Keluarga->tambahanggota()
 7 SYSTEMPATH\CodeIgniter.php(497): CodeIgniter\CodeIgniter->runController(Object(App\Controllers\Keluarga))
 8 SYSTEMPATH\CodeIgniter.php(340): CodeIgniter\CodeIgniter->handleRequest(null, Object(Config\Cache), false)
 9 SYSTEMPATH\Boot.php(417): CodeIgniter\CodeIgniter->run()
10 SYSTEMPATH\Boot.php(68): CodeIgniter\Boot::runCodeIgniter(Object(CodeIgniter\CodeIgniter))
11 FCPATH\index.php(59): CodeIgniter\Boot::bootWeb(Object(Config\Paths))
DEBUG - 2026-07-04 05:44:52 --> Session: Class initialized using 'CodeIgniter\Session\Handlers\FileHandler' driver.
CRITICAL - 2026-07-04 06:53:52 --> ErrorException: Undefined variable $kriteriaModel
[Method: GET, Route: tambahtraining]
in APPPATH\Controllers\Training.php on line 28.
 1 APPPATH\Controllers\Training.php(28): CodeIgniter\Debug\Exceptions->errorHandler(2, 'Undefined variable $kriteriaModel', 'C:\\laragon\\www\\program_bltd\\app\\Controllers\\Training.php', 28)
 2 SYSTEMPATH\CodeIgniter.php(951): App\Controllers\Training->tambahTraining()
 3 SYSTEMPATH\CodeIgniter.php(497): CodeIgniter\CodeIgniter->runController(Object(App\Controllers\Training))
 4 SYSTEMPATH\CodeIgniter.php(340): CodeIgniter\CodeIgniter->handleRequest(null, Object(Config\Cache), false)
 5 SYSTEMPATH\Boot.php(417): CodeIgniter\CodeIgniter->run()
 6 SYSTEMPATH\Boot.php(68): CodeIgniter\Boot::runCodeIgniter(Object(CodeIgniter\CodeIgniter))
 7 FCPATH\index.php(59): CodeIgniter\Boot::bootWeb(Object(Config\Paths))
CRITICAL - 2026-07-04 06:54:13 --> ErrorException: Undefined variable $kriteriaModel
[Method: GET, Route: tambahtraining]
in APPPATH\Controllers\Training.php on line 28.
 1 APPPATH\Controllers\Training.php(28): CodeIgniter\Debug\Exceptions->errorHandler(2, 'Undefined variable $kriteriaModel', 'C:\\laragon\\www\\program_bltd\\app\\Controllers\\Training.php', 28)
 2 SYSTEMPATH\CodeIgniter.php(951): App\Controllers\Training->tambahTraining()
 3 SYSTEMPATH\CodeIgniter.php(497): CodeIgniter\CodeIgniter->runController(Object(App\Controllers\Training))
 4 SYSTEMPATH\CodeIgniter.php(340): CodeIgniter\CodeIgniter->handleRequest(null, Object(Config\Cache), false)
 5 SYSTEMPATH\Boot.php(417): CodeIgniter\CodeIgniter->run()
 6 SYSTEMPATH\Boot.php(68): CodeIgniter\Boot::runCodeIgniter(Object(CodeIgniter\CodeIgniter))
 7 FCPATH\index.php(59): CodeIgniter\Boot::bootWeb(Object(Config\Paths))
CRITICAL - 2026-07-04 06:54:31 --> ErrorException: Undefined variable $KriteriaModel
[Method: GET, Route: tambahtraining]
in APPPATH\Controllers\Training.php on line 28.
 1 APPPATH\Controllers\Training.php(28): CodeIgniter\Debug\Exceptions->errorHandler(2, 'Undefined variable $KriteriaModel', 'C:\\laragon\\www\\program_bltd\\app\\Controllers\\Training.php', 28)
 2 SYSTEMPATH\CodeIgniter.php(951): App\Controllers\Training->tambahTraining()
 3 SYSTEMPATH\CodeIgniter.php(497): CodeIgniter\CodeIgniter->runController(Object(App\Controllers\Training))
 4 SYSTEMPATH\CodeIgniter.php(340): CodeIgniter\CodeIgniter->handleRequest(null, Object(Config\Cache), false)
 5 SYSTEMPATH\Boot.php(417): CodeIgniter\CodeIgniter->run()
 6 SYSTEMPATH\Boot.php(68): CodeIgniter\Boot::runCodeIgniter(Object(CodeIgniter\CodeIgniter))
 7 FCPATH\index.php(59): CodeIgniter\Boot::bootWeb(Object(Config\Paths))
CRITICAL - 2026-07-04 06:57:37 --> CodeIgniter\View\Exceptions\ViewException: Invalid file: "dataset/tambahtraining.php"
[Method: GET, Route: tambahtraining]
in SYSTEMPATH\Exceptions\FrameworkException.php on line 39.
 1 SYSTEMPATH\View\View.php(228): CodeIgniter\Exceptions\FrameworkException::forInvalidFile('dataset/tambahtraining.php')
 2 SYSTEMPATH\Common.php(1250): CodeIgniter\View\View->render('dataset/tambahtraining', [], true)
 3 APPPATH\Controllers\Training.php(36): view('dataset/tambahtraining', [...])
 4 SYSTEMPATH\CodeIgniter.php(951): App\Controllers\Training->tambahTraining()
 5 SYSTEMPATH\CodeIgniter.php(497): CodeIgniter\CodeIgniter->runController(Object(App\Controllers\Training))
 6 SYSTEMPATH\CodeIgniter.php(340): CodeIgniter\CodeIgniter->handleRequest(null, Object(Config\Cache), false)
 7 SYSTEMPATH\Boot.php(417): CodeIgniter\CodeIgniter->run()
 8 SYSTEMPATH\Boot.php(68): CodeIgniter\Boot::runCodeIgniter(Object(CodeIgniter\CodeIgniter))
 9 FCPATH\index.php(59): CodeIgniter\Boot::bootWeb(Object(Config\Paths))
CRITICAL - 2026-07-04 06:59:18 --> CodeIgniter\View\Exceptions\ViewException: Invalid file: "dataset/tambahtraining.php"
[Method: GET, Route: tambahtraining]
in SYSTEMPATH\Exceptions\FrameworkException.php on line 39.
 1 SYSTEMPATH\View\View.php(228): CodeIgniter\Exceptions\FrameworkException::forInvalidFile('dataset/tambahtraining.php')
 2 SYSTEMPATH\Common.php(1250): CodeIgniter\View\View->render('dataset/tambahtraining', [], true)
 3 APPPATH\Controllers\Training.php(36): view('dataset/tambahtraining')
 4 SYSTEMPATH\CodeIgniter.php(951): App\Controllers\Training->tambahTraining()
 5 SYSTEMPATH\CodeIgniter.php(497): CodeIgniter\CodeIgniter->runController(Object(App\Controllers\Training))
 6 SYSTEMPATH\CodeIgniter.php(340): CodeIgniter\CodeIgniter->handleRequest(null, Object(Config\Cache), false)
 7 SYSTEMPATH\Boot.php(417): CodeIgniter\CodeIgniter->run()
 8 SYSTEMPATH\Boot.php(68): CodeIgniter\Boot::runCodeIgniter(Object(CodeIgniter\CodeIgniter))
 9 FCPATH\index.php(59): CodeIgniter\Boot::bootWeb(Object(Config\Paths))
CRITICAL - 2026-07-04 06:59:19 --> CodeIgniter\View\Exceptions\ViewException: Invalid file: "dataset/tambahtraining.php"
[Method: GET, Route: tambahtraining]
in SYSTEMPATH\Exceptions\FrameworkException.php on line 39.
 1 SYSTEMPATH\View\View.php(228): CodeIgniter\Exceptions\FrameworkException::forInvalidFile('dataset/tambahtraining.php')
 2 SYSTEMPATH\Common.php(1250): CodeIgniter\View\View->render('dataset/tambahtraining', [], true)
 3 APPPATH\Controllers\Training.php(36): view('dataset/tambahtraining')
 4 SYSTEMPATH\CodeIgniter.php(951): App\Controllers\Training->tambahTraining()
 5 SYSTEMPATH\CodeIgniter.php(497): CodeIgniter\CodeIgniter->runController(Object(App\Controllers\Training))
 6 SYSTEMPATH\CodeIgniter.php(340): CodeIgniter\CodeIgniter->handleRequest(null, Object(Config\Cache), false)
 7 SYSTEMPATH\Boot.php(417): CodeIgniter\CodeIgniter->run()
 8 SYSTEMPATH\Boot.php(68): CodeIgniter\Boot::runCodeIgniter(Object(CodeIgniter\CodeIgniter))
 9 FCPATH\index.php(59): CodeIgniter\Boot::bootWeb(Object(Config\Paths))
WARNING - 2026-07-04 07:24:00 --> [DEPRECATED] strtotime(): Passing null to parameter #1 ($datetime) of type string is deprecated in APPPATH\Views\penduduk\tambahAnggota.php on line 150.
 1 APPPATH\Views\penduduk\tambahAnggota.php(150): strtotime(null)
 2 SYSTEMPATH\View\View.php(240): include('C:\\laragon\\www\\program_bltd\\app\\Views\\penduduk\\tambahAnggota.php')
 3 SYSTEMPATH\View\View.php(243): CodeIgniter\View\View->CodeIgniter\View\{closure}()
 4 SYSTEMPATH\Common.php(1250): CodeIgniter\View\View->render('penduduk/tambahanggota', [], true)
 5 APPPATH\Controllers\Keluarga.php(41): view('penduduk/tambahanggota', [...])
 6 SYSTEMPATH\CodeIgniter.php(951): App\Controllers\Keluarga->tambahanggota()
 7 SYSTEMPATH\CodeIgniter.php(497): CodeIgniter\CodeIgniter->runController(Object(App\Controllers\Keluarga))
 8 SYSTEMPATH\CodeIgniter.php(340): CodeIgniter\CodeIgniter->handleRequest(null, Object(Config\Cache), false)
 9 SYSTEMPATH\Boot.php(417): CodeIgniter\CodeIgniter->run()
10 SYSTEMPATH\Boot.php(68): CodeIgniter\Boot::runCodeIgniter(Object(CodeIgniter\CodeIgniter))
11 FCPATH\index.php(59): CodeIgniter\Boot::bootWeb(Object(Config\Paths))
WARNING - 2026-07-04 07:24:00 --> [DEPRECATED] strtotime(): Passing null to parameter #1 ($datetime) of type string is deprecated in APPPATH\Views\penduduk\tambahAnggota.php on line 150.
 1 APPPATH\Views\penduduk\tambahAnggota.php(150): strtotime(null)
 2 SYSTEMPATH\View\View.php(240): include('C:\\laragon\\www\\program_bltd\\app\\Views\\penduduk\\tambahAnggota.php')
 3 SYSTEMPATH\View\View.php(243): CodeIgniter\View\View->CodeIgniter\View\{closure}()
 4 SYSTEMPATH\Common.php(1250): CodeIgniter\View\View->render('penduduk/tambahanggota', [], true)
 5 APPPATH\Controllers\Keluarga.php(41): view('penduduk/tambahanggota', [...])
 6 SYSTEMPATH\CodeIgniter.php(951): App\Controllers\Keluarga->tambahanggota()
 7 SYSTEMPATH\CodeIgniter.php(497): CodeIgniter\CodeIgniter->runController(Object(App\Controllers\Keluarga))
 8 SYSTEMPATH\CodeIgniter.php(340): CodeIgniter\CodeIgniter->handleRequest(null, Object(Config\Cache), false)
 9 SYSTEMPATH\Boot.php(417): CodeIgniter\CodeIgniter->run()
10 SYSTEMPATH\Boot.php(68): CodeIgniter\Boot::runCodeIgniter(Object(CodeIgniter\CodeIgniter))
11 FCPATH\index.php(59): CodeIgniter\Boot::bootWeb(Object(Config\Paths))
DEBUG - 2026-07-04 07:24:00 --> Session: Class initialized using 'CodeIgniter\Session\Handlers\FileHandler' driver.
ERROR - 2026-07-04 07:41:09 --> You have an error in your SQL syntax; check the manual that corresponds to your MySQL server version for the right syntax to use near '`
LEFT JOIN `wilayah` `dusun` ON `dusun`.`id_wilayah` = `k`.`id_dusun`
LEFT JOIN' at line 3
in SYSTEMPATH\Database\MySQLi\Connection.php on line 300.
 1 SYSTEMPATH\Database\MySQLi\Connection.php(300): mysqli->query('SELECT `k`.*, `dusun`.`nama_wilayah` AS `dusun`, `rw`.`nama_wilayah` AS `rw`, `rt`.`nama_wilayah` AS `rt`
FROM `keluarga` `k`
LEFT JOIN `detail_anggota` `da` ON `da`.`id_kk` = `k`.`id_kk` AND `da`.`hubungan_keluarga` = "Kepala `Keluarga"`
LEFT JOIN `wilayah` `dusun` ON `dusun`.`id_wilayah` = `k`.`id_dusun`
LEFT JOIN `wilayah` `rw` ON `rw`.`id_wilayah` = `k`.`id_rw`
LEFT JOIN `wilayah` `rt` ON `rt`.`id_wilayah` = `k`.`id_rt`
WHERE `k`.`no_kk` = \'1111111111110002\'', 0)
 2 SYSTEMPATH\Database\BaseConnection.php(910): CodeIgniter\Database\MySQLi\Connection->execute('SELECT `k`.*, `dusun`.`nama_wilayah` AS `dusun`, `rw`.`nama_wilayah` AS `rw`, `rt`.`nama_wilayah` AS `rt`
FROM `keluarga` `k`
LEFT JOIN `detail_anggota` `da` ON `da`.`id_kk` = `k`.`id_kk` AND `da`.`hubungan_keluarga` = "Kepala `Keluarga"`
LEFT JOIN `wilayah` `dusun` ON `dusun`.`id_wilayah` = `k`.`id_dusun`
LEFT JOIN `wilayah` `rw` ON `rw`.`id_wilayah` = `k`.`id_rw`
LEFT JOIN `wilayah` `rt` ON `rt`.`id_wilayah` = `k`.`id_rt`
WHERE `k`.`no_kk` = \'1111111111110002\'')
 3 SYSTEMPATH\Database\BaseConnection.php(827): CodeIgniter\Database\BaseConnection->simpleQuery('SELECT `k`.*, `dusun`.`nama_wilayah` AS `dusun`, `rw`.`nama_wilayah` AS `rw`, `rt`.`nama_wilayah` AS `rt`
FROM `keluarga` `k`
LEFT JOIN `detail_anggota` `da` ON `da`.`id_kk` = `k`.`id_kk` AND `da`.`hubungan_keluarga` = "Kepala `Keluarga"`
LEFT JOIN `wilayah` `dusun` ON `dusun`.`id_wilayah` = `k`.`id_dusun`
LEFT JOIN `wilayah` `rw` ON `rw`.`id_wilayah` = `k`.`id_rw`
LEFT JOIN `wilayah` `rt` ON `rt`.`id_wilayah` = `k`.`id_rt`
WHERE `k`.`no_kk` = \'1111111111110002\'')
 4 SYSTEMPATH\Database\BaseBuilder.php(1649): CodeIgniter\Database\BaseConnection->query('SELECT `k`.*, `dusun`.`nama_wilayah` AS `dusun`, `rw`.`nama_wilayah` AS `rw`, `rt`.`nama_wilayah` AS `rt`
FROM `keluarga` `k`
LEFT JOIN `detail_anggota` `da` ON `da`.`id_kk` = `k`.`id_kk` AND `da`.`hubungan_keluarga` = "Kepala `Keluarga"`
LEFT JOIN `wilayah` `dusun` ON `dusun`.`id_wilayah` = `k`.`id_dusun`
LEFT JOIN `wilayah` `rw` ON `rw`.`id_wilayah` = `k`.`id_rw`
LEFT JOIN `wilayah` `rt` ON `rt`.`id_wilayah` = `k`.`id_rt`
WHERE `k`.`no_kk` = :k.no_kk:', [...], false)
 5 APPPATH\Models\KeluargaModel.php(92): CodeIgniter\Database\BaseBuilder->get()
 6 APPPATH\Controllers\DetailAnggota.php(78): App\Models\KeluargaModel->detailKKbyID('1111111111110002')
 7 SYSTEMPATH\CodeIgniter.php(951): App\Controllers\DetailAnggota->cekKK()
 8 SYSTEMPATH\CodeIgniter.php(497): CodeIgniter\CodeIgniter->runController(Object(App\Controllers\DetailAnggota))
 9 SYSTEMPATH\CodeIgniter.php(340): CodeIgniter\CodeIgniter->handleRequest(null, Object(Config\Cache), false)
10 SYSTEMPATH\Boot.php(417): CodeIgniter\CodeIgniter->run()
11 SYSTEMPATH\Boot.php(68): CodeIgniter\Boot::runCodeIgniter(Object(CodeIgniter\CodeIgniter))
12 FCPATH\index.php(59): CodeIgniter\Boot::bootWeb(Object(Config\Paths))
CRITICAL - 2026-07-04 07:41:09 --> CodeIgniter\Database\Exceptions\DatabaseException: You have an error in your SQL syntax; check the manual that corresponds to your MySQL server version for the right syntax to use near '`
LEFT JOIN `wilayah` `dusun` ON `dusun`.`id_wilayah` = `k`.`id_dusun`
LEFT JOIN' at line 3
[Method: POST, Route: detailanggota/cekKK]
in SYSTEMPATH\Database\BaseConnection.php on line 865.
 1 SYSTEMPATH\Database\BaseBuilder.php(1649): CodeIgniter\Database\BaseConnection->query('SELECT `k`.*, `dusun`.`nama_wilayah` AS `dusun`, `rw`.`nama_wilayah` AS `rw`, `rt`.`nama_wilayah` AS `rt`
FROM `keluarga` `k`
LEFT JOIN `detail_anggota` `da` ON `da`.`id_kk` = `k`.`id_kk` AND `da`.`hubungan_keluarga` = "Kepala `Keluarga"`
LEFT JOIN `wilayah` `dusun` ON `dusun`.`id_wilayah` = `k`.`id_dusun`
LEFT JOIN `wilayah` `rw` ON `rw`.`id_wilayah` = `k`.`id_rw`
LEFT JOIN `wilayah` `rt` ON `rt`.`id_wilayah` = `k`.`id_rt`
WHERE `k`.`no_kk` = :k.no_kk:', [...], false)
 2 APPPATH\Models\KeluargaModel.php(92): CodeIgniter\Database\BaseBuilder->get()
 3 APPPATH\Controllers\DetailAnggota.php(78): App\Models\KeluargaModel->detailKKbyID('1111111111110002')
 4 SYSTEMPATH\CodeIgniter.php(951): App\Controllers\DetailAnggota->cekKK()
 5 SYSTEMPATH\CodeIgniter.php(497): CodeIgniter\CodeIgniter->runController(Object(App\Controllers\DetailAnggota))
 6 SYSTEMPATH\CodeIgniter.php(340): CodeIgniter\CodeIgniter->handleRequest(null, Object(Config\Cache), false)
 7 SYSTEMPATH\Boot.php(417): CodeIgniter\CodeIgniter->run()
 8 SYSTEMPATH\Boot.php(68): CodeIgniter\Boot::runCodeIgniter(Object(CodeIgniter\CodeIgniter))
 9 FCPATH\index.php(59): CodeIgniter\Boot::bootWeb(Object(Config\Paths))
CRITICAL - 2026-07-04 07:41:09 --> [Caused by] CodeIgniter\Database\Exceptions\DatabaseException: You have an error in your SQL syntax; check the manual that corresponds to your MySQL server version for the right syntax to use near '`
LEFT JOIN `wilayah` `dusun` ON `dusun`.`id_wilayah` = `k`.`id_dusun`
LEFT JOIN' at line 3
in SYSTEMPATH\Database\MySQLi\Connection.php on line 310.
 1 SYSTEMPATH\Database\BaseConnection.php(910): CodeIgniter\Database\MySQLi\Connection->execute('SELECT `k`.*, `dusun`.`nama_wilayah` AS `dusun`, `rw`.`nama_wilayah` AS `rw`, `rt`.`nama_wilayah` AS `rt`
FROM `keluarga` `k`
LEFT JOIN `detail_anggota` `da` ON `da`.`id_kk` = `k`.`id_kk` AND `da`.`hubungan_keluarga` = "Kepala `Keluarga"`
LEFT JOIN `wilayah` `dusun` ON `dusun`.`id_wilayah` = `k`.`id_dusun`
LEFT JOIN `wilayah` `rw` ON `rw`.`id_wilayah` = `k`.`id_rw`
LEFT JOIN `wilayah` `rt` ON `rt`.`id_wilayah` = `k`.`id_rt`
WHERE `k`.`no_kk` = \'1111111111110002\'')
 2 SYSTEMPATH\Database\BaseConnection.php(827): CodeIgniter\Database\BaseConnection->simpleQuery('SELECT `k`.*, `dusun`.`nama_wilayah` AS `dusun`, `rw`.`nama_wilayah` AS `rw`, `rt`.`nama_wilayah` AS `rt`
FROM `keluarga` `k`
LEFT JOIN `detail_anggota` `da` ON `da`.`id_kk` = `k`.`id_kk` AND `da`.`hubungan_keluarga` = "Kepala `Keluarga"`
LEFT JOIN `wilayah` `dusun` ON `dusun`.`id_wilayah` = `k`.`id_dusun`
LEFT JOIN `wilayah` `rw` ON `rw`.`id_wilayah` = `k`.`id_rw`
LEFT JOIN `wilayah` `rt` ON `rt`.`id_wilayah` = `k`.`id_rt`
WHERE `k`.`no_kk` = \'1111111111110002\'')
 3 SYSTEMPATH\Database\BaseBuilder.php(1649): CodeIgniter\Database\BaseConnection->query('SELECT `k`.*, `dusun`.`nama_wilayah` AS `dusun`, `rw`.`nama_wilayah` AS `rw`, `rt`.`nama_wilayah` AS `rt`
FROM `keluarga` `k`
LEFT JOIN `detail_anggota` `da` ON `da`.`id_kk` = `k`.`id_kk` AND `da`.`hubungan_keluarga` = "Kepala `Keluarga"`
LEFT JOIN `wilayah` `dusun` ON `dusun`.`id_wilayah` = `k`.`id_dusun`
LEFT JOIN `wilayah` `rw` ON `rw`.`id_wilayah` = `k`.`id_rw`
LEFT JOIN `wilayah` `rt` ON `rt`.`id_wilayah` = `k`.`id_rt`
WHERE `k`.`no_kk` = :k.no_kk:', [...], false)
 4 APPPATH\Models\KeluargaModel.php(92): CodeIgniter\Database\BaseBuilder->get()
 5 APPPATH\Controllers\DetailAnggota.php(78): App\Models\KeluargaModel->detailKKbyID('1111111111110002')
 6 SYSTEMPATH\CodeIgniter.php(951): App\Controllers\DetailAnggota->cekKK()
 7 SYSTEMPATH\CodeIgniter.php(497): CodeIgniter\CodeIgniter->runController(Object(App\Controllers\DetailAnggota))
 8 SYSTEMPATH\CodeIgniter.php(340): CodeIgniter\CodeIgniter->handleRequest(null, Object(Config\Cache), false)
 9 SYSTEMPATH\Boot.php(417): CodeIgniter\CodeIgniter->run()
10 SYSTEMPATH\Boot.php(68): CodeIgniter\Boot::runCodeIgniter(Object(CodeIgniter\CodeIgniter))
11 FCPATH\index.php(59): CodeIgniter\Boot::bootWeb(Object(Config\Paths))
CRITICAL - 2026-07-04 07:41:09 --> [Caused by] mysqli_sql_exception: You have an error in your SQL syntax; check the manual that corresponds to your MySQL server version for the right syntax to use near '`
LEFT JOIN `wilayah` `dusun` ON `dusun`.`id_wilayah` = `k`.`id_dusun`
LEFT JOIN' at line 3
in SYSTEMPATH\Database\MySQLi\Connection.php on line 300.
 1 SYSTEMPATH\Database\MySQLi\Connection.php(300): mysqli->query('SELECT `k`.*, `dusun`.`nama_wilayah` AS `dusun`, `rw`.`nama_wilayah` AS `rw`, `rt`.`nama_wilayah` AS `rt`
FROM `keluarga` `k`
LEFT JOIN `detail_anggota` `da` ON `da`.`id_kk` = `k`.`id_kk` AND `da`.`hubungan_keluarga` = "Kepala `Keluarga"`
LEFT JOIN `wilayah` `dusun` ON `dusun`.`id_wilayah` = `k`.`id_dusun`
LEFT JOIN `wilayah` `rw` ON `rw`.`id_wilayah` = `k`.`id_rw`
LEFT JOIN `wilayah` `rt` ON `rt`.`id_wilayah` = `k`.`id_rt`
WHERE `k`.`no_kk` = \'1111111111110002\'', 0)
 2 SYSTEMPATH\Database\BaseConnection.php(910): CodeIgniter\Database\MySQLi\Connection->execute('SELECT `k`.*, `dusun`.`nama_wilayah` AS `dusun`, `rw`.`nama_wilayah` AS `rw`, `rt`.`nama_wilayah` AS `rt`
FROM `keluarga` `k`
LEFT JOIN `detail_anggota` `da` ON `da`.`id_kk` = `k`.`id_kk` AND `da`.`hubungan_keluarga` = "Kepala `Keluarga"`
LEFT JOIN `wilayah` `dusun` ON `dusun`.`id_wilayah` = `k`.`id_dusun`
LEFT JOIN `wilayah` `rw` ON `rw`.`id_wilayah` = `k`.`id_rw`
LEFT JOIN `wilayah` `rt` ON `rt`.`id_wilayah` = `k`.`id_rt`
WHERE `k`.`no_kk` = \'1111111111110002\'')
 3 SYSTEMPATH\Database\BaseConnection.php(827): CodeIgniter\Database\BaseConnection->simpleQuery('SELECT `k`.*, `dusun`.`nama_wilayah` AS `dusun`, `rw`.`nama_wilayah` AS `rw`, `rt`.`nama_wilayah` AS `rt`
FROM `keluarga` `k`
LEFT JOIN `detail_anggota` `da` ON `da`.`id_kk` = `k`.`id_kk` AND `da`.`hubungan_keluarga` = "Kepala `Keluarga"`
LEFT JOIN `wilayah` `dusun` ON `dusun`.`id_wilayah` = `k`.`id_dusun`
LEFT JOIN `wilayah` `rw` ON `rw`.`id_wilayah` = `k`.`id_rw`
LEFT JOIN `wilayah` `rt` ON `rt`.`id_wilayah` = `k`.`id_rt`
WHERE `k`.`no_kk` = \'1111111111110002\'')
 4 SYSTEMPATH\Database\BaseBuilder.php(1649): CodeIgniter\Database\BaseConnection->query('SELECT `k`.*, `dusun`.`nama_wilayah` AS `dusun`, `rw`.`nama_wilayah` AS `rw`, `rt`.`nama_wilayah` AS `rt`
FROM `keluarga` `k`
LEFT JOIN `detail_anggota` `da` ON `da`.`id_kk` = `k`.`id_kk` AND `da`.`hubungan_keluarga` = "Kepala `Keluarga"`
LEFT JOIN `wilayah` `dusun` ON `dusun`.`id_wilayah` = `k`.`id_dusun`
LEFT JOIN `wilayah` `rw` ON `rw`.`id_wilayah` = `k`.`id_rw`
LEFT JOIN `wilayah` `rt` ON `rt`.`id_wilayah` = `k`.`id_rt`
WHERE `k`.`no_kk` = :k.no_kk:', [...], false)
 5 APPPATH\Models\KeluargaModel.php(92): CodeIgniter\Database\BaseBuilder->get()
 6 APPPATH\Controllers\DetailAnggota.php(78): App\Models\KeluargaModel->detailKKbyID('1111111111110002')
 7 SYSTEMPATH\CodeIgniter.php(951): App\Controllers\DetailAnggota->cekKK()
 8 SYSTEMPATH\CodeIgniter.php(497): CodeIgniter\CodeIgniter->runController(Object(App\Controllers\DetailAnggota))
 9 SYSTEMPATH\CodeIgniter.php(340): CodeIgniter\CodeIgniter->handleRequest(null, Object(Config\Cache), false)
10 SYSTEMPATH\Boot.php(417): CodeIgniter\CodeIgniter->run()
11 SYSTEMPATH\Boot.php(68): CodeIgniter\Boot::runCodeIgniter(Object(CodeIgniter\CodeIgniter))
12 FCPATH\index.php(59): CodeIgniter\Boot::bootWeb(Object(Config\Paths))
CRITICAL - 2026-07-04 07:44:59 --> ErrorException: Undefined property: App\Controllers\DetailAnggota::$pendudukModel
[Method: POST, Route: detailanggota/cekKK]
in APPPATH\Controllers\DetailAnggota.php on line 81.
 1 APPPATH\Controllers\DetailAnggota.php(81): CodeIgniter\Debug\Exceptions->errorHandler(2, 'Undefined property: App\\Controllers\\DetailAnggota::$pendudukModel', 'C:\\laragon\\www\\program_bltd\\app\\Controllers\\DetailAnggota.php', 81)
 2 SYSTEMPATH\CodeIgniter.php(951): App\Controllers\DetailAnggota->cekKK()
 3 SYSTEMPATH\CodeIgniter.php(497): CodeIgniter\CodeIgniter->runController(Object(App\Controllers\DetailAnggota))
 4 SYSTEMPATH\CodeIgniter.php(340): CodeIgniter\CodeIgniter->handleRequest(null, Object(Config\Cache), false)
 5 SYSTEMPATH\Boot.php(417): CodeIgniter\CodeIgniter->run()
 6 SYSTEMPATH\Boot.php(68): CodeIgniter\Boot::runCodeIgniter(Object(CodeIgniter\CodeIgniter))
 7 FCPATH\index.php(59): CodeIgniter\Boot::bootWeb(Object(Config\Paths))
CRITICAL - 2026-07-04 07:47:21 --> ErrorException: Undefined property: App\Controllers\DetailAnggota::$pendudukModel
[Method: POST, Route: detailanggota/cekKK]
in APPPATH\Controllers\DetailAnggota.php on line 81.
 1 APPPATH\Controllers\DetailAnggota.php(81): CodeIgniter\Debug\Exceptions->errorHandler(2, 'Undefined property: App\\Controllers\\DetailAnggota::$pendudukModel', 'C:\\laragon\\www\\program_bltd\\app\\Controllers\\DetailAnggota.php', 81)
 2 SYSTEMPATH\CodeIgniter.php(951): App\Controllers\DetailAnggota->cekKK()
 3 SYSTEMPATH\CodeIgniter.php(497): CodeIgniter\CodeIgniter->runController(Object(App\Controllers\DetailAnggota))
 4 SYSTEMPATH\CodeIgniter.php(340): CodeIgniter\CodeIgniter->handleRequest(null, Object(Config\Cache), false)
 5 SYSTEMPATH\Boot.php(417): CodeIgniter\CodeIgniter->run()
 6 SYSTEMPATH\Boot.php(68): CodeIgniter\Boot::runCodeIgniter(Object(CodeIgniter\CodeIgniter))
 7 FCPATH\index.php(59): CodeIgniter\Boot::bootWeb(Object(Config\Paths))
CRITICAL - 2026-07-04 09:11:02 --> CodeIgniter\View\Exceptions\ViewException: Invalid file: "dataset/new_form_testing.php"
[Method: GET, Route: tambahtesting]
in SYSTEMPATH\Exceptions\FrameworkException.php on line 39.
 1 SYSTEMPATH\View\View.php(228): CodeIgniter\Exceptions\FrameworkException::forInvalidFile('dataset/new_form_testing.php')
 2 SYSTEMPATH\Common.php(1250): CodeIgniter\View\View->render('dataset/new_form_testing', [], true)
 3 APPPATH\Views\dataset\tambah_testing_view.php(93): view('dataset/new_form_testing')
 4 SYSTEMPATH\View\View.php(240): include('C:\\laragon\\www\\program_bltd\\app\\Views\\dataset\\tambah_testing_view.php')
 5 SYSTEMPATH\View\View.php(243): CodeIgniter\View\View->CodeIgniter\View\{closure}()
 6 SYSTEMPATH\Common.php(1250): CodeIgniter\View\View->render('dataset/tambah_testing_view', [], true)
 7 APPPATH\Controllers\Testing.php(36): view('dataset/tambah_testing_view', [...])
 8 SYSTEMPATH\CodeIgniter.php(951): App\Controllers\Testing->tambahTesting()
 9 SYSTEMPATH\CodeIgniter.php(497): CodeIgniter\CodeIgniter->runController(Object(App\Controllers\Testing))
10 SYSTEMPATH\CodeIgniter.php(340): CodeIgniter\CodeIgniter->handleRequest(null, Object(Config\Cache), false)
11 SYSTEMPATH\Boot.php(417): CodeIgniter\CodeIgniter->run()
12 SYSTEMPATH\Boot.php(68): CodeIgniter\Boot::runCodeIgniter(Object(CodeIgniter\CodeIgniter))
13 FCPATH\index.php(59): CodeIgniter\Boot::bootWeb(Object(Config\Paths))
CRITICAL - 2026-07-04 09:19:46 --> CodeIgniter\View\Exceptions\ViewException: Invalid file: "layout/template.php"
[Method: GET, Route: klasifikasi]
in SYSTEMPATH\Exceptions\FrameworkException.php on line 39.
 1 SYSTEMPATH\View\View.php(228): CodeIgniter\Exceptions\FrameworkException::forInvalidFile('layout/template.php')
 2 SYSTEMPATH\View\View.php(256): CodeIgniter\View\View->render('layout/template', [], true)
 3 SYSTEMPATH\Common.php(1250): CodeIgniter\View\View->render('dataset/hasil_klasifikasi', [], true)
 4 APPPATH\Controllers\Klasifikasi.php(10): view('dataset/hasil_klasifikasi')
 5 SYSTEMPATH\CodeIgniter.php(951): App\Controllers\Klasifikasi->index()
 6 SYSTEMPATH\CodeIgniter.php(497): CodeIgniter\CodeIgniter->runController(Object(App\Controllers\Klasifikasi))
 7 SYSTEMPATH\CodeIgniter.php(340): CodeIgniter\CodeIgniter->handleRequest(null, Object(Config\Cache), false)
 8 SYSTEMPATH\Boot.php(417): CodeIgniter\CodeIgniter->run()
 9 SYSTEMPATH\Boot.php(68): CodeIgniter\Boot::runCodeIgniter(Object(CodeIgniter\CodeIgniter))
10 FCPATH\index.php(59): CodeIgniter\Boot::bootWeb(Object(Config\Paths))
CRITICAL - 2026-07-04 09:21:01 --> CodeIgniter\Exceptions\RuntimeException: View themes, no current section.
[Method: GET, Route: klasifikasi]
in SYSTEMPATH\View\View.php on line 444.
 1 APPPATH\Views\dataset\hasil_klasifikasi.php(256): CodeIgniter\View\View->endSection()
 2 SYSTEMPATH\View\View.php(240): include('C:\\laragon\\www\\program_bltd\\app\\Views\\dataset\\hasil_klasifikasi.php')
 3 SYSTEMPATH\View\View.php(243): CodeIgniter\View\View->CodeIgniter\View\{closure}()
 4 SYSTEMPATH\Common.php(1250): CodeIgniter\View\View->render('dataset/hasil_klasifikasi', [], true)
 5 APPPATH\Controllers\Klasifikasi.php(10): view('dataset/hasil_klasifikasi')
 6 SYSTEMPATH\CodeIgniter.php(951): App\Controllers\Klasifikasi->index()
 7 SYSTEMPATH\CodeIgniter.php(497): CodeIgniter\CodeIgniter->runController(Object(App\Controllers\Klasifikasi))
 8 SYSTEMPATH\CodeIgniter.php(340): CodeIgniter\CodeIgniter->handleRequest(null, Object(Config\Cache), false)
 9 SYSTEMPATH\Boot.php(417): CodeIgniter\CodeIgniter->run()
10 SYSTEMPATH\Boot.php(68): CodeIgniter\Boot::runCodeIgniter(Object(CodeIgniter\CodeIgniter))
11 FCPATH\index.php(59): CodeIgniter\Boot::bootWeb(Object(Config\Paths))
CRITICAL - 2026-07-04 09:21:36 --> CodeIgniter\Exceptions\RuntimeException: View themes, no current section.
[Method: GET, Route: klasifikasi]
in SYSTEMPATH\View\View.php on line 444.
 1 APPPATH\Views\dataset\hasil_klasifikasi.php(256): CodeIgniter\View\View->endSection()
 2 SYSTEMPATH\View\View.php(240): include('C:\\laragon\\www\\program_bltd\\app\\Views\\dataset\\hasil_klasifikasi.php')
 3 SYSTEMPATH\View\View.php(243): CodeIgniter\View\View->CodeIgniter\View\{closure}()
 4 SYSTEMPATH\Common.php(1250): CodeIgniter\View\View->render('dataset/hasil_klasifikasi', [], true)
 5 APPPATH\Controllers\Klasifikasi.php(10): view('dataset/hasil_klasifikasi')
 6 SYSTEMPATH\CodeIgniter.php(951): App\Controllers\Klasifikasi->index()
 7 SYSTEMPATH\CodeIgniter.php(497): CodeIgniter\CodeIgniter->runController(Object(App\Controllers\Klasifikasi))
 8 SYSTEMPATH\CodeIgniter.php(340): CodeIgniter\CodeIgniter->handleRequest(null, Object(Config\Cache), false)
 9 SYSTEMPATH\Boot.php(417): CodeIgniter\CodeIgniter->run()
10 SYSTEMPATH\Boot.php(68): CodeIgniter\Boot::runCodeIgniter(Object(CodeIgniter\CodeIgniter))
11 FCPATH\index.php(59): CodeIgniter\Boot::bootWeb(Object(Config\Paths))
DEBUG - 2026-07-04 11:52:47 --> Session: Class initialized using 'CodeIgniter\Session\Handlers\FileHandler' driver.
DEBUG - 2026-07-04 11:54:10 --> Session: Class initialized using 'CodeIgniter\Session\Handlers\FileHandler' driver.
DEBUG - 2026-07-04 11:54:32 --> Session: Class initialized using 'CodeIgniter\Session\Handlers\FileHandler' driver.
DEBUG - 2026-07-04 11:56:09 --> Session: Class initialized using 'CodeIgniter\Session\Handlers\FileHandler' driver.
DEBUG - 2026-07-04 11:56:35 --> Session: Class initialized using 'CodeIgniter\Session\Handlers\FileHandler' driver.
DEBUG - 2026-07-04 11:56:50 --> Session: Class initialized using 'CodeIgniter\Session\Handlers\FileHandler' driver.
DEBUG - 2026-07-04 11:56:54 --> Session: Class initialized using 'CodeIgniter\Session\Handlers\FileHandler' driver.
DEBUG - 2026-07-04 11:58:43 --> Session: Class initialized using 'CodeIgniter\Session\Handlers\FileHandler' driver.
DEBUG - 2026-07-04 12:01:34 --> Session: Class initialized using 'CodeIgniter\Session\Handlers\FileHandler' driver.
DEBUG - 2026-07-04 12:02:30 --> Session: Class initialized using 'CodeIgniter\Session\Handlers\FileHandler' driver.
DEBUG - 2026-07-04 12:02:35 --> Session: Class initialized using 'CodeIgniter\Session\Handlers\FileHandler' driver.
DEBUG - 2026-07-04 12:08:22 --> Session: Class initialized using 'CodeIgniter\Session\Handlers\FileHandler' driver.
DEBUG - 2026-07-04 12:08:36 --> Session: Class initialized using 'CodeIgniter\Session\Handlers\FileHandler' driver.
DEBUG - 2026-07-04 12:09:20 --> Session: Class initialized using 'CodeIgniter\Session\Handlers\FileHandler' driver.
WARNING - 2026-07-04 12:09:33 --> [DEPRECATED] trim(): Passing null to parameter #1 ($string) of type string is deprecated in APPPATH\Controllers\Authentifikasi.php on line 16.
 1 APPPATH\Controllers\Authentifikasi.php(16): trim(null)
 2 SYSTEMPATH\CodeIgniter.php(951): App\Controllers\Authentifikasi->auth()
 3 SYSTEMPATH\CodeIgniter.php(497): CodeIgniter\CodeIgniter->runController(Object(App\Controllers\Authentifikasi))
 4 SYSTEMPATH\CodeIgniter.php(340): CodeIgniter\CodeIgniter->handleRequest(null, Object(Config\Cache), false)
 5 SYSTEMPATH\Boot.php(417): CodeIgniter\CodeIgniter->run()
 6 SYSTEMPATH\Boot.php(68): CodeIgniter\Boot::runCodeIgniter(Object(CodeIgniter\CodeIgniter))
 7 FCPATH\index.php(59): CodeIgniter\Boot::bootWeb(Object(Config\Paths))
CRITICAL - 2026-07-04 12:09:33 --> ErrorException: Undefined property: App\Controllers\Authentifikasi::$userModel
[Method: GET, Route: login/auth]
in APPPATH\Controllers\Authentifikasi.php on line 19.
 1 APPPATH\Controllers\Authentifikasi.php(19): CodeIgniter\Debug\Exceptions->errorHandler(2, 'Undefined property: App\\Controllers\\Authentifikasi::$userModel', 'C:\\laragon\\www\\program_bltd\\app\\Controllers\\Authentifikasi.php', 19)
 2 SYSTEMPATH\CodeIgniter.php(951): App\Controllers\Authentifikasi->auth()
 3 SYSTEMPATH\CodeIgniter.php(497): CodeIgniter\CodeIgniter->runController(Object(App\Controllers\Authentifikasi))
 4 SYSTEMPATH\CodeIgniter.php(340): CodeIgniter\CodeIgniter->handleRequest(null, Object(Config\Cache), false)
 5 SYSTEMPATH\Boot.php(417): CodeIgniter\CodeIgniter->run()
 6 SYSTEMPATH\Boot.php(68): CodeIgniter\Boot::runCodeIgniter(Object(CodeIgniter\CodeIgniter))
 7 FCPATH\index.php(59): CodeIgniter\Boot::bootWeb(Object(Config\Paths))
WARNING - 2026-07-04 12:10:10 --> [DEPRECATED] trim(): Passing null to parameter #1 ($string) of type string is deprecated in APPPATH\Controllers\Authentifikasi.php on line 16.
 1 APPPATH\Controllers\Authentifikasi.php(16): trim(null)
 2 SYSTEMPATH\CodeIgniter.php(951): App\Controllers\Authentifikasi->auth()
 3 SYSTEMPATH\CodeIgniter.php(497): CodeIgniter\CodeIgniter->runController(Object(App\Controllers\Authentifikasi))
 4 SYSTEMPATH\CodeIgniter.php(340): CodeIgniter\CodeIgniter->handleRequest(null, Object(Config\Cache), false)
 5 SYSTEMPATH\Boot.php(417): CodeIgniter\CodeIgniter->run()
 6 SYSTEMPATH\Boot.php(68): CodeIgniter\Boot::runCodeIgniter(Object(CodeIgniter\CodeIgniter))
 7 FCPATH\index.php(59): CodeIgniter\Boot::bootWeb(Object(Config\Paths))
DEBUG - 2026-07-04 12:10:10 --> Session: Class initialized using 'CodeIgniter\Session\Handlers\FileHandler' driver.
DEBUG - 2026-07-04 12:10:12 --> Session: Class initialized using 'CodeIgniter\Session\Handlers\FileHandler' driver.
DEBUG - 2026-07-04 12:10:33 --> Session: Class initialized using 'CodeIgniter\Session\Handlers\FileHandler' driver.
WARNING - 2026-07-04 12:10:44 --> [DEPRECATED] trim(): Passing null to parameter #1 ($string) of type string is deprecated in APPPATH\Controllers\Authentifikasi.php on line 16.
 1 APPPATH\Controllers\Authentifikasi.php(16): trim(null)
 2 SYSTEMPATH\CodeIgniter.php(951): App\Controllers\Authentifikasi->auth()
 3 SYSTEMPATH\CodeIgniter.php(497): CodeIgniter\CodeIgniter->runController(Object(App\Controllers\Authentifikasi))
 4 SYSTEMPATH\CodeIgniter.php(340): CodeIgniter\CodeIgniter->handleRequest(null, Object(Config\Cache), false)
 5 SYSTEMPATH\Boot.php(417): CodeIgniter\CodeIgniter->run()
 6 SYSTEMPATH\Boot.php(68): CodeIgniter\Boot::runCodeIgniter(Object(CodeIgniter\CodeIgniter))
 7 FCPATH\index.php(59): CodeIgniter\Boot::bootWeb(Object(Config\Paths))
WARNING - 2026-07-04 12:10:44 --> [DEPRECATED] md5(): Passing null to parameter #1 ($string) of type string is deprecated in APPPATH\Controllers\Authentifikasi.php on line 17.
 1 APPPATH\Controllers\Authentifikasi.php(17): md5(null)
 2 SYSTEMPATH\CodeIgniter.php(951): App\Controllers\Authentifikasi->auth()
 3 SYSTEMPATH\CodeIgniter.php(497): CodeIgniter\CodeIgniter->runController(Object(App\Controllers\Authentifikasi))
 4 SYSTEMPATH\CodeIgniter.php(340): CodeIgniter\CodeIgniter->handleRequest(null, Object(Config\Cache), false)
 5 SYSTEMPATH\Boot.php(417): CodeIgniter\CodeIgniter->run()
 6 SYSTEMPATH\Boot.php(68): CodeIgniter\Boot::runCodeIgniter(Object(CodeIgniter\CodeIgniter))
 7 FCPATH\index.php(59): CodeIgniter\Boot::bootWeb(Object(Config\Paths))
DEBUG - 2026-07-04 12:10:44 --> Session: Class initialized using 'CodeIgniter\Session\Handlers\FileHandler' driver.
DEBUG - 2026-07-04 12:10:45 --> Session: Class initialized using 'CodeIgniter\Session\Handlers\FileHandler' driver.
DEBUG - 2026-07-04 12:11:43 --> Session: Class initialized using 'CodeIgniter\Session\Handlers\FileHandler' driver.
DEBUG - 2026-07-04 12:11:48 --> Session: Class initialized using 'CodeIgniter\Session\Handlers\FileHandler' driver.
DEBUG - 2026-07-04 12:12:10 --> Session: Class initialized using 'CodeIgniter\Session\Handlers\FileHandler' driver.
DEBUG - 2026-07-04 12:12:47 --> Session: Class initialized using 'CodeIgniter\Session\Handlers\FileHandler' driver.
DEBUG - 2026-07-04 12:13:58 --> Session: Class initialized using 'CodeIgniter\Session\Handlers\FileHandler' driver.
DEBUG - 2026-07-04 12:14:05 --> Session: Class initialized using 'CodeIgniter\Session\Handlers\FileHandler' driver.
DEBUG - 2026-07-04 12:14:14 --> Session: Class initialized using 'CodeIgniter\Session\Handlers\FileHandler' driver.
DEBUG - 2026-07-04 12:14:30 --> Session: Class initialized using 'CodeIgniter\Session\Handlers\FileHandler' driver.
DEBUG - 2026-07-04 12:15:18 --> Session: Class initialized using 'CodeIgniter\Session\Handlers\FileHandler' driver.
DEBUG - 2026-07-04 12:20:05 --> Session: Class initialized using 'CodeIgniter\Session\Handlers\FileHandler' driver.
CRITICAL - 2026-07-04 12:20:05 --> ArgumentCountError: password_hash() expects at least 2 arguments, 1 given
[Method: GET, Route: login]
in APPPATH\Views\publik\Login.php on line 53.
 1 APPPATH\Views\publik\Login.php(53): password_hash(Object(SensitiveParameterValue))
 2 SYSTEMPATH\View\View.php(240): include('C:\\laragon\\www\\program_bltd\\app\\Views\\publik\\Login.php')
 3 SYSTEMPATH\View\View.php(243): CodeIgniter\View\View->CodeIgniter\View\{closure}()
 4 SYSTEMPATH\Common.php(1250): CodeIgniter\View\View->render('publik/login', [], true)
 5 APPPATH\Controllers\Home.php(17): view('publik/login')
 6 SYSTEMPATH\CodeIgniter.php(951): App\Controllers\Home->Login()
 7 SYSTEMPATH\CodeIgniter.php(497): CodeIgniter\CodeIgniter->runController(Object(App\Controllers\Home))
 8 SYSTEMPATH\CodeIgniter.php(340): CodeIgniter\CodeIgniter->handleRequest(null, Object(Config\Cache), false)
 9 SYSTEMPATH\Boot.php(417): CodeIgniter\CodeIgniter->run()
10 SYSTEMPATH\Boot.php(68): CodeIgniter\Boot::runCodeIgniter(Object(CodeIgniter\CodeIgniter))
11 FCPATH\index.php(59): CodeIgniter\Boot::bootWeb(Object(Config\Paths))
DEBUG - 2026-07-04 12:20:12 --> Session: Class initialized using 'CodeIgniter\Session\Handlers\FileHandler' driver.
CRITICAL - 2026-07-04 12:20:12 --> ArgumentCountError: password_hash() expects at least 2 arguments, 1 given
[Method: GET, Route: login]
in APPPATH\Views\publik\Login.php on line 53.
 1 APPPATH\Views\publik\Login.php(53): password_hash(Object(SensitiveParameterValue))
 2 SYSTEMPATH\View\View.php(240): include('C:\\laragon\\www\\program_bltd\\app\\Views\\publik\\Login.php')
 3 SYSTEMPATH\View\View.php(243): CodeIgniter\View\View->CodeIgniter\View\{closure}()
 4 SYSTEMPATH\Common.php(1250): CodeIgniter\View\View->render('publik/login', [], true)
 5 APPPATH\Controllers\Home.php(17): view('publik/login')
 6 SYSTEMPATH\CodeIgniter.php(951): App\Controllers\Home->Login()
 7 SYSTEMPATH\CodeIgniter.php(497): CodeIgniter\CodeIgniter->runController(Object(App\Controllers\Home))
 8 SYSTEMPATH\CodeIgniter.php(340): CodeIgniter\CodeIgniter->handleRequest(null, Object(Config\Cache), false)
 9 SYSTEMPATH\Boot.php(417): CodeIgniter\CodeIgniter->run()
10 SYSTEMPATH\Boot.php(68): CodeIgniter\Boot::runCodeIgniter(Object(CodeIgniter\CodeIgniter))
11 FCPATH\index.php(59): CodeIgniter\Boot::bootWeb(Object(Config\Paths))
DEBUG - 2026-07-04 12:20:27 --> Session: Class initialized using 'CodeIgniter\Session\Handlers\FileHandler' driver.
DEBUG - 2026-07-04 12:24:02 --> Session: Class initialized using 'CodeIgniter\Session\Handlers\FileHandler' driver.
CRITICAL - 2026-07-04 12:37:26 --> CodeIgniter\Filters\Exceptions\FilterException: "auth" filter must have a matching alias defined.
[Method: GET, Route: dashboard]
in SYSTEMPATH\Filters\Filters.php on line 590.
 1 SYSTEMPATH\Filters\Filters.php(590): CodeIgniter\Filters\Exceptions\FilterException::forNoAlias('auth')
 2 SYSTEMPATH\Filters\Filters.php(641): CodeIgniter\Filters\Filters->enableFilter('auth', 'before')
 3 SYSTEMPATH\CodeIgniter.php(453): CodeIgniter\Filters\Filters->enableFilters([...], 'before')
 4 SYSTEMPATH\CodeIgniter.php(340): CodeIgniter\CodeIgniter->handleRequest(null, Object(Config\Cache), false)
 5 SYSTEMPATH\Boot.php(417): CodeIgniter\CodeIgniter->run()
 6 SYSTEMPATH\Boot.php(68): CodeIgniter\Boot::runCodeIgniter(Object(CodeIgniter\CodeIgniter))
 7 FCPATH\index.php(59): CodeIgniter\Boot::bootWeb(Object(Config\Paths))
DEBUG - 2026-07-04 12:39:27 --> Session: Class initialized using 'CodeIgniter\Session\Handlers\FileHandler' driver.
CRITICAL - 2026-07-04 12:40:42 --> CodeIgniter\Filters\Exceptions\FilterException: "auth" filter must have a matching alias defined.
[Method: GET, Route: dashboard]
in SYSTEMPATH\Filters\Filters.php on line 590.
 1 SYSTEMPATH\Filters\Filters.php(590): CodeIgniter\Filters\Exceptions\FilterException::forNoAlias('auth')
 2 SYSTEMPATH\Filters\Filters.php(641): CodeIgniter\Filters\Filters->enableFilter('auth', 'before')
 3 SYSTEMPATH\CodeIgniter.php(453): CodeIgniter\Filters\Filters->enableFilters([...], 'before')
 4 SYSTEMPATH\CodeIgniter.php(340): CodeIgniter\CodeIgniter->handleRequest(null, Object(Config\Cache), false)
 5 SYSTEMPATH\Boot.php(417): CodeIgniter\CodeIgniter->run()
 6 SYSTEMPATH\Boot.php(68): CodeIgniter\Boot::runCodeIgniter(Object(CodeIgniter\CodeIgniter))
 7 FCPATH\index.php(59): CodeIgniter\Boot::bootWeb(Object(Config\Paths))
CRITICAL - 2026-07-04 12:40:43 --> CodeIgniter\Filters\Exceptions\FilterException: "auth" filter must have a matching alias defined.
[Method: GET, Route: dashboard]
in SYSTEMPATH\Filters\Filters.php on line 590.
 1 SYSTEMPATH\Filters\Filters.php(590): CodeIgniter\Filters\Exceptions\FilterException::forNoAlias('auth')
 2 SYSTEMPATH\Filters\Filters.php(641): CodeIgniter\Filters\Filters->enableFilter('auth', 'before')
 3 SYSTEMPATH\CodeIgniter.php(453): CodeIgniter\Filters\Filters->enableFilters([...], 'before')
 4 SYSTEMPATH\CodeIgniter.php(340): CodeIgniter\CodeIgniter->handleRequest(null, Object(Config\Cache), false)
 5 SYSTEMPATH\Boot.php(417): CodeIgniter\CodeIgniter->run()
 6 SYSTEMPATH\Boot.php(68): CodeIgniter\Boot::runCodeIgniter(Object(CodeIgniter\CodeIgniter))
 7 FCPATH\index.php(59): CodeIgniter\Boot::bootWeb(Object(Config\Paths))
CRITICAL - 2026-07-04 12:41:48 --> CodeIgniter\Filters\Exceptions\FilterException: "role" filter must have a matching alias defined.
[Method: GET, Route: dashboard]
in SYSTEMPATH\Filters\Filters.php on line 590.
 1 SYSTEMPATH\Filters\Filters.php(590): CodeIgniter\Filters\Exceptions\FilterException::forNoAlias('role')
 2 SYSTEMPATH\Filters\Filters.php(641): CodeIgniter\Filters\Filters->enableFilter('role:admin', 'before')
 3 SYSTEMPATH\CodeIgniter.php(453): CodeIgniter\Filters\Filters->enableFilters([...], 'before')
 4 SYSTEMPATH\CodeIgniter.php(340): CodeIgniter\CodeIgniter->handleRequest(null, Object(Config\Cache), false)
 5 SYSTEMPATH\Boot.php(417): CodeIgniter\CodeIgniter->run()
 6 SYSTEMPATH\Boot.php(68): CodeIgniter\Boot::runCodeIgniter(Object(CodeIgniter\CodeIgniter))
 7 FCPATH\index.php(59): CodeIgniter\Boot::bootWeb(Object(Config\Paths))
CRITICAL - 2026-07-04 12:46:00 --> CodeIgniter\Filters\Exceptions\FilterException: "role" filter must have a matching alias defined.
[Method: GET, Route: dashboard]
in SYSTEMPATH\Filters\Filters.php on line 590.
 1 SYSTEMPATH\Filters\Filters.php(590): CodeIgniter\Filters\Exceptions\FilterException::forNoAlias('role')
 2 SYSTEMPATH\Filters\Filters.php(641): CodeIgniter\Filters\Filters->enableFilter('role:admin', 'before')
 3 SYSTEMPATH\CodeIgniter.php(453): CodeIgniter\Filters\Filters->enableFilters([...], 'before')
 4 SYSTEMPATH\CodeIgniter.php(340): CodeIgniter\CodeIgniter->handleRequest(null, Object(Config\Cache), false)
 5 SYSTEMPATH\Boot.php(417): CodeIgniter\CodeIgniter->run()
 6 SYSTEMPATH\Boot.php(68): CodeIgniter\Boot::runCodeIgniter(Object(CodeIgniter\CodeIgniter))
 7 FCPATH\index.php(59): CodeIgniter\Boot::bootWeb(Object(Config\Paths))
CRITICAL - 2026-07-04 12:49:16 --> Error: Interface "FilterInterface" not found
[Method: GET, Route: dashboard]
in APPPATH\Filters\RoleFilter.php on line 3.
 1 SYSTEMPATH\Autoloader\Autoloader.php(315): include_once()
 2 SYSTEMPATH\Autoloader\Autoloader.php(295): CodeIgniter\Autoloader\Autoloader->includeFile('C:\\laragon\\www\\program_bltd\\app\\Filters\\RoleFilter.php')
 3 SYSTEMPATH\Autoloader\Autoloader.php(271): CodeIgniter\Autoloader\Autoloader->loadInNamespace('App\\Filters\\RoleFilter')
 4 SYSTEMPATH\Filters\Filters.php(299): CodeIgniter\Autoloader\Autoloader->loadClass('App\\Filters\\RoleFilter')
 5 SYSTEMPATH\Filters\Filters.php(239): CodeIgniter\Filters\Filters->createFilter('App\\Filters\\RoleFilter')
 6 SYSTEMPATH\Filters\Filters.php(221): CodeIgniter\Filters\Filters->runBefore([...])
 7 SYSTEMPATH\CodeIgniter.php(465): CodeIgniter\Filters\Filters->run('dashboard', 'before')
 8 SYSTEMPATH\CodeIgniter.php(340): CodeIgniter\CodeIgniter->handleRequest(null, Object(Config\Cache), false)
 9 SYSTEMPATH\Boot.php(417): CodeIgniter\CodeIgniter->run()
10 SYSTEMPATH\Boot.php(68): CodeIgniter\Boot::runCodeIgniter(Object(CodeIgniter\CodeIgniter))
11 FCPATH\index.php(59): CodeIgniter\Boot::bootWeb(Object(Config\Paths))
DEBUG - 2026-07-04 12:51:49 --> Session: Class initialized using 'CodeIgniter\Session\Handlers\FileHandler' driver.
DEBUG - 2026-07-04 12:51:51 --> Session: Class initialized using 'CodeIgniter\Session\Handlers\FileHandler' driver.
DEBUG - 2026-07-04 12:51:58 --> Session: Class initialized using 'CodeIgniter\Session\Handlers\FileHandler' driver.
DEBUG - 2026-07-04 12:51:59 --> Session: Class initialized using 'CodeIgniter\Session\Handlers\FileHandler' driver.
DEBUG - 2026-07-04 12:52:44 --> Session: Class initialized using 'CodeIgniter\Session\Handlers\FileHandler' driver.
DEBUG - 2026-07-04 12:54:29 --> Session: Class initialized using 'CodeIgniter\Session\Handlers\FileHandler' driver.
DEBUG - 2026-07-04 12:54:32 --> Session: Class initialized using 'CodeIgniter\Session\Handlers\FileHandler' driver.
DEBUG - 2026-07-04 12:54:33 --> Session: Class initialized using 'CodeIgniter\Session\Handlers\FileHandler' driver.
DEBUG - 2026-07-04 12:56:53 --> Session: Class initialized using 'CodeIgniter\Session\Handlers\FileHandler' driver.
CRITICAL - 2026-07-04 12:57:00 --> ErrorException: Undefined array key "status"
[Method: POST, Route: login/auth]
in APPPATH\Controllers\Login.php on line 67.
 1 APPPATH\Controllers\Login.php(67): CodeIgniter\Debug\Exceptions->errorHandler(2, 'Undefined array key "status"', 'C:\\laragon\\www\\program_bltd\\app\\Controllers\\Login.php', 67)
 2 SYSTEMPATH\CodeIgniter.php(951): App\Controllers\Login->auth()
 3 SYSTEMPATH\CodeIgniter.php(497): CodeIgniter\CodeIgniter->runController(Object(App\Controllers\Login))
 4 SYSTEMPATH\CodeIgniter.php(340): CodeIgniter\CodeIgniter->handleRequest(null, Object(Config\Cache), false)
 5 SYSTEMPATH\Boot.php(417): CodeIgniter\CodeIgniter->run()
 6 SYSTEMPATH\Boot.php(68): CodeIgniter\Boot::runCodeIgniter(Object(CodeIgniter\CodeIgniter))
 7 FCPATH\index.php(59): CodeIgniter\Boot::bootWeb(Object(Config\Paths))
DEBUG - 2026-07-04 12:57:24 --> Session: Class initialized using 'CodeIgniter\Session\Handlers\FileHandler' driver.
DEBUG - 2026-07-04 12:57:24 --> Session: Class initialized using 'CodeIgniter\Session\Handlers\FileHandler' driver.
DEBUG - 2026-07-04 12:57:32 --> Session: Class initialized using 'CodeIgniter\Session\Handlers\FileHandler' driver.
DEBUG - 2026-07-04 12:57:32 --> Session: Class initialized using 'CodeIgniter\Session\Handlers\FileHandler' driver.
DEBUG - 2026-07-04 13:00:01 --> Session: Class initialized using 'CodeIgniter\Session\Handlers\FileHandler' driver.
DEBUG - 2026-07-04 13:00:06 --> Session: Class initialized using 'CodeIgniter\Session\Handlers\FileHandler' driver.
DEBUG - 2026-07-04 13:01:17 --> Session: Class initialized using 'CodeIgniter\Session\Handlers\FileHandler' driver.
DEBUG - 2026-07-04 13:01:26 --> Session: Class initialized using 'CodeIgniter\Session\Handlers\FileHandler' driver.
DEBUG - 2026-07-04 13:01:27 --> Session: Class initialized using 'CodeIgniter\Session\Handlers\FileHandler' driver.
DEBUG - 2026-07-04 13:02:31 --> Session: Class initialized using 'CodeIgniter\Session\Handlers\FileHandler' driver.
DEBUG - 2026-07-04 13:02:34 --> Session: Class initialized using 'CodeIgniter\Session\Handlers\FileHandler' driver.
DEBUG - 2026-07-04 13:02:42 --> Session: Class initialized using 'CodeIgniter\Session\Handlers\FileHandler' driver.
DEBUG - 2026-07-04 13:02:43 --> Session: Class initialized using 'CodeIgniter\Session\Handlers\FileHandler' driver.
DEBUG - 2026-07-04 13:02:58 --> Session: Class initialized using 'CodeIgniter\Session\Handlers\FileHandler' driver.
DEBUG - 2026-07-04 13:18:39 --> Session: Class initialized using 'CodeIgniter\Session\Handlers\FileHandler' driver.
DEBUG - 2026-07-04 13:26:02 --> Session: Class initialized using 'CodeIgniter\Session\Handlers\FileHandler' driver.
DEBUG - 2026-07-04 13:26:11 --> Session: Class initialized using 'CodeIgniter\Session\Handlers\FileHandler' driver.
DEBUG - 2026-07-04 13:26:11 --> Session: Class initialized using 'CodeIgniter\Session\Handlers\FileHandler' driver.
DEBUG - 2026-07-04 13:26:20 --> Session: Class initialized using 'CodeIgniter\Session\Handlers\FileHandler' driver.
DEBUG - 2026-07-04 13:26:21 --> Session: Class initialized using 'CodeIgniter\Session\Handlers\FileHandler' driver.
DEBUG - 2026-07-04 13:30:37 --> Session: Class initialized using 'CodeIgniter\Session\Handlers\FileHandler' driver.
DEBUG - 2026-07-04 13:30:39 --> Session: Class initialized using 'CodeIgniter\Session\Handlers\FileHandler' driver.
DEBUG - 2026-07-04 13:31:58 --> Session: Class initialized using 'CodeIgniter\Session\Handlers\FileHandler' driver.
DEBUG - 2026-07-04 13:32:08 --> Session: Class initialized using 'CodeIgniter\Session\Handlers\FileHandler' driver.
DEBUG - 2026-07-04 13:32:17 --> Session: Class initialized using 'CodeIgniter\Session\Handlers\FileHandler' driver.
DEBUG - 2026-07-04 13:32:31 --> Session: Class initialized using 'CodeIgniter\Session\Handlers\FileHandler' driver.
DEBUG - 2026-07-04 13:32:41 --> Session: Class initialized using 'CodeIgniter\Session\Handlers\FileHandler' driver.
DEBUG - 2026-07-04 13:32:48 --> Session: Class initialized using 'CodeIgniter\Session\Handlers\FileHandler' driver.
DEBUG - 2026-07-04 13:32:50 --> Session: Class initialized using 'CodeIgniter\Session\Handlers\FileHandler' driver.
DEBUG - 2026-07-04 13:32:55 --> Session: Class initialized using 'CodeIgniter\Session\Handlers\FileHandler' driver.
DEBUG - 2026-07-04 13:32:56 --> Session: Class initialized using 'CodeIgniter\Session\Handlers\FileHandler' driver.
DEBUG - 2026-07-04 13:34:09 --> Session: Class initialized using 'CodeIgniter\Session\Handlers\FileHandler' driver.
