DEBUG - 2026-07-12 02:09:50 --> Session: Class initialized using 'CodeIgniter\Session\Handlers\FileHandler' driver.
DEBUG - 2026-07-12 02:09:50 --> Session: Class initialized using 'CodeIgniter\Session\Handlers\FileHandler' driver.
DEBUG - 2026-07-12 02:10:00 --> Session: Class initialized using 'CodeIgniter\Session\Handlers\FileHandler' driver.
DEBUG - 2026-07-12 02:10:00 --> Session: Class initialized using 'CodeIgniter\Session\Handlers\FileHandler' driver.
DEBUG - 2026-07-12 02:10:16 --> Session: Class initialized using 'CodeIgniter\Session\Handlers\FileHandler' driver.
DEBUG - 2026-07-12 02:10:17 --> Session: Class initialized using 'CodeIgniter\Session\Handlers\FileHandler' driver.
DEBUG - 2026-07-12 02:10:20 --> Session: Class initialized using 'CodeIgniter\Session\Handlers\FileHandler' driver.
DEBUG - 2026-07-12 02:10:26 --> Session: Class initialized using 'CodeIgniter\Session\Handlers\FileHandler' driver.
DEBUG - 2026-07-12 02:10:27 --> Session: Class initialized using 'CodeIgniter\Session\Handlers\FileHandler' driver.
DEBUG - 2026-07-12 02:10:29 --> Session: Class initialized using 'CodeIgniter\Session\Handlers\FileHandler' driver.
DEBUG - 2026-07-12 02:10:29 --> Session: Class initialized using 'CodeIgniter\Session\Handlers\FileHandler' driver.
DEBUG - 2026-07-12 02:10:35 --> Session: Class initialized using 'CodeIgniter\Session\Handlers\FileHandler' driver.
DEBUG - 2026-07-12 02:10:55 --> Session: Class initialized using 'CodeIgniter\Session\Handlers\FileHandler' driver.
DEBUG - 2026-07-12 02:11:01 --> Session: Class initialized using 'CodeIgniter\Session\Handlers\FileHandler' driver.
DEBUG - 2026-07-12 02:11:03 --> Session: Class initialized using 'CodeIgniter\Session\Handlers\FileHandler' driver.
DEBUG - 2026-07-12 02:11:03 --> Session: Class initialized using 'CodeIgniter\Session\Handlers\FileHandler' driver.
DEBUG - 2026-07-12 02:11:03 --> Session: Class initialized using 'CodeIgniter\Session\Handlers\FileHandler' driver.
DEBUG - 2026-07-12 02:11:05 --> Session: Class initialized using 'CodeIgniter\Session\Handlers\FileHandler' driver.
DEBUG - 2026-07-12 02:11:09 --> Session: Class initialized using 'CodeIgniter\Session\Handlers\FileHandler' driver.
DEBUG - 2026-07-12 02:11:10 --> Session: Class initialized using 'CodeIgniter\Session\Handlers\FileHandler' driver.
DEBUG - 2026-07-12 02:11:11 --> Session: Class initialized using 'CodeIgniter\Session\Handlers\FileHandler' driver.
DEBUG - 2026-07-12 02:11:11 --> Session: Class initialized using 'CodeIgniter\Session\Handlers\FileHandler' driver.
DEBUG - 2026-07-12 02:16:43 --> Session: Class initialized using 'CodeIgniter\Session\Handlers\FileHandler' driver.
DEBUG - 2026-07-12 02:16:44 --> Session: Class initialized using 'CodeIgniter\Session\Handlers\FileHandler' driver.
DEBUG - 2026-07-12 02:16:44 --> Session: Class initialized using 'CodeIgniter\Session\Handlers\FileHandler' driver.
DEBUG - 2026-07-12 02:19:43 --> Session: Class initialized using 'CodeIgniter\Session\Handlers\FileHandler' driver.
DEBUG - 2026-07-12 02:19:45 --> Session: Class initialized using 'CodeIgniter\Session\Handlers\FileHandler' driver.
DEBUG - 2026-07-12 02:19:45 --> Session: Class initialized using 'CodeIgniter\Session\Handlers\FileHandler' driver.
DEBUG - 2026-07-12 02:20:12 --> Session: Class initialized using 'CodeIgniter\Session\Handlers\FileHandler' driver.
DEBUG - 2026-07-12 02:20:13 --> Session: Class initialized using 'CodeIgniter\Session\Handlers\FileHandler' driver.
DEBUG - 2026-07-12 02:20:13 --> Session: Class initialized using 'CodeIgniter\Session\Handlers\FileHandler' driver.
DEBUG - 2026-07-12 02:20:40 --> Session: Class initialized using 'CodeIgniter\Session\Handlers\FileHandler' driver.
DEBUG - 2026-07-12 02:20:40 --> Session: Class initialized using 'CodeIgniter\Session\Handlers\FileHandler' driver.
DEBUG - 2026-07-12 02:20:40 --> Session: Class initialized using 'CodeIgniter\Session\Handlers\FileHandler' driver.
DEBUG - 2026-07-12 02:21:03 --> Session: Class initialized using 'CodeIgniter\Session\Handlers\FileHandler' driver.
DEBUG - 2026-07-12 02:21:03 --> Session: Class initialized using 'CodeIgniter\Session\Handlers\FileHandler' driver.
DEBUG - 2026-07-12 02:21:03 --> Session: Class initialized using 'CodeIgniter\Session\Handlers\FileHandler' driver.
DEBUG - 2026-07-12 02:23:10 --> Session: Class initialized using 'CodeIgniter\Session\Handlers\FileHandler' driver.
DEBUG - 2026-07-12 02:23:10 --> Session: Class initialized using 'CodeIgniter\Session\Handlers\FileHandler' driver.
DEBUG - 2026-07-12 02:28:00 --> Session: Class initialized using 'CodeIgniter\Session\Handlers\FileHandler' driver.
DEBUG - 2026-07-12 02:28:00 --> Session: Class initialized using 'CodeIgniter\Session\Handlers\FileHandler' driver.
DEBUG - 2026-07-12 02:28:03 --> Session: Class initialized using 'CodeIgniter\Session\Handlers\FileHandler' driver.
DEBUG - 2026-07-12 02:28:04 --> Session: Class initialized using 'CodeIgniter\Session\Handlers\FileHandler' driver.
DEBUG - 2026-07-12 02:28:12 --> Session: Class initialized using 'CodeIgniter\Session\Handlers\FileHandler' driver.
DEBUG - 2026-07-12 02:29:08 --> Session: Class initialized using 'CodeIgniter\Session\Handlers\FileHandler' driver.
DEBUG - 2026-07-12 02:29:08 --> Session: Class initialized using 'CodeIgniter\Session\Handlers\FileHandler' driver.
DEBUG - 2026-07-12 02:29:09 --> Session: Class initialized using 'CodeIgniter\Session\Handlers\FileHandler' driver.
DEBUG - 2026-07-12 02:29:26 --> Session: Class initialized using 'CodeIgniter\Session\Handlers\FileHandler' driver.
DEBUG - 2026-07-12 02:29:26 --> Session: Class initialized using 'CodeIgniter\Session\Handlers\FileHandler' driver.
DEBUG - 2026-07-12 02:29:26 --> Session: Class initialized using 'CodeIgniter\Session\Handlers\FileHandler' driver.
DEBUG - 2026-07-12 02:29:30 --> Session: Class initialized using 'CodeIgniter\Session\Handlers\FileHandler' driver.
DEBUG - 2026-07-12 02:29:59 --> Session: Class initialized using 'CodeIgniter\Session\Handlers\FileHandler' driver.
DEBUG - 2026-07-12 02:30:00 --> Session: Class initialized using 'CodeIgniter\Session\Handlers\FileHandler' driver.
DEBUG - 2026-07-12 02:30:00 --> Session: Class initialized using 'CodeIgniter\Session\Handlers\FileHandler' driver.
DEBUG - 2026-07-12 02:30:33 --> Session: Class initialized using 'CodeIgniter\Session\Handlers\FileHandler' driver.
DEBUG - 2026-07-12 02:30:34 --> Session: Class initialized using 'CodeIgniter\Session\Handlers\FileHandler' driver.
DEBUG - 2026-07-12 02:30:34 --> Session: Class initialized using 'CodeIgniter\Session\Handlers\FileHandler' driver.
DEBUG - 2026-07-12 02:30:39 --> Session: Class initialized using 'CodeIgniter\Session\Handlers\FileHandler' driver.
CRITICAL - 2026-07-12 02:30:39 --> CodeIgniter\Database\Exceptions\DatabaseException: Deletes are not allowed unless they contain a "where" or "like" clause.
[Method: POST, Route: nilaiKriteria/deleteNilaiKriteria/105]
in SYSTEMPATH\Database\BaseBuilder.php on line 2819.
 1 SYSTEMPATH\Model.php(441): CodeIgniter\Database\BaseBuilder->delete()
 2 SYSTEMPATH\BaseModel.php(1207): CodeIgniter\Model->doDelete(null, false)
 3 APPPATH\Controllers\Kriteria.php(322): CodeIgniter\BaseModel->delete(null)
 4 SYSTEMPATH\CodeIgniter.php(951): App\Controllers\Kriteria->deleteNilaiKriteria('105')
 5 SYSTEMPATH\CodeIgniter.php(497): CodeIgniter\CodeIgniter->runController(Object(App\Controllers\Kriteria))
 6 SYSTEMPATH\CodeIgniter.php(340): CodeIgniter\CodeIgniter->handleRequest(null, Object(Config\Cache), false)
 7 SYSTEMPATH\Boot.php(417): CodeIgniter\CodeIgniter->run()
 8 SYSTEMPATH\Boot.php(68): CodeIgniter\Boot::runCodeIgniter(Object(CodeIgniter\CodeIgniter))
 9 FCPATH\index.php(59): CodeIgniter\Boot::bootWeb(Object(Config\Paths))
DEBUG - 2026-07-12 02:33:22 --> Session: Class initialized using 'CodeIgniter\Session\Handlers\FileHandler' driver.
DEBUG - 2026-07-12 02:33:23 --> Session: Class initialized using 'CodeIgniter\Session\Handlers\FileHandler' driver.
DEBUG - 2026-07-12 02:33:23 --> Session: Class initialized using 'CodeIgniter\Session\Handlers\FileHandler' driver.
DEBUG - 2026-07-12 02:33:44 --> Session: Class initialized using 'CodeIgniter\Session\Handlers\FileHandler' driver.
DEBUG - 2026-07-12 02:33:45 --> Session: Class initialized using 'CodeIgniter\Session\Handlers\FileHandler' driver.
DEBUG - 2026-07-12 02:33:45 --> Session: Class initialized using 'CodeIgniter\Session\Handlers\FileHandler' driver.
DEBUG - 2026-07-12 02:34:52 --> Session: Class initialized using 'CodeIgniter\Session\Handlers\FileHandler' driver.
DEBUG - 2026-07-12 02:34:53 --> Session: Class initialized using 'CodeIgniter\Session\Handlers\FileHandler' driver.
DEBUG - 2026-07-12 02:34:53 --> Session: Class initialized using 'CodeIgniter\Session\Handlers\FileHandler' driver.
DEBUG - 2026-07-12 02:34:58 --> Session: Class initialized using 'CodeIgniter\Session\Handlers\FileHandler' driver.
CRITICAL - 2026-07-12 02:34:58 --> CodeIgniter\Database\Exceptions\DatabaseException: Deletes are not allowed unless they contain a "where" or "like" clause.
[Method: POST, Route: nilaiKriteria/deleteNilaiKriteria/105]
in SYSTEMPATH\Database\BaseBuilder.php on line 2819.
 1 SYSTEMPATH\Model.php(441): CodeIgniter\Database\BaseBuilder->delete()
 2 SYSTEMPATH\BaseModel.php(1207): CodeIgniter\Model->doDelete(null, false)
 3 APPPATH\Controllers\Kriteria.php(322): CodeIgniter\BaseModel->delete(null)
 4 SYSTEMPATH\CodeIgniter.php(951): App\Controllers\Kriteria->deleteNilaiKriteria('105')
 5 SYSTEMPATH\CodeIgniter.php(497): CodeIgniter\CodeIgniter->runController(Object(App\Controllers\Kriteria))
 6 SYSTEMPATH\CodeIgniter.php(340): CodeIgniter\CodeIgniter->handleRequest(null, Object(Config\Cache), false)
 7 SYSTEMPATH\Boot.php(417): CodeIgniter\CodeIgniter->run()
 8 SYSTEMPATH\Boot.php(68): CodeIgniter\Boot::runCodeIgniter(Object(CodeIgniter\CodeIgniter))
 9 FCPATH\index.php(59): CodeIgniter\Boot::bootWeb(Object(Config\Paths))
DEBUG - 2026-07-12 02:35:06 --> Session: Class initialized using 'CodeIgniter\Session\Handlers\FileHandler' driver.
DEBUG - 2026-07-12 02:35:06 --> Session: Class initialized using 'CodeIgniter\Session\Handlers\FileHandler' driver.
DEBUG - 2026-07-12 02:35:15 --> Session: Class initialized using 'CodeIgniter\Session\Handlers\FileHandler' driver.
DEBUG - 2026-07-12 02:35:17 --> Session: Class initialized using 'CodeIgniter\Session\Handlers\FileHandler' driver.
DEBUG - 2026-07-12 02:35:18 --> Session: Class initialized using 'CodeIgniter\Session\Handlers\FileHandler' driver.
DEBUG - 2026-07-12 02:36:37 --> Session: Class initialized using 'CodeIgniter\Session\Handlers\FileHandler' driver.
DEBUG - 2026-07-12 02:37:03 --> Session: Class initialized using 'CodeIgniter\Session\Handlers\FileHandler' driver.
DEBUG - 2026-07-12 02:37:04 --> Session: Class initialized using 'CodeIgniter\Session\Handlers\FileHandler' driver.
DEBUG - 2026-07-12 02:37:07 --> Session: Class initialized using 'CodeIgniter\Session\Handlers\FileHandler' driver.
DEBUG - 2026-07-12 02:37:31 --> Session: Class initialized using 'CodeIgniter\Session\Handlers\FileHandler' driver.
DEBUG - 2026-07-12 02:37:31 --> Session: Class initialized using 'CodeIgniter\Session\Handlers\FileHandler' driver.
DEBUG - 2026-07-12 02:37:31 --> Session: Class initialized using 'CodeIgniter\Session\Handlers\FileHandler' driver.
DEBUG - 2026-07-12 02:37:43 --> Session: Class initialized using 'CodeIgniter\Session\Handlers\FileHandler' driver.
DEBUG - 2026-07-12 02:37:44 --> Session: Class initialized using 'CodeIgniter\Session\Handlers\FileHandler' driver.
DEBUG - 2026-07-12 02:37:44 --> Session: Class initialized using 'CodeIgniter\Session\Handlers\FileHandler' driver.
DEBUG - 2026-07-12 02:38:30 --> Session: Class initialized using 'CodeIgniter\Session\Handlers\FileHandler' driver.
DEBUG - 2026-07-12 02:38:31 --> Session: Class initialized using 'CodeIgniter\Session\Handlers\FileHandler' driver.
DEBUG - 2026-07-12 02:38:31 --> Session: Class initialized using 'CodeIgniter\Session\Handlers\FileHandler' driver.
DEBUG - 2026-07-12 02:42:05 --> Session: Class initialized using 'CodeIgniter\Session\Handlers\FileHandler' driver.
DEBUG - 2026-07-12 02:42:05 --> Session: Class initialized using 'CodeIgniter\Session\Handlers\FileHandler' driver.
DEBUG - 2026-07-12 02:42:05 --> Session: Class initialized using 'CodeIgniter\Session\Handlers\FileHandler' driver.
DEBUG - 2026-07-12 02:42:10 --> Session: Class initialized using 'CodeIgniter\Session\Handlers\FileHandler' driver.
DEBUG - 2026-07-12 02:42:11 --> Session: Class initialized using 'CodeIgniter\Session\Handlers\FileHandler' driver.
DEBUG - 2026-07-12 02:42:12 --> Session: Class initialized using 'CodeIgniter\Session\Handlers\FileHandler' driver.
DEBUG - 2026-07-12 02:42:12 --> Session: Class initialized using 'CodeIgniter\Session\Handlers\FileHandler' driver.
DEBUG - 2026-07-12 02:49:28 --> Session: Class initialized using 'CodeIgniter\Session\Handlers\FileHandler' driver.
DEBUG - 2026-07-12 02:49:28 --> Session: Class initialized using 'CodeIgniter\Session\Handlers\FileHandler' driver.
DEBUG - 2026-07-12 02:49:28 --> Session: Class initialized using 'CodeIgniter\Session\Handlers\FileHandler' driver.
DEBUG - 2026-07-12 02:49:39 --> Session: Class initialized using 'CodeIgniter\Session\Handlers\FileHandler' driver.
DEBUG - 2026-07-12 02:49:39 --> Session: Class initialized using 'CodeIgniter\Session\Handlers\FileHandler' driver.
DEBUG - 2026-07-12 02:49:47 --> Session: Class initialized using 'CodeIgniter\Session\Handlers\FileHandler' driver.
DEBUG - 2026-07-12 02:49:47 --> Session: Class initialized using 'CodeIgniter\Session\Handlers\FileHandler' driver.
DEBUG - 2026-07-12 02:49:50 --> Session: Class initialized using 'CodeIgniter\Session\Handlers\FileHandler' driver.
DEBUG - 2026-07-12 02:49:55 --> Session: Class initialized using 'CodeIgniter\Session\Handlers\FileHandler' driver.
DEBUG - 2026-07-12 02:49:56 --> Session: Class initialized using 'CodeIgniter\Session\Handlers\FileHandler' driver.
DEBUG - 2026-07-12 02:50:11 --> Session: Class initialized using 'CodeIgniter\Session\Handlers\FileHandler' driver.
DEBUG - 2026-07-12 02:50:11 --> Session: Class initialized using 'CodeIgniter\Session\Handlers\FileHandler' driver.
DEBUG - 2026-07-12 02:50:13 --> Session: Class initialized using 'CodeIgniter\Session\Handlers\FileHandler' driver.
DEBUG - 2026-07-12 02:50:14 --> Session: Class initialized using 'CodeIgniter\Session\Handlers\FileHandler' driver.
DEBUG - 2026-07-12 02:50:21 --> Session: Class initialized using 'CodeIgniter\Session\Handlers\FileHandler' driver.
DEBUG - 2026-07-12 02:51:58 --> Session: Class initialized using 'CodeIgniter\Session\Handlers\FileHandler' driver.
DEBUG - 2026-07-12 02:51:59 --> Session: Class initialized using 'CodeIgniter\Session\Handlers\FileHandler' driver.
DEBUG - 2026-07-12 02:51:59 --> Session: Class initialized using 'CodeIgniter\Session\Handlers\FileHandler' driver.
DEBUG - 2026-07-12 02:54:43 --> Session: Class initialized using 'CodeIgniter\Session\Handlers\FileHandler' driver.
DEBUG - 2026-07-12 02:54:44 --> Session: Class initialized using 'CodeIgniter\Session\Handlers\FileHandler' driver.
DEBUG - 2026-07-12 02:54:44 --> Session: Class initialized using 'CodeIgniter\Session\Handlers\FileHandler' driver.
DEBUG - 2026-07-12 02:55:38 --> Session: Class initialized using 'CodeIgniter\Session\Handlers\FileHandler' driver.
DEBUG - 2026-07-12 02:55:39 --> Session: Class initialized using 'CodeIgniter\Session\Handlers\FileHandler' driver.
DEBUG - 2026-07-12 02:55:39 --> Session: Class initialized using 'CodeIgniter\Session\Handlers\FileHandler' driver.
DEBUG - 2026-07-12 02:59:41 --> Session: Class initialized using 'CodeIgniter\Session\Handlers\FileHandler' driver.
CRITICAL - 2026-07-12 02:59:41 --> ErrorException: Undefined variable $data
[Method: GET, Route: tambahNilaiKriteria]
in APPPATH\Views\Kriteria\tambahNilaiKriteria_View.php on line 78.
 1 APPPATH\Views\Kriteria\tambahNilaiKriteria_View.php(78): CodeIgniter\Debug\Exceptions->errorHandler(2, 'Undefined variable $data', 'C:\\laragon\\www\\program_bltd\\app\\Views\\Kriteria\\tambahNilaiKriteria_View.php', 78)
 2 SYSTEMPATH\View\View.php(240): include('C:\\laragon\\www\\program_bltd\\app\\Views\\Kriteria\\tambahNilaiKriteria_View.php')
 3 SYSTEMPATH\View\View.php(243): CodeIgniter\View\View->CodeIgniter\View\{closure}()
 4 SYSTEMPATH\Common.php(1250): CodeIgniter\View\View->render('kriteria/tambahNilaiKriteria_View', [], true)
 5 APPPATH\Controllers\Kriteria.php(64): view('kriteria/tambahNilaiKriteria_View', [...])
 6 SYSTEMPATH\CodeIgniter.php(951): App\Controllers\Kriteria->tambahNilaiKriteria()
 7 SYSTEMPATH\CodeIgniter.php(497): CodeIgniter\CodeIgniter->runController(Object(App\Controllers\Kriteria))
 8 SYSTEMPATH\CodeIgniter.php(340): CodeIgniter\CodeIgniter->handleRequest(null, Object(Config\Cache), false)
 9 SYSTEMPATH\Boot.php(417): CodeIgniter\CodeIgniter->run()
10 SYSTEMPATH\Boot.php(68): CodeIgniter\Boot::runCodeIgniter(Object(CodeIgniter\CodeIgniter))
11 FCPATH\index.php(59): CodeIgniter\Boot::bootWeb(Object(Config\Paths))
DEBUG - 2026-07-12 03:00:43 --> Session: Class initialized using 'CodeIgniter\Session\Handlers\FileHandler' driver.
CRITICAL - 2026-07-12 03:00:43 --> ErrorException: Undefined variable $data
[Method: GET, Route: tambahNilaiKriteria]
in APPPATH\Views\Kriteria\tambahNilaiKriteria_View.php on line 78.
 1 APPPATH\Views\Kriteria\tambahNilaiKriteria_View.php(78): CodeIgniter\Debug\Exceptions->errorHandler(2, 'Undefined variable $data', 'C:\\laragon\\www\\program_bltd\\app\\Views\\Kriteria\\tambahNilaiKriteria_View.php', 78)
 2 SYSTEMPATH\View\View.php(240): include('C:\\laragon\\www\\program_bltd\\app\\Views\\Kriteria\\tambahNilaiKriteria_View.php')
 3 SYSTEMPATH\View\View.php(243): CodeIgniter\View\View->CodeIgniter\View\{closure}()
 4 SYSTEMPATH\Common.php(1250): CodeIgniter\View\View->render('kriteria/tambahNilaiKriteria_View', [], true)
 5 APPPATH\Controllers\Kriteria.php(64): view('kriteria/tambahNilaiKriteria_View', [...])
 6 SYSTEMPATH\CodeIgniter.php(951): App\Controllers\Kriteria->tambahNilaiKriteria()
 7 SYSTEMPATH\CodeIgniter.php(497): CodeIgniter\CodeIgniter->runController(Object(App\Controllers\Kriteria))
 8 SYSTEMPATH\CodeIgniter.php(340): CodeIgniter\CodeIgniter->handleRequest(null, Object(Config\Cache), false)
 9 SYSTEMPATH\Boot.php(417): CodeIgniter\CodeIgniter->run()
10 SYSTEMPATH\Boot.php(68): CodeIgniter\Boot::runCodeIgniter(Object(CodeIgniter\CodeIgniter))
11 FCPATH\index.php(59): CodeIgniter\Boot::bootWeb(Object(Config\Paths))
DEBUG - 2026-07-12 03:02:12 --> Session: Class initialized using 'CodeIgniter\Session\Handlers\FileHandler' driver.
CRITICAL - 2026-07-12 03:02:12 --> ErrorException: Undefined array key "kriteria"
[Method: GET, Route: tambahNilaiKriteria]
in APPPATH\Views\Kriteria\tambahNilaiKriteria_View.php on line 78.
 1 APPPATH\Views\Kriteria\tambahNilaiKriteria_View.php(78): CodeIgniter\Debug\Exceptions->errorHandler(2, 'Undefined array key "kriteria"', 'C:\\laragon\\www\\program_bltd\\app\\Views\\Kriteria\\tambahNilaiKriteria_View.php', 78)
 2 SYSTEMPATH\View\View.php(240): include('C:\\laragon\\www\\program_bltd\\app\\Views\\Kriteria\\tambahNilaiKriteria_View.php')
 3 SYSTEMPATH\View\View.php(243): CodeIgniter\View\View->CodeIgniter\View\{closure}()
 4 SYSTEMPATH\Common.php(1250): CodeIgniter\View\View->render('kriteria/tambahNilaiKriteria_View', [], true)
 5 APPPATH\Controllers\Kriteria.php(64): view('kriteria/tambahNilaiKriteria_View', [...])
 6 SYSTEMPATH\CodeIgniter.php(951): App\Controllers\Kriteria->tambahNilaiKriteria()
 7 SYSTEMPATH\CodeIgniter.php(497): CodeIgniter\CodeIgniter->runController(Object(App\Controllers\Kriteria))
 8 SYSTEMPATH\CodeIgniter.php(340): CodeIgniter\CodeIgniter->handleRequest(null, Object(Config\Cache), false)
 9 SYSTEMPATH\Boot.php(417): CodeIgniter\CodeIgniter->run()
10 SYSTEMPATH\Boot.php(68): CodeIgniter\Boot::runCodeIgniter(Object(CodeIgniter\CodeIgniter))
11 FCPATH\index.php(59): CodeIgniter\Boot::bootWeb(Object(Config\Paths))
DEBUG - 2026-07-12 03:02:56 --> Session: Class initialized using 'CodeIgniter\Session\Handlers\FileHandler' driver.
DEBUG - 2026-07-12 03:02:57 --> Session: Class initialized using 'CodeIgniter\Session\Handlers\FileHandler' driver.
DEBUG - 2026-07-12 03:02:57 --> Session: Class initialized using 'CodeIgniter\Session\Handlers\FileHandler' driver.
DEBUG - 2026-07-12 03:05:22 --> Session: Class initialized using 'CodeIgniter\Session\Handlers\FileHandler' driver.
DEBUG - 2026-07-12 03:05:22 --> Session: Class initialized using 'CodeIgniter\Session\Handlers\FileHandler' driver.
DEBUG - 2026-07-12 03:05:22 --> Session: Class initialized using 'CodeIgniter\Session\Handlers\FileHandler' driver.
DEBUG - 2026-07-12 03:05:23 --> Session: Class initialized using 'CodeIgniter\Session\Handlers\FileHandler' driver.
DEBUG - 2026-07-12 03:05:23 --> Session: Class initialized using 'CodeIgniter\Session\Handlers\FileHandler' driver.
DEBUG - 2026-07-12 03:05:24 --> Session: Class initialized using 'CodeIgniter\Session\Handlers\FileHandler' driver.
DEBUG - 2026-07-12 03:05:40 --> Session: Class initialized using 'CodeIgniter\Session\Handlers\FileHandler' driver.
DEBUG - 2026-07-12 03:05:41 --> Session: Class initialized using 'CodeIgniter\Session\Handlers\FileHandler' driver.
DEBUG - 2026-07-12 03:05:41 --> Session: Class initialized using 'CodeIgniter\Session\Handlers\FileHandler' driver.
DEBUG - 2026-07-12 03:10:18 --> Session: Class initialized using 'CodeIgniter\Session\Handlers\FileHandler' driver.
DEBUG - 2026-07-12 03:10:18 --> Session: Class initialized using 'CodeIgniter\Session\Handlers\FileHandler' driver.
DEBUG - 2026-07-12 03:10:18 --> Session: Class initialized using 'CodeIgniter\Session\Handlers\FileHandler' driver.
DEBUG - 2026-07-12 03:10:42 --> Session: Class initialized using 'CodeIgniter\Session\Handlers\FileHandler' driver.
DEBUG - 2026-07-12 03:10:43 --> Session: Class initialized using 'CodeIgniter\Session\Handlers\FileHandler' driver.
DEBUG - 2026-07-12 03:10:43 --> Session: Class initialized using 'CodeIgniter\Session\Handlers\FileHandler' driver.
DEBUG - 2026-07-12 03:11:43 --> Session: Class initialized using 'CodeIgniter\Session\Handlers\FileHandler' driver.
DEBUG - 2026-07-12 03:11:44 --> Session: Class initialized using 'CodeIgniter\Session\Handlers\FileHandler' driver.
DEBUG - 2026-07-12 03:11:44 --> Session: Class initialized using 'CodeIgniter\Session\Handlers\FileHandler' driver.
DEBUG - 2026-07-12 03:13:15 --> Session: Class initialized using 'CodeIgniter\Session\Handlers\FileHandler' driver.
DEBUG - 2026-07-12 03:13:16 --> Session: Class initialized using 'CodeIgniter\Session\Handlers\FileHandler' driver.
DEBUG - 2026-07-12 03:13:16 --> Session: Class initialized using 'CodeIgniter\Session\Handlers\FileHandler' driver.
DEBUG - 2026-07-12 03:13:40 --> Session: Class initialized using 'CodeIgniter\Session\Handlers\FileHandler' driver.
DEBUG - 2026-07-12 03:13:42 --> Session: Class initialized using 'CodeIgniter\Session\Handlers\FileHandler' driver.
DEBUG - 2026-07-12 03:13:46 --> Session: Class initialized using 'CodeIgniter\Session\Handlers\FileHandler' driver.
DEBUG - 2026-07-12 03:13:48 --> Session: Class initialized using 'CodeIgniter\Session\Handlers\FileHandler' driver.
DEBUG - 2026-07-12 03:13:48 --> Session: Class initialized using 'CodeIgniter\Session\Handlers\FileHandler' driver.
DEBUG - 2026-07-12 03:13:48 --> Session: Class initialized using 'CodeIgniter\Session\Handlers\FileHandler' driver.
DEBUG - 2026-07-12 03:13:59 --> Session: Class initialized using 'CodeIgniter\Session\Handlers\FileHandler' driver.
DEBUG - 2026-07-12 03:14:00 --> Session: Class initialized using 'CodeIgniter\Session\Handlers\FileHandler' driver.
DEBUG - 2026-07-12 03:14:08 --> Session: Class initialized using 'CodeIgniter\Session\Handlers\FileHandler' driver.
DEBUG - 2026-07-12 03:14:17 --> Session: Class initialized using 'CodeIgniter\Session\Handlers\FileHandler' driver.
DEBUG - 2026-07-12 03:20:01 --> Session: Class initialized using 'CodeIgniter\Session\Handlers\FileHandler' driver.
DEBUG - 2026-07-12 03:20:55 --> Session: Class initialized using 'CodeIgniter\Session\Handlers\FileHandler' driver.
DEBUG - 2026-07-12 03:22:39 --> Session: Class initialized using 'CodeIgniter\Session\Handlers\FileHandler' driver.
DEBUG - 2026-07-12 03:23:15 --> Session: Class initialized using 'CodeIgniter\Session\Handlers\FileHandler' driver.
DEBUG - 2026-07-12 03:23:19 --> Session: Class initialized using 'CodeIgniter\Session\Handlers\FileHandler' driver.
DEBUG - 2026-07-12 03:23:27 --> Session: Class initialized using 'CodeIgniter\Session\Handlers\FileHandler' driver.
DEBUG - 2026-07-12 03:23:39 --> Session: Class initialized using 'CodeIgniter\Session\Handlers\FileHandler' driver.
DEBUG - 2026-07-12 03:27:40 --> Session: Class initialized using 'CodeIgniter\Session\Handlers\FileHandler' driver.
DEBUG - 2026-07-12 03:27:41 --> Session: Class initialized using 'CodeIgniter\Session\Handlers\FileHandler' driver.
DEBUG - 2026-07-12 03:28:42 --> Session: Class initialized using 'CodeIgniter\Session\Handlers\FileHandler' driver.
DEBUG - 2026-07-12 03:29:18 --> Session: Class initialized using 'CodeIgniter\Session\Handlers\FileHandler' driver.
DEBUG - 2026-07-12 03:29:19 --> Session: Class initialized using 'CodeIgniter\Session\Handlers\FileHandler' driver.
DEBUG - 2026-07-12 03:29:31 --> Session: Class initialized using 'CodeIgniter\Session\Handlers\FileHandler' driver.
DEBUG - 2026-07-12 03:30:07 --> Session: Class initialized using 'CodeIgniter\Session\Handlers\FileHandler' driver.
DEBUG - 2026-07-12 03:30:30 --> Session: Class initialized using 'CodeIgniter\Session\Handlers\FileHandler' driver.
DEBUG - 2026-07-12 03:32:45 --> Session: Class initialized using 'CodeIgniter\Session\Handlers\FileHandler' driver.
DEBUG - 2026-07-12 03:32:57 --> Session: Class initialized using 'CodeIgniter\Session\Handlers\FileHandler' driver.
DEBUG - 2026-07-12 03:33:46 --> Session: Class initialized using 'CodeIgniter\Session\Handlers\FileHandler' driver.
CRITICAL - 2026-07-12 03:34:59 --> ParseError: syntax error, unexpected token "public", expecting "," or ";"
[Method: GET, Route: tambahCalonTrining/getCalonTraining]
in APPPATH\Controllers\Training.php on line 17.
 1 SYSTEMPATH\Autoloader\Autoloader.php(295): CodeIgniter\Autoloader\Autoloader->includeFile('C:\\laragon\\www\\program_bltd\\app\\Controllers\\Training.php')
 2 SYSTEMPATH\Autoloader\Autoloader.php(271): CodeIgniter\Autoloader\Autoloader->loadInNamespace('App\\Controllers\\Training')
 3 [internal function]: CodeIgniter\Autoloader\Autoloader->loadClass('App\\Controllers\\Training')
 4 SYSTEMPATH\Router\Router.php(792): class_exists('\\App\\Controllers\\Training')
 5 SYSTEMPATH\Router\Router.php(230): CodeIgniter\Router\Router->processRouteAttributes()
 6 SYSTEMPATH\CodeIgniter.php(829): CodeIgniter\Router\Router->handle('tambahCalonTrining/getCalonTraining')
 7 SYSTEMPATH\CodeIgniter.php(441): CodeIgniter\CodeIgniter->tryToRouteIt(Object(CodeIgniter\Router\RouteCollection))
 8 SYSTEMPATH\CodeIgniter.php(340): CodeIgniter\CodeIgniter->handleRequest(null, Object(Config\Cache), false)
 9 SYSTEMPATH\Boot.php(417): CodeIgniter\CodeIgniter->run()
10 SYSTEMPATH\Boot.php(68): CodeIgniter\Boot::runCodeIgniter(Object(CodeIgniter\CodeIgniter))
11 FCPATH\index.php(59): CodeIgniter\Boot::bootWeb(Object(Config\Paths))
DEBUG - 2026-07-12 03:35:10 --> Session: Class initialized using 'CodeIgniter\Session\Handlers\FileHandler' driver.
DEBUG - 2026-07-12 03:35:12 --> Session: Class initialized using 'CodeIgniter\Session\Handlers\FileHandler' driver.
DEBUG - 2026-07-12 03:36:15 --> Session: Class initialized using 'CodeIgniter\Session\Handlers\FileHandler' driver.
DEBUG - 2026-07-12 03:37:10 --> Session: Class initialized using 'CodeIgniter\Session\Handlers\FileHandler' driver.
DEBUG - 2026-07-12 03:38:33 --> Session: Class initialized using 'CodeIgniter\Session\Handlers\FileHandler' driver.
DEBUG - 2026-07-12 03:38:44 --> Session: Class initialized using 'CodeIgniter\Session\Handlers\FileHandler' driver.
DEBUG - 2026-07-12 03:38:46 --> Session: Class initialized using 'CodeIgniter\Session\Handlers\FileHandler' driver.
DEBUG - 2026-07-12 03:39:13 --> Session: Class initialized using 'CodeIgniter\Session\Handlers\FileHandler' driver.
DEBUG - 2026-07-12 03:39:14 --> Session: Class initialized using 'CodeIgniter\Session\Handlers\FileHandler' driver.
DEBUG - 2026-07-12 03:39:20 --> Session: Class initialized using 'CodeIgniter\Session\Handlers\FileHandler' driver.
DEBUG - 2026-07-12 03:39:21 --> Session: Class initialized using 'CodeIgniter\Session\Handlers\FileHandler' driver.
DEBUG - 2026-07-12 03:42:50 --> Session: Class initialized using 'CodeIgniter\Session\Handlers\FileHandler' driver.
DEBUG - 2026-07-12 03:42:50 --> Session: Class initialized using 'CodeIgniter\Session\Handlers\FileHandler' driver.
ERROR - 2026-07-12 03:42:50 --> You have an error in your SQL syntax; check the manual that corresponds to your MySQL server version for the right syntax to use near '.`alamat`
FROM `keluarga` `k`
JOIN `detail_anggota` `da` ON `da`.`id_kk` = `k`.`' at line 1
in SYSTEMPATH\Database\MySQLi\Connection.php on line 300.
 1 SYSTEMPATH\Database\MySQLi\Connection.php(300): mysqli->query('SELECT `k`.`id_kk`, `k`.`no_kk`, `k`.`jumlah_anggota`, `da`.`nama`, `da`.`hubungan_keluarga` `k`.`alamat`
FROM `keluarga` `k`
JOIN `detail_anggota` `da` ON `da`.`id_kk` = `k`.`id_kk`
ORDER BY `k`.`no_kk` ASC', 0)
 2 SYSTEMPATH\Database\BaseConnection.php(910): CodeIgniter\Database\MySQLi\Connection->execute('SELECT `k`.`id_kk`, `k`.`no_kk`, `k`.`jumlah_anggota`, `da`.`nama`, `da`.`hubungan_keluarga` `k`.`alamat`
FROM `keluarga` `k`
JOIN `detail_anggota` `da` ON `da`.`id_kk` = `k`.`id_kk`
ORDER BY `k`.`no_kk` ASC')
 3 SYSTEMPATH\Database\BaseConnection.php(827): CodeIgniter\Database\BaseConnection->simpleQuery('SELECT `k`.`id_kk`, `k`.`no_kk`, `k`.`jumlah_anggota`, `da`.`nama`, `da`.`hubungan_keluarga` `k`.`alamat`
FROM `keluarga` `k`
JOIN `detail_anggota` `da` ON `da`.`id_kk` = `k`.`id_kk`
ORDER BY `k`.`no_kk` ASC')
 4 SYSTEMPATH\Database\BaseBuilder.php(1649): CodeIgniter\Database\BaseConnection->query('SELECT `k`.`id_kk`, `k`.`no_kk`, `k`.`jumlah_anggota`, `da`.`nama`, `da`.`hubungan_keluarga` `k`.`alamat`
FROM `keluarga` `k`
JOIN `detail_anggota` `da` ON `da`.`id_kk` = `k`.`id_kk`
ORDER BY `k`.`no_kk` ASC', [], false)
 5 APPPATH\Models\KeluargaModel.php(148): CodeIgniter\Database\BaseBuilder->get()
 6 APPPATH\Controllers\Training.php(61): App\Models\KeluargaModel->getDataCalonTraining(null)
 7 SYSTEMPATH\CodeIgniter.php(951): App\Controllers\Training->getCalonTraining()
 8 SYSTEMPATH\CodeIgniter.php(497): CodeIgniter\CodeIgniter->runController(Object(App\Controllers\Training))
 9 SYSTEMPATH\CodeIgniter.php(340): CodeIgniter\CodeIgniter->handleRequest(null, Object(Config\Cache), false)
10 SYSTEMPATH\Boot.php(417): CodeIgniter\CodeIgniter->run()
11 SYSTEMPATH\Boot.php(68): CodeIgniter\Boot::runCodeIgniter(Object(CodeIgniter\CodeIgniter))
12 FCPATH\index.php(59): CodeIgniter\Boot::bootWeb(Object(Config\Paths))
CRITICAL - 2026-07-12 03:42:50 --> CodeIgniter\Database\Exceptions\DatabaseException: You have an error in your SQL syntax; check the manual that corresponds to your MySQL server version for the right syntax to use near '.`alamat`
FROM `keluarga` `k`
JOIN `detail_anggota` `da` ON `da`.`id_kk` = `k`.`' at line 1
[Method: GET, Route: tambahCalonTraining/getCalonTraining]
in SYSTEMPATH\Database\BaseConnection.php on line 865.
 1 SYSTEMPATH\Database\BaseBuilder.php(1649): CodeIgniter\Database\BaseConnection->query('SELECT `k`.`id_kk`, `k`.`no_kk`, `k`.`jumlah_anggota`, `da`.`nama`, `da`.`hubungan_keluarga` `k`.`alamat`
FROM `keluarga` `k`
JOIN `detail_anggota` `da` ON `da`.`id_kk` = `k`.`id_kk`
ORDER BY `k`.`no_kk` ASC', [], false)
 2 APPPATH\Models\KeluargaModel.php(148): CodeIgniter\Database\BaseBuilder->get()
 3 APPPATH\Controllers\Training.php(61): App\Models\KeluargaModel->getDataCalonTraining(null)
 4 SYSTEMPATH\CodeIgniter.php(951): App\Controllers\Training->getCalonTraining()
 5 SYSTEMPATH\CodeIgniter.php(497): CodeIgniter\CodeIgniter->runController(Object(App\Controllers\Training))
 6 SYSTEMPATH\CodeIgniter.php(340): CodeIgniter\CodeIgniter->handleRequest(null, Object(Config\Cache), false)
 7 SYSTEMPATH\Boot.php(417): CodeIgniter\CodeIgniter->run()
 8 SYSTEMPATH\Boot.php(68): CodeIgniter\Boot::runCodeIgniter(Object(CodeIgniter\CodeIgniter))
 9 FCPATH\index.php(59): CodeIgniter\Boot::bootWeb(Object(Config\Paths))
CRITICAL - 2026-07-12 03:42:50 --> [Caused by] CodeIgniter\Database\Exceptions\DatabaseException: You have an error in your SQL syntax; check the manual that corresponds to your MySQL server version for the right syntax to use near '.`alamat`
FROM `keluarga` `k`
JOIN `detail_anggota` `da` ON `da`.`id_kk` = `k`.`' at line 1
in SYSTEMPATH\Database\MySQLi\Connection.php on line 310.
 1 SYSTEMPATH\Database\BaseConnection.php(910): CodeIgniter\Database\MySQLi\Connection->execute('SELECT `k`.`id_kk`, `k`.`no_kk`, `k`.`jumlah_anggota`, `da`.`nama`, `da`.`hubungan_keluarga` `k`.`alamat`
FROM `keluarga` `k`
JOIN `detail_anggota` `da` ON `da`.`id_kk` = `k`.`id_kk`
ORDER BY `k`.`no_kk` ASC')
 2 SYSTEMPATH\Database\BaseConnection.php(827): CodeIgniter\Database\BaseConnection->simpleQuery('SELECT `k`.`id_kk`, `k`.`no_kk`, `k`.`jumlah_anggota`, `da`.`nama`, `da`.`hubungan_keluarga` `k`.`alamat`
FROM `keluarga` `k`
JOIN `detail_anggota` `da` ON `da`.`id_kk` = `k`.`id_kk`
ORDER BY `k`.`no_kk` ASC')
 3 SYSTEMPATH\Database\BaseBuilder.php(1649): CodeIgniter\Database\BaseConnection->query('SELECT `k`.`id_kk`, `k`.`no_kk`, `k`.`jumlah_anggota`, `da`.`nama`, `da`.`hubungan_keluarga` `k`.`alamat`
FROM `keluarga` `k`
JOIN `detail_anggota` `da` ON `da`.`id_kk` = `k`.`id_kk`
ORDER BY `k`.`no_kk` ASC', [], false)
 4 APPPATH\Models\KeluargaModel.php(148): CodeIgniter\Database\BaseBuilder->get()
 5 APPPATH\Controllers\Training.php(61): App\Models\KeluargaModel->getDataCalonTraining(null)
 6 SYSTEMPATH\CodeIgniter.php(951): App\Controllers\Training->getCalonTraining()
 7 SYSTEMPATH\CodeIgniter.php(497): CodeIgniter\CodeIgniter->runController(Object(App\Controllers\Training))
 8 SYSTEMPATH\CodeIgniter.php(340): CodeIgniter\CodeIgniter->handleRequest(null, Object(Config\Cache), false)
 9 SYSTEMPATH\Boot.php(417): CodeIgniter\CodeIgniter->run()
10 SYSTEMPATH\Boot.php(68): CodeIgniter\Boot::runCodeIgniter(Object(CodeIgniter\CodeIgniter))
11 FCPATH\index.php(59): CodeIgniter\Boot::bootWeb(Object(Config\Paths))
CRITICAL - 2026-07-12 03:42:50 --> [Caused by] mysqli_sql_exception: You have an error in your SQL syntax; check the manual that corresponds to your MySQL server version for the right syntax to use near '.`alamat`
FROM `keluarga` `k`
JOIN `detail_anggota` `da` ON `da`.`id_kk` = `k`.`' at line 1
in SYSTEMPATH\Database\MySQLi\Connection.php on line 300.
 1 SYSTEMPATH\Database\MySQLi\Connection.php(300): mysqli->query('SELECT `k`.`id_kk`, `k`.`no_kk`, `k`.`jumlah_anggota`, `da`.`nama`, `da`.`hubungan_keluarga` `k`.`alamat`
FROM `keluarga` `k`
JOIN `detail_anggota` `da` ON `da`.`id_kk` = `k`.`id_kk`
ORDER BY `k`.`no_kk` ASC', 0)
 2 SYSTEMPATH\Database\BaseConnection.php(910): CodeIgniter\Database\MySQLi\Connection->execute('SELECT `k`.`id_kk`, `k`.`no_kk`, `k`.`jumlah_anggota`, `da`.`nama`, `da`.`hubungan_keluarga` `k`.`alamat`
FROM `keluarga` `k`
JOIN `detail_anggota` `da` ON `da`.`id_kk` = `k`.`id_kk`
ORDER BY `k`.`no_kk` ASC')
 3 SYSTEMPATH\Database\BaseConnection.php(827): CodeIgniter\Database\BaseConnection->simpleQuery('SELECT `k`.`id_kk`, `k`.`no_kk`, `k`.`jumlah_anggota`, `da`.`nama`, `da`.`hubungan_keluarga` `k`.`alamat`
FROM `keluarga` `k`
JOIN `detail_anggota` `da` ON `da`.`id_kk` = `k`.`id_kk`
ORDER BY `k`.`no_kk` ASC')
 4 SYSTEMPATH\Database\BaseBuilder.php(1649): CodeIgniter\Database\BaseConnection->query('SELECT `k`.`id_kk`, `k`.`no_kk`, `k`.`jumlah_anggota`, `da`.`nama`, `da`.`hubungan_keluarga` `k`.`alamat`
FROM `keluarga` `k`
JOIN `detail_anggota` `da` ON `da`.`id_kk` = `k`.`id_kk`
ORDER BY `k`.`no_kk` ASC', [], false)
 5 APPPATH\Models\KeluargaModel.php(148): CodeIgniter\Database\BaseBuilder->get()
 6 APPPATH\Controllers\Training.php(61): App\Models\KeluargaModel->getDataCalonTraining(null)
 7 SYSTEMPATH\CodeIgniter.php(951): App\Controllers\Training->getCalonTraining()
 8 SYSTEMPATH\CodeIgniter.php(497): CodeIgniter\CodeIgniter->runController(Object(App\Controllers\Training))
 9 SYSTEMPATH\CodeIgniter.php(340): CodeIgniter\CodeIgniter->handleRequest(null, Object(Config\Cache), false)
10 SYSTEMPATH\Boot.php(417): CodeIgniter\CodeIgniter->run()
11 SYSTEMPATH\Boot.php(68): CodeIgniter\Boot::runCodeIgniter(Object(CodeIgniter\CodeIgniter))
12 FCPATH\index.php(59): CodeIgniter\Boot::bootWeb(Object(Config\Paths))
DEBUG - 2026-07-12 03:43:38 --> Session: Class initialized using 'CodeIgniter\Session\Handlers\FileHandler' driver.
DEBUG - 2026-07-12 03:43:38 --> Session: Class initialized using 'CodeIgniter\Session\Handlers\FileHandler' driver.
ERROR - 2026-07-12 03:43:38 --> You have an error in your SQL syntax; check the manual that corresponds to your MySQL server version for the right syntax to use near '.`alamat`
FROM `keluarga` `k`
JOIN `detail_anggota` `da` ON `da`.`id_kk` = `k`.`' at line 1
in SYSTEMPATH\Database\MySQLi\Connection.php on line 300.
 1 SYSTEMPATH\Database\MySQLi\Connection.php(300): mysqli->query('SELECT `k`.`id_kk`, `k`.`no_kk`, `k`.`jumlah_anggota`, `da`.`nama`, `da`.`hubungan_keluarga` `k`.`alamat`
FROM `keluarga` `k`
JOIN `detail_anggota` `da` ON `da`.`id_kk` = `k`.`id_kk`
ORDER BY `k`.`no_kk` ASC', 0)
 2 SYSTEMPATH\Database\BaseConnection.php(910): CodeIgniter\Database\MySQLi\Connection->execute('SELECT `k`.`id_kk`, `k`.`no_kk`, `k`.`jumlah_anggota`, `da`.`nama`, `da`.`hubungan_keluarga` `k`.`alamat`
FROM `keluarga` `k`
JOIN `detail_anggota` `da` ON `da`.`id_kk` = `k`.`id_kk`
ORDER BY `k`.`no_kk` ASC')
 3 SYSTEMPATH\Database\BaseConnection.php(827): CodeIgniter\Database\BaseConnection->simpleQuery('SELECT `k`.`id_kk`, `k`.`no_kk`, `k`.`jumlah_anggota`, `da`.`nama`, `da`.`hubungan_keluarga` `k`.`alamat`
FROM `keluarga` `k`
JOIN `detail_anggota` `da` ON `da`.`id_kk` = `k`.`id_kk`
ORDER BY `k`.`no_kk` ASC')
 4 SYSTEMPATH\Database\BaseBuilder.php(1649): CodeIgniter\Database\BaseConnection->query('SELECT `k`.`id_kk`, `k`.`no_kk`, `k`.`jumlah_anggota`, `da`.`nama`, `da`.`hubungan_keluarga` `k`.`alamat`
FROM `keluarga` `k`
JOIN `detail_anggota` `da` ON `da`.`id_kk` = `k`.`id_kk`
ORDER BY `k`.`no_kk` ASC', [], false)
 5 APPPATH\Models\KeluargaModel.php(148): CodeIgniter\Database\BaseBuilder->get()
 6 APPPATH\Controllers\Training.php(61): App\Models\KeluargaModel->getDataCalonTraining(null)
 7 SYSTEMPATH\CodeIgniter.php(951): App\Controllers\Training->getCalonTraining()
 8 SYSTEMPATH\CodeIgniter.php(497): CodeIgniter\CodeIgniter->runController(Object(App\Controllers\Training))
 9 SYSTEMPATH\CodeIgniter.php(340): CodeIgniter\CodeIgniter->handleRequest(null, Object(Config\Cache), false)
10 SYSTEMPATH\Boot.php(417): CodeIgniter\CodeIgniter->run()
11 SYSTEMPATH\Boot.php(68): CodeIgniter\Boot::runCodeIgniter(Object(CodeIgniter\CodeIgniter))
12 FCPATH\index.php(59): CodeIgniter\Boot::bootWeb(Object(Config\Paths))
CRITICAL - 2026-07-12 03:43:38 --> CodeIgniter\Database\Exceptions\DatabaseException: You have an error in your SQL syntax; check the manual that corresponds to your MySQL server version for the right syntax to use near '.`alamat`
FROM `keluarga` `k`
JOIN `detail_anggota` `da` ON `da`.`id_kk` = `k`.`' at line 1
[Method: GET, Route: tambahCalonTraining/getCalonTraining]
in SYSTEMPATH\Database\BaseConnection.php on line 865.
 1 SYSTEMPATH\Database\BaseBuilder.php(1649): CodeIgniter\Database\BaseConnection->query('SELECT `k`.`id_kk`, `k`.`no_kk`, `k`.`jumlah_anggota`, `da`.`nama`, `da`.`hubungan_keluarga` `k`.`alamat`
FROM `keluarga` `k`
JOIN `detail_anggota` `da` ON `da`.`id_kk` = `k`.`id_kk`
ORDER BY `k`.`no_kk` ASC', [], false)
 2 APPPATH\Models\KeluargaModel.php(148): CodeIgniter\Database\BaseBuilder->get()
 3 APPPATH\Controllers\Training.php(61): App\Models\KeluargaModel->getDataCalonTraining(null)
 4 SYSTEMPATH\CodeIgniter.php(951): App\Controllers\Training->getCalonTraining()
 5 SYSTEMPATH\CodeIgniter.php(497): CodeIgniter\CodeIgniter->runController(Object(App\Controllers\Training))
 6 SYSTEMPATH\CodeIgniter.php(340): CodeIgniter\CodeIgniter->handleRequest(null, Object(Config\Cache), false)
 7 SYSTEMPATH\Boot.php(417): CodeIgniter\CodeIgniter->run()
 8 SYSTEMPATH\Boot.php(68): CodeIgniter\Boot::runCodeIgniter(Object(CodeIgniter\CodeIgniter))
 9 FCPATH\index.php(59): CodeIgniter\Boot::bootWeb(Object(Config\Paths))
CRITICAL - 2026-07-12 03:43:38 --> [Caused by] CodeIgniter\Database\Exceptions\DatabaseException: You have an error in your SQL syntax; check the manual that corresponds to your MySQL server version for the right syntax to use near '.`alamat`
FROM `keluarga` `k`
JOIN `detail_anggota` `da` ON `da`.`id_kk` = `k`.`' at line 1
in SYSTEMPATH\Database\MySQLi\Connection.php on line 310.
 1 SYSTEMPATH\Database\BaseConnection.php(910): CodeIgniter\Database\MySQLi\Connection->execute('SELECT `k`.`id_kk`, `k`.`no_kk`, `k`.`jumlah_anggota`, `da`.`nama`, `da`.`hubungan_keluarga` `k`.`alamat`
FROM `keluarga` `k`
JOIN `detail_anggota` `da` ON `da`.`id_kk` = `k`.`id_kk`
ORDER BY `k`.`no_kk` ASC')
 2 SYSTEMPATH\Database\BaseConnection.php(827): CodeIgniter\Database\BaseConnection->simpleQuery('SELECT `k`.`id_kk`, `k`.`no_kk`, `k`.`jumlah_anggota`, `da`.`nama`, `da`.`hubungan_keluarga` `k`.`alamat`
FROM `keluarga` `k`
JOIN `detail_anggota` `da` ON `da`.`id_kk` = `k`.`id_kk`
ORDER BY `k`.`no_kk` ASC')
 3 SYSTEMPATH\Database\BaseBuilder.php(1649): CodeIgniter\Database\BaseConnection->query('SELECT `k`.`id_kk`, `k`.`no_kk`, `k`.`jumlah_anggota`, `da`.`nama`, `da`.`hubungan_keluarga` `k`.`alamat`
FROM `keluarga` `k`
JOIN `detail_anggota` `da` ON `da`.`id_kk` = `k`.`id_kk`
ORDER BY `k`.`no_kk` ASC', [], false)
 4 APPPATH\Models\KeluargaModel.php(148): CodeIgniter\Database\BaseBuilder->get()
 5 APPPATH\Controllers\Training.php(61): App\Models\KeluargaModel->getDataCalonTraining(null)
 6 SYSTEMPATH\CodeIgniter.php(951): App\Controllers\Training->getCalonTraining()
 7 SYSTEMPATH\CodeIgniter.php(497): CodeIgniter\CodeIgniter->runController(Object(App\Controllers\Training))
 8 SYSTEMPATH\CodeIgniter.php(340): CodeIgniter\CodeIgniter->handleRequest(null, Object(Config\Cache), false)
 9 SYSTEMPATH\Boot.php(417): CodeIgniter\CodeIgniter->run()
10 SYSTEMPATH\Boot.php(68): CodeIgniter\Boot::runCodeIgniter(Object(CodeIgniter\CodeIgniter))
11 FCPATH\index.php(59): CodeIgniter\Boot::bootWeb(Object(Config\Paths))
CRITICAL - 2026-07-12 03:43:38 --> [Caused by] mysqli_sql_exception: You have an error in your SQL syntax; check the manual that corresponds to your MySQL server version for the right syntax to use near '.`alamat`
FROM `keluarga` `k`
JOIN `detail_anggota` `da` ON `da`.`id_kk` = `k`.`' at line 1
in SYSTEMPATH\Database\MySQLi\Connection.php on line 300.
 1 SYSTEMPATH\Database\MySQLi\Connection.php(300): mysqli->query('SELECT `k`.`id_kk`, `k`.`no_kk`, `k`.`jumlah_anggota`, `da`.`nama`, `da`.`hubungan_keluarga` `k`.`alamat`
FROM `keluarga` `k`
JOIN `detail_anggota` `da` ON `da`.`id_kk` = `k`.`id_kk`
ORDER BY `k`.`no_kk` ASC', 0)
 2 SYSTEMPATH\Database\BaseConnection.php(910): CodeIgniter\Database\MySQLi\Connection->execute('SELECT `k`.`id_kk`, `k`.`no_kk`, `k`.`jumlah_anggota`, `da`.`nama`, `da`.`hubungan_keluarga` `k`.`alamat`
FROM `keluarga` `k`
JOIN `detail_anggota` `da` ON `da`.`id_kk` = `k`.`id_kk`
ORDER BY `k`.`no_kk` ASC')
 3 SYSTEMPATH\Database\BaseConnection.php(827): CodeIgniter\Database\BaseConnection->simpleQuery('SELECT `k`.`id_kk`, `k`.`no_kk`, `k`.`jumlah_anggota`, `da`.`nama`, `da`.`hubungan_keluarga` `k`.`alamat`
FROM `keluarga` `k`
JOIN `detail_anggota` `da` ON `da`.`id_kk` = `k`.`id_kk`
ORDER BY `k`.`no_kk` ASC')
 4 SYSTEMPATH\Database\BaseBuilder.php(1649): CodeIgniter\Database\BaseConnection->query('SELECT `k`.`id_kk`, `k`.`no_kk`, `k`.`jumlah_anggota`, `da`.`nama`, `da`.`hubungan_keluarga` `k`.`alamat`
FROM `keluarga` `k`
JOIN `detail_anggota` `da` ON `da`.`id_kk` = `k`.`id_kk`
ORDER BY `k`.`no_kk` ASC', [], false)
 5 APPPATH\Models\KeluargaModel.php(148): CodeIgniter\Database\BaseBuilder->get()
 6 APPPATH\Controllers\Training.php(61): App\Models\KeluargaModel->getDataCalonTraining(null)
 7 SYSTEMPATH\CodeIgniter.php(951): App\Controllers\Training->getCalonTraining()
 8 SYSTEMPATH\CodeIgniter.php(497): CodeIgniter\CodeIgniter->runController(Object(App\Controllers\Training))
 9 SYSTEMPATH\CodeIgniter.php(340): CodeIgniter\CodeIgniter->handleRequest(null, Object(Config\Cache), false)
10 SYSTEMPATH\Boot.php(417): CodeIgniter\CodeIgniter->run()
11 SYSTEMPATH\Boot.php(68): CodeIgniter\Boot::runCodeIgniter(Object(CodeIgniter\CodeIgniter))
12 FCPATH\index.php(59): CodeIgniter\Boot::bootWeb(Object(Config\Paths))
DEBUG - 2026-07-12 03:43:47 --> Session: Class initialized using 'CodeIgniter\Session\Handlers\FileHandler' driver.
DEBUG - 2026-07-12 03:43:48 --> Session: Class initialized using 'CodeIgniter\Session\Handlers\FileHandler' driver.
ERROR - 2026-07-12 03:43:48 --> You have an error in your SQL syntax; check the manual that corresponds to your MySQL server version for the right syntax to use near '.`alamat`
FROM `keluarga` `k`
JOIN `detail_anggota` `da` ON `da`.`id_kk` = `k`.`' at line 1
in SYSTEMPATH\Database\MySQLi\Connection.php on line 300.
 1 SYSTEMPATH\Database\MySQLi\Connection.php(300): mysqli->query('SELECT `k`.`id_kk`, `k`.`no_kk`, `k`.`jumlah_anggota`, `da`.`nama`, `da`.`hubungan_keluarga` `k`.`alamat`
FROM `keluarga` `k`
JOIN `detail_anggota` `da` ON `da`.`id_kk` = `k`.`id_kk`
ORDER BY `k`.`no_kk` ASC', 0)
 2 SYSTEMPATH\Database\BaseConnection.php(910): CodeIgniter\Database\MySQLi\Connection->execute('SELECT `k`.`id_kk`, `k`.`no_kk`, `k`.`jumlah_anggota`, `da`.`nama`, `da`.`hubungan_keluarga` `k`.`alamat`
FROM `keluarga` `k`
JOIN `detail_anggota` `da` ON `da`.`id_kk` = `k`.`id_kk`
ORDER BY `k`.`no_kk` ASC')
 3 SYSTEMPATH\Database\BaseConnection.php(827): CodeIgniter\Database\BaseConnection->simpleQuery('SELECT `k`.`id_kk`, `k`.`no_kk`, `k`.`jumlah_anggota`, `da`.`nama`, `da`.`hubungan_keluarga` `k`.`alamat`
FROM `keluarga` `k`
JOIN `detail_anggota` `da` ON `da`.`id_kk` = `k`.`id_kk`
ORDER BY `k`.`no_kk` ASC')
 4 SYSTEMPATH\Database\BaseBuilder.php(1649): CodeIgniter\Database\BaseConnection->query('SELECT `k`.`id_kk`, `k`.`no_kk`, `k`.`jumlah_anggota`, `da`.`nama`, `da`.`hubungan_keluarga` `k`.`alamat`
FROM `keluarga` `k`
JOIN `detail_anggota` `da` ON `da`.`id_kk` = `k`.`id_kk`
ORDER BY `k`.`no_kk` ASC', [], false)
 5 APPPATH\Models\KeluargaModel.php(148): CodeIgniter\Database\BaseBuilder->get()
 6 APPPATH\Controllers\Training.php(61): App\Models\KeluargaModel->getDataCalonTraining(null)
 7 SYSTEMPATH\CodeIgniter.php(951): App\Controllers\Training->getCalonTraining()
 8 SYSTEMPATH\CodeIgniter.php(497): CodeIgniter\CodeIgniter->runController(Object(App\Controllers\Training))
 9 SYSTEMPATH\CodeIgniter.php(340): CodeIgniter\CodeIgniter->handleRequest(null, Object(Config\Cache), false)
10 SYSTEMPATH\Boot.php(417): CodeIgniter\CodeIgniter->run()
11 SYSTEMPATH\Boot.php(68): CodeIgniter\Boot::runCodeIgniter(Object(CodeIgniter\CodeIgniter))
12 FCPATH\index.php(59): CodeIgniter\Boot::bootWeb(Object(Config\Paths))
CRITICAL - 2026-07-12 03:43:48 --> CodeIgniter\Database\Exceptions\DatabaseException: You have an error in your SQL syntax; check the manual that corresponds to your MySQL server version for the right syntax to use near '.`alamat`
FROM `keluarga` `k`
JOIN `detail_anggota` `da` ON `da`.`id_kk` = `k`.`' at line 1
[Method: GET, Route: tambahCalonTraining/getCalonTraining]
in SYSTEMPATH\Database\BaseConnection.php on line 865.
 1 SYSTEMPATH\Database\BaseBuilder.php(1649): CodeIgniter\Database\BaseConnection->query('SELECT `k`.`id_kk`, `k`.`no_kk`, `k`.`jumlah_anggota`, `da`.`nama`, `da`.`hubungan_keluarga` `k`.`alamat`
FROM `keluarga` `k`
JOIN `detail_anggota` `da` ON `da`.`id_kk` = `k`.`id_kk`
ORDER BY `k`.`no_kk` ASC', [], false)
 2 APPPATH\Models\KeluargaModel.php(148): CodeIgniter\Database\BaseBuilder->get()
 3 APPPATH\Controllers\Training.php(61): App\Models\KeluargaModel->getDataCalonTraining(null)
 4 SYSTEMPATH\CodeIgniter.php(951): App\Controllers\Training->getCalonTraining()
 5 SYSTEMPATH\CodeIgniter.php(497): CodeIgniter\CodeIgniter->runController(Object(App\Controllers\Training))
 6 SYSTEMPATH\CodeIgniter.php(340): CodeIgniter\CodeIgniter->handleRequest(null, Object(Config\Cache), false)
 7 SYSTEMPATH\Boot.php(417): CodeIgniter\CodeIgniter->run()
 8 SYSTEMPATH\Boot.php(68): CodeIgniter\Boot::runCodeIgniter(Object(CodeIgniter\CodeIgniter))
 9 FCPATH\index.php(59): CodeIgniter\Boot::bootWeb(Object(Config\Paths))
CRITICAL - 2026-07-12 03:43:48 --> [Caused by] CodeIgniter\Database\Exceptions\DatabaseException: You have an error in your SQL syntax; check the manual that corresponds to your MySQL server version for the right syntax to use near '.`alamat`
FROM `keluarga` `k`
JOIN `detail_anggota` `da` ON `da`.`id_kk` = `k`.`' at line 1
in SYSTEMPATH\Database\MySQLi\Connection.php on line 310.
 1 SYSTEMPATH\Database\BaseConnection.php(910): CodeIgniter\Database\MySQLi\Connection->execute('SELECT `k`.`id_kk`, `k`.`no_kk`, `k`.`jumlah_anggota`, `da`.`nama`, `da`.`hubungan_keluarga` `k`.`alamat`
FROM `keluarga` `k`
JOIN `detail_anggota` `da` ON `da`.`id_kk` = `k`.`id_kk`
ORDER BY `k`.`no_kk` ASC')
 2 SYSTEMPATH\Database\BaseConnection.php(827): CodeIgniter\Database\BaseConnection->simpleQuery('SELECT `k`.`id_kk`, `k`.`no_kk`, `k`.`jumlah_anggota`, `da`.`nama`, `da`.`hubungan_keluarga` `k`.`alamat`
FROM `keluarga` `k`
JOIN `detail_anggota` `da` ON `da`.`id_kk` = `k`.`id_kk`
ORDER BY `k`.`no_kk` ASC')
 3 SYSTEMPATH\Database\BaseBuilder.php(1649): CodeIgniter\Database\BaseConnection->query('SELECT `k`.`id_kk`, `k`.`no_kk`, `k`.`jumlah_anggota`, `da`.`nama`, `da`.`hubungan_keluarga` `k`.`alamat`
FROM `keluarga` `k`
JOIN `detail_anggota` `da` ON `da`.`id_kk` = `k`.`id_kk`
ORDER BY `k`.`no_kk` ASC', [], false)
 4 APPPATH\Models\KeluargaModel.php(148): CodeIgniter\Database\BaseBuilder->get()
 5 APPPATH\Controllers\Training.php(61): App\Models\KeluargaModel->getDataCalonTraining(null)
 6 SYSTEMPATH\CodeIgniter.php(951): App\Controllers\Training->getCalonTraining()
 7 SYSTEMPATH\CodeIgniter.php(497): CodeIgniter\CodeIgniter->runController(Object(App\Controllers\Training))
 8 SYSTEMPATH\CodeIgniter.php(340): CodeIgniter\CodeIgniter->handleRequest(null, Object(Config\Cache), false)
 9 SYSTEMPATH\Boot.php(417): CodeIgniter\CodeIgniter->run()
10 SYSTEMPATH\Boot.php(68): CodeIgniter\Boot::runCodeIgniter(Object(CodeIgniter\CodeIgniter))
11 FCPATH\index.php(59): CodeIgniter\Boot::bootWeb(Object(Config\Paths))
CRITICAL - 2026-07-12 03:43:48 --> [Caused by] mysqli_sql_exception: You have an error in your SQL syntax; check the manual that corresponds to your MySQL server version for the right syntax to use near '.`alamat`
FROM `keluarga` `k`
JOIN `detail_anggota` `da` ON `da`.`id_kk` = `k`.`' at line 1
in SYSTEMPATH\Database\MySQLi\Connection.php on line 300.
 1 SYSTEMPATH\Database\MySQLi\Connection.php(300): mysqli->query('SELECT `k`.`id_kk`, `k`.`no_kk`, `k`.`jumlah_anggota`, `da`.`nama`, `da`.`hubungan_keluarga` `k`.`alamat`
FROM `keluarga` `k`
JOIN `detail_anggota` `da` ON `da`.`id_kk` = `k`.`id_kk`
ORDER BY `k`.`no_kk` ASC', 0)
 2 SYSTEMPATH\Database\BaseConnection.php(910): CodeIgniter\Database\MySQLi\Connection->execute('SELECT `k`.`id_kk`, `k`.`no_kk`, `k`.`jumlah_anggota`, `da`.`nama`, `da`.`hubungan_keluarga` `k`.`alamat`
FROM `keluarga` `k`
JOIN `detail_anggota` `da` ON `da`.`id_kk` = `k`.`id_kk`
ORDER BY `k`.`no_kk` ASC')
 3 SYSTEMPATH\Database\BaseConnection.php(827): CodeIgniter\Database\BaseConnection->simpleQuery('SELECT `k`.`id_kk`, `k`.`no_kk`, `k`.`jumlah_anggota`, `da`.`nama`, `da`.`hubungan_keluarga` `k`.`alamat`
FROM `keluarga` `k`
JOIN `detail_anggota` `da` ON `da`.`id_kk` = `k`.`id_kk`
ORDER BY `k`.`no_kk` ASC')
 4 SYSTEMPATH\Database\BaseBuilder.php(1649): CodeIgniter\Database\BaseConnection->query('SELECT `k`.`id_kk`, `k`.`no_kk`, `k`.`jumlah_anggota`, `da`.`nama`, `da`.`hubungan_keluarga` `k`.`alamat`
FROM `keluarga` `k`
JOIN `detail_anggota` `da` ON `da`.`id_kk` = `k`.`id_kk`
ORDER BY `k`.`no_kk` ASC', [], false)
 5 APPPATH\Models\KeluargaModel.php(148): CodeIgniter\Database\BaseBuilder->get()
 6 APPPATH\Controllers\Training.php(61): App\Models\KeluargaModel->getDataCalonTraining(null)
 7 SYSTEMPATH\CodeIgniter.php(951): App\Controllers\Training->getCalonTraining()
 8 SYSTEMPATH\CodeIgniter.php(497): CodeIgniter\CodeIgniter->runController(Object(App\Controllers\Training))
 9 SYSTEMPATH\CodeIgniter.php(340): CodeIgniter\CodeIgniter->handleRequest(null, Object(Config\Cache), false)
10 SYSTEMPATH\Boot.php(417): CodeIgniter\CodeIgniter->run()
11 SYSTEMPATH\Boot.php(68): CodeIgniter\Boot::runCodeIgniter(Object(CodeIgniter\CodeIgniter))
12 FCPATH\index.php(59): CodeIgniter\Boot::bootWeb(Object(Config\Paths))
DEBUG - 2026-07-12 03:44:17 --> Session: Class initialized using 'CodeIgniter\Session\Handlers\FileHandler' driver.
DEBUG - 2026-07-12 03:44:18 --> Session: Class initialized using 'CodeIgniter\Session\Handlers\FileHandler' driver.
DEBUG - 2026-07-12 03:44:44 --> Session: Class initialized using 'CodeIgniter\Session\Handlers\FileHandler' driver.
DEBUG - 2026-07-12 03:44:44 --> Session: Class initialized using 'CodeIgniter\Session\Handlers\FileHandler' driver.
DEBUG - 2026-07-12 03:47:07 --> Session: Class initialized using 'CodeIgniter\Session\Handlers\FileHandler' driver.
DEBUG - 2026-07-12 03:47:07 --> Session: Class initialized using 'CodeIgniter\Session\Handlers\FileHandler' driver.
DEBUG - 2026-07-12 03:47:19 --> Session: Class initialized using 'CodeIgniter\Session\Handlers\FileHandler' driver.
DEBUG - 2026-07-12 03:47:20 --> Session: Class initialized using 'CodeIgniter\Session\Handlers\FileHandler' driver.
DEBUG - 2026-07-12 03:47:40 --> Session: Class initialized using 'CodeIgniter\Session\Handlers\FileHandler' driver.
DEBUG - 2026-07-12 03:47:41 --> Session: Class initialized using 'CodeIgniter\Session\Handlers\FileHandler' driver.
DEBUG - 2026-07-12 03:48:32 --> Session: Class initialized using 'CodeIgniter\Session\Handlers\FileHandler' driver.
DEBUG - 2026-07-12 03:48:33 --> Session: Class initialized using 'CodeIgniter\Session\Handlers\FileHandler' driver.
DEBUG - 2026-07-12 03:53:03 --> Session: Class initialized using 'CodeIgniter\Session\Handlers\FileHandler' driver.
DEBUG - 2026-07-12 03:53:03 --> Session: Class initialized using 'CodeIgniter\Session\Handlers\FileHandler' driver.
DEBUG - 2026-07-12 03:53:30 --> Session: Class initialized using 'CodeIgniter\Session\Handlers\FileHandler' driver.
DEBUG - 2026-07-12 03:53:31 --> Session: Class initialized using 'CodeIgniter\Session\Handlers\FileHandler' driver.
DEBUG - 2026-07-12 03:53:36 --> Session: Class initialized using 'CodeIgniter\Session\Handlers\FileHandler' driver.
DEBUG - 2026-07-12 03:56:17 --> Session: Class initialized using 'CodeIgniter\Session\Handlers\FileHandler' driver.
DEBUG - 2026-07-12 03:56:17 --> Session: Class initialized using 'CodeIgniter\Session\Handlers\FileHandler' driver.
DEBUG - 2026-07-12 03:56:22 --> Session: Class initialized using 'CodeIgniter\Session\Handlers\FileHandler' driver.
DEBUG - 2026-07-12 03:56:27 --> Session: Class initialized using 'CodeIgniter\Session\Handlers\FileHandler' driver.
DEBUG - 2026-07-12 03:56:38 --> Session: Class initialized using 'CodeIgniter\Session\Handlers\FileHandler' driver.
DEBUG - 2026-07-12 03:56:45 --> Session: Class initialized using 'CodeIgniter\Session\Handlers\FileHandler' driver.
DEBUG - 2026-07-12 04:00:24 --> Session: Class initialized using 'CodeIgniter\Session\Handlers\FileHandler' driver.
DEBUG - 2026-07-12 04:00:24 --> Session: Class initialized using 'CodeIgniter\Session\Handlers\FileHandler' driver.
DEBUG - 2026-07-12 04:00:57 --> Session: Class initialized using 'CodeIgniter\Session\Handlers\FileHandler' driver.
DEBUG - 2026-07-12 04:00:58 --> Session: Class initialized using 'CodeIgniter\Session\Handlers\FileHandler' driver.
DEBUG - 2026-07-12 04:02:00 --> Session: Class initialized using 'CodeIgniter\Session\Handlers\FileHandler' driver.
DEBUG - 2026-07-12 04:02:00 --> Session: Class initialized using 'CodeIgniter\Session\Handlers\FileHandler' driver.
DEBUG - 2026-07-12 04:02:20 --> Session: Class initialized using 'CodeIgniter\Session\Handlers\FileHandler' driver.
DEBUG - 2026-07-12 04:02:20 --> Session: Class initialized using 'CodeIgniter\Session\Handlers\FileHandler' driver.
DEBUG - 2026-07-12 04:03:22 --> Session: Class initialized using 'CodeIgniter\Session\Handlers\FileHandler' driver.
DEBUG - 2026-07-12 04:03:23 --> Session: Class initialized using 'CodeIgniter\Session\Handlers\FileHandler' driver.
DEBUG - 2026-07-12 04:03:31 --> Session: Class initialized using 'CodeIgniter\Session\Handlers\FileHandler' driver.
DEBUG - 2026-07-12 04:03:35 --> Session: Class initialized using 'CodeIgniter\Session\Handlers\FileHandler' driver.
DEBUG - 2026-07-12 04:03:35 --> Session: Class initialized using 'CodeIgniter\Session\Handlers\FileHandler' driver.
DEBUG - 2026-07-12 04:03:37 --> Session: Class initialized using 'CodeIgniter\Session\Handlers\FileHandler' driver.
DEBUG - 2026-07-12 04:03:47 --> Session: Class initialized using 'CodeIgniter\Session\Handlers\FileHandler' driver.
DEBUG - 2026-07-12 04:03:51 --> Session: Class initialized using 'CodeIgniter\Session\Handlers\FileHandler' driver.
DEBUG - 2026-07-12 04:04:01 --> Session: Class initialized using 'CodeIgniter\Session\Handlers\FileHandler' driver.
DEBUG - 2026-07-12 04:04:02 --> Session: Class initialized using 'CodeIgniter\Session\Handlers\FileHandler' driver.
DEBUG - 2026-07-12 04:06:23 --> Session: Class initialized using 'CodeIgniter\Session\Handlers\FileHandler' driver.
DEBUG - 2026-07-12 04:06:24 --> Session: Class initialized using 'CodeIgniter\Session\Handlers\FileHandler' driver.
DEBUG - 2026-07-12 04:06:41 --> Session: Class initialized using 'CodeIgniter\Session\Handlers\FileHandler' driver.
DEBUG - 2026-07-12 04:06:42 --> Session: Class initialized using 'CodeIgniter\Session\Handlers\FileHandler' driver.
DEBUG - 2026-07-12 04:07:03 --> Session: Class initialized using 'CodeIgniter\Session\Handlers\FileHandler' driver.
DEBUG - 2026-07-12 04:07:04 --> Session: Class initialized using 'CodeIgniter\Session\Handlers\FileHandler' driver.
DEBUG - 2026-07-12 04:07:33 --> Session: Class initialized using 'CodeIgniter\Session\Handlers\FileHandler' driver.
DEBUG - 2026-07-12 04:07:34 --> Session: Class initialized using 'CodeIgniter\Session\Handlers\FileHandler' driver.
DEBUG - 2026-07-12 04:07:47 --> Session: Class initialized using 'CodeIgniter\Session\Handlers\FileHandler' driver.
DEBUG - 2026-07-12 04:07:47 --> Session: Class initialized using 'CodeIgniter\Session\Handlers\FileHandler' driver.
DEBUG - 2026-07-12 04:08:00 --> Session: Class initialized using 'CodeIgniter\Session\Handlers\FileHandler' driver.
DEBUG - 2026-07-12 04:08:00 --> Session: Class initialized using 'CodeIgniter\Session\Handlers\FileHandler' driver.
DEBUG - 2026-07-12 04:08:52 --> Session: Class initialized using 'CodeIgniter\Session\Handlers\FileHandler' driver.
DEBUG - 2026-07-12 04:08:53 --> Session: Class initialized using 'CodeIgniter\Session\Handlers\FileHandler' driver.
DEBUG - 2026-07-12 04:09:55 --> Session: Class initialized using 'CodeIgniter\Session\Handlers\FileHandler' driver.
DEBUG - 2026-07-12 04:09:56 --> Session: Class initialized using 'CodeIgniter\Session\Handlers\FileHandler' driver.
DEBUG - 2026-07-12 04:10:03 --> Session: Class initialized using 'CodeIgniter\Session\Handlers\FileHandler' driver.
DEBUG - 2026-07-12 04:10:03 --> Session: Class initialized using 'CodeIgniter\Session\Handlers\FileHandler' driver.
DEBUG - 2026-07-12 04:11:07 --> Session: Class initialized using 'CodeIgniter\Session\Handlers\FileHandler' driver.
DEBUG - 2026-07-12 04:11:07 --> Session: Class initialized using 'CodeIgniter\Session\Handlers\FileHandler' driver.
DEBUG - 2026-07-12 04:11:14 --> Session: Class initialized using 'CodeIgniter\Session\Handlers\FileHandler' driver.
DEBUG - 2026-07-12 04:11:19 --> Session: Class initialized using 'CodeIgniter\Session\Handlers\FileHandler' driver.
DEBUG - 2026-07-12 04:11:56 --> Session: Class initialized using 'CodeIgniter\Session\Handlers\FileHandler' driver.
DEBUG - 2026-07-12 04:11:56 --> Session: Class initialized using 'CodeIgniter\Session\Handlers\FileHandler' driver.
DEBUG - 2026-07-12 04:15:24 --> Session: Class initialized using 'CodeIgniter\Session\Handlers\FileHandler' driver.
DEBUG - 2026-07-12 04:15:24 --> Session: Class initialized using 'CodeIgniter\Session\Handlers\FileHandler' driver.
DEBUG - 2026-07-12 04:16:01 --> Session: Class initialized using 'CodeIgniter\Session\Handlers\FileHandler' driver.
DEBUG - 2026-07-12 04:16:01 --> Session: Class initialized using 'CodeIgniter\Session\Handlers\FileHandler' driver.
DEBUG - 2026-07-12 04:16:10 --> Session: Class initialized using 'CodeIgniter\Session\Handlers\FileHandler' driver.
DEBUG - 2026-07-12 04:16:16 --> Session: Class initialized using 'CodeIgniter\Session\Handlers\FileHandler' driver.
DEBUG - 2026-07-12 04:16:20 --> Session: Class initialized using 'CodeIgniter\Session\Handlers\FileHandler' driver.
DEBUG - 2026-07-12 04:18:35 --> Session: Class initialized using 'CodeIgniter\Session\Handlers\FileHandler' driver.
DEBUG - 2026-07-12 04:18:36 --> Session: Class initialized using 'CodeIgniter\Session\Handlers\FileHandler' driver.
DEBUG - 2026-07-12 04:27:13 --> Session: Class initialized using 'CodeIgniter\Session\Handlers\FileHandler' driver.
DEBUG - 2026-07-12 04:27:13 --> Session: Class initialized using 'CodeIgniter\Session\Handlers\FileHandler' driver.
DEBUG - 2026-07-12 04:27:21 --> Session: Class initialized using 'CodeIgniter\Session\Handlers\FileHandler' driver.
CRITICAL - 2026-07-12 04:27:21 --> ErrorException: Undefined property: App\Controllers\Training::$datasetModel
[Method: POST, Route: tambahCalonTraining/simpanTraining]
in APPPATH\Controllers\Training.php on line 83.
 1 APPPATH\Controllers\Training.php(83): CodeIgniter\Debug\Exceptions->errorHandler(2, 'Undefined property: App\\Controllers\\Training::$datasetModel', 'C:\\laragon\\www\\program_bltd\\app\\Controllers\\Training.php', 83)
 2 SYSTEMPATH\CodeIgniter.php(951): App\Controllers\Training->simpanTraining()
 3 SYSTEMPATH\CodeIgniter.php(497): CodeIgniter\CodeIgniter->runController(Object(App\Controllers\Training))
 4 SYSTEMPATH\CodeIgniter.php(340): CodeIgniter\CodeIgniter->handleRequest(null, Object(Config\Cache), false)
 5 SYSTEMPATH\Boot.php(417): CodeIgniter\CodeIgniter->run()
 6 SYSTEMPATH\Boot.php(68): CodeIgniter\Boot::runCodeIgniter(Object(CodeIgniter\CodeIgniter))
 7 FCPATH\index.php(59): CodeIgniter\Boot::bootWeb(Object(Config\Paths))
DEBUG - 2026-07-12 04:27:23 --> Session: Class initialized using 'CodeIgniter\Session\Handlers\FileHandler' driver.
CRITICAL - 2026-07-12 04:27:23 --> ErrorException: Undefined property: App\Controllers\Training::$datasetModel
[Method: POST, Route: tambahCalonTraining/simpanTraining]
in APPPATH\Controllers\Training.php on line 83.
 1 APPPATH\Controllers\Training.php(83): CodeIgniter\Debug\Exceptions->errorHandler(2, 'Undefined property: App\\Controllers\\Training::$datasetModel', 'C:\\laragon\\www\\program_bltd\\app\\Controllers\\Training.php', 83)
 2 SYSTEMPATH\CodeIgniter.php(951): App\Controllers\Training->simpanTraining()
 3 SYSTEMPATH\CodeIgniter.php(497): CodeIgniter\CodeIgniter->runController(Object(App\Controllers\Training))
 4 SYSTEMPATH\CodeIgniter.php(340): CodeIgniter\CodeIgniter->handleRequest(null, Object(Config\Cache), false)
 5 SYSTEMPATH\Boot.php(417): CodeIgniter\CodeIgniter->run()
 6 SYSTEMPATH\Boot.php(68): CodeIgniter\Boot::runCodeIgniter(Object(CodeIgniter\CodeIgniter))
 7 FCPATH\index.php(59): CodeIgniter\Boot::bootWeb(Object(Config\Paths))
DEBUG - 2026-07-12 04:27:43 --> Session: Class initialized using 'CodeIgniter\Session\Handlers\FileHandler' driver.
DEBUG - 2026-07-12 04:27:43 --> Session: Class initialized using 'CodeIgniter\Session\Handlers\FileHandler' driver.
DEBUG - 2026-07-12 04:27:50 --> Session: Class initialized using 'CodeIgniter\Session\Handlers\FileHandler' driver.
CRITICAL - 2026-07-12 04:27:50 --> ErrorException: Undefined property: App\Controllers\Training::$datasetModel
[Method: POST, Route: tambahCalonTraining/simpanTraining]
in APPPATH\Controllers\Training.php on line 83.
 1 APPPATH\Controllers\Training.php(83): CodeIgniter\Debug\Exceptions->errorHandler(2, 'Undefined property: App\\Controllers\\Training::$datasetModel', 'C:\\laragon\\www\\program_bltd\\app\\Controllers\\Training.php', 83)
 2 SYSTEMPATH\CodeIgniter.php(951): App\Controllers\Training->simpanTraining()
 3 SYSTEMPATH\CodeIgniter.php(497): CodeIgniter\CodeIgniter->runController(Object(App\Controllers\Training))
 4 SYSTEMPATH\CodeIgniter.php(340): CodeIgniter\CodeIgniter->handleRequest(null, Object(Config\Cache), false)
 5 SYSTEMPATH\Boot.php(417): CodeIgniter\CodeIgniter->run()
 6 SYSTEMPATH\Boot.php(68): CodeIgniter\Boot::runCodeIgniter(Object(CodeIgniter\CodeIgniter))
 7 FCPATH\index.php(59): CodeIgniter\Boot::bootWeb(Object(Config\Paths))
DEBUG - 2026-07-12 04:27:51 --> Session: Class initialized using 'CodeIgniter\Session\Handlers\FileHandler' driver.
CRITICAL - 2026-07-12 04:27:51 --> ErrorException: Undefined property: App\Controllers\Training::$datasetModel
[Method: POST, Route: tambahCalonTraining/simpanTraining]
in APPPATH\Controllers\Training.php on line 83.
 1 APPPATH\Controllers\Training.php(83): CodeIgniter\Debug\Exceptions->errorHandler(2, 'Undefined property: App\\Controllers\\Training::$datasetModel', 'C:\\laragon\\www\\program_bltd\\app\\Controllers\\Training.php', 83)
 2 SYSTEMPATH\CodeIgniter.php(951): App\Controllers\Training->simpanTraining()
 3 SYSTEMPATH\CodeIgniter.php(497): CodeIgniter\CodeIgniter->runController(Object(App\Controllers\Training))
 4 SYSTEMPATH\CodeIgniter.php(340): CodeIgniter\CodeIgniter->handleRequest(null, Object(Config\Cache), false)
 5 SYSTEMPATH\Boot.php(417): CodeIgniter\CodeIgniter->run()
 6 SYSTEMPATH\Boot.php(68): CodeIgniter\Boot::runCodeIgniter(Object(CodeIgniter\CodeIgniter))
 7 FCPATH\index.php(59): CodeIgniter\Boot::bootWeb(Object(Config\Paths))
DEBUG - 2026-07-12 04:27:51 --> Session: Class initialized using 'CodeIgniter\Session\Handlers\FileHandler' driver.
CRITICAL - 2026-07-12 04:27:51 --> ErrorException: Undefined property: App\Controllers\Training::$datasetModel
[Method: POST, Route: tambahCalonTraining/simpanTraining]
in APPPATH\Controllers\Training.php on line 83.
 1 APPPATH\Controllers\Training.php(83): CodeIgniter\Debug\Exceptions->errorHandler(2, 'Undefined property: App\\Controllers\\Training::$datasetModel', 'C:\\laragon\\www\\program_bltd\\app\\Controllers\\Training.php', 83)
 2 SYSTEMPATH\CodeIgniter.php(951): App\Controllers\Training->simpanTraining()
 3 SYSTEMPATH\CodeIgniter.php(497): CodeIgniter\CodeIgniter->runController(Object(App\Controllers\Training))
 4 SYSTEMPATH\CodeIgniter.php(340): CodeIgniter\CodeIgniter->handleRequest(null, Object(Config\Cache), false)
 5 SYSTEMPATH\Boot.php(417): CodeIgniter\CodeIgniter->run()
 6 SYSTEMPATH\Boot.php(68): CodeIgniter\Boot::runCodeIgniter(Object(CodeIgniter\CodeIgniter))
 7 FCPATH\index.php(59): CodeIgniter\Boot::bootWeb(Object(Config\Paths))
DEBUG - 2026-07-12 04:27:51 --> Session: Class initialized using 'CodeIgniter\Session\Handlers\FileHandler' driver.
CRITICAL - 2026-07-12 04:27:51 --> ErrorException: Undefined property: App\Controllers\Training::$datasetModel
[Method: POST, Route: tambahCalonTraining/simpanTraining]
in APPPATH\Controllers\Training.php on line 83.
 1 APPPATH\Controllers\Training.php(83): CodeIgniter\Debug\Exceptions->errorHandler(2, 'Undefined property: App\\Controllers\\Training::$datasetModel', 'C:\\laragon\\www\\program_bltd\\app\\Controllers\\Training.php', 83)
 2 SYSTEMPATH\CodeIgniter.php(951): App\Controllers\Training->simpanTraining()
 3 SYSTEMPATH\CodeIgniter.php(497): CodeIgniter\CodeIgniter->runController(Object(App\Controllers\Training))
 4 SYSTEMPATH\CodeIgniter.php(340): CodeIgniter\CodeIgniter->handleRequest(null, Object(Config\Cache), false)
 5 SYSTEMPATH\Boot.php(417): CodeIgniter\CodeIgniter->run()
 6 SYSTEMPATH\Boot.php(68): CodeIgniter\Boot::runCodeIgniter(Object(CodeIgniter\CodeIgniter))
 7 FCPATH\index.php(59): CodeIgniter\Boot::bootWeb(Object(Config\Paths))
DEBUG - 2026-07-12 04:27:58 --> Session: Class initialized using 'CodeIgniter\Session\Handlers\FileHandler' driver.
DEBUG - 2026-07-12 04:27:58 --> Session: Class initialized using 'CodeIgniter\Session\Handlers\FileHandler' driver.
DEBUG - 2026-07-12 04:28:13 --> Session: Class initialized using 'CodeIgniter\Session\Handlers\FileHandler' driver.
CRITICAL - 2026-07-12 04:28:13 --> ErrorException: Undefined property: App\Controllers\Training::$datasetModel
[Method: POST, Route: tambahCalonTraining/simpanTraining]
in APPPATH\Controllers\Training.php on line 83.
 1 APPPATH\Controllers\Training.php(83): CodeIgniter\Debug\Exceptions->errorHandler(2, 'Undefined property: App\\Controllers\\Training::$datasetModel', 'C:\\laragon\\www\\program_bltd\\app\\Controllers\\Training.php', 83)
 2 SYSTEMPATH\CodeIgniter.php(951): App\Controllers\Training->simpanTraining()
 3 SYSTEMPATH\CodeIgniter.php(497): CodeIgniter\CodeIgniter->runController(Object(App\Controllers\Training))
 4 SYSTEMPATH\CodeIgniter.php(340): CodeIgniter\CodeIgniter->handleRequest(null, Object(Config\Cache), false)
 5 SYSTEMPATH\Boot.php(417): CodeIgniter\CodeIgniter->run()
 6 SYSTEMPATH\Boot.php(68): CodeIgniter\Boot::runCodeIgniter(Object(CodeIgniter\CodeIgniter))
 7 FCPATH\index.php(59): CodeIgniter\Boot::bootWeb(Object(Config\Paths))
DEBUG - 2026-07-12 04:31:26 --> Session: Class initialized using 'CodeIgniter\Session\Handlers\FileHandler' driver.
DEBUG - 2026-07-12 04:31:27 --> Session: Class initialized using 'CodeIgniter\Session\Handlers\FileHandler' driver.
DEBUG - 2026-07-12 04:31:38 --> Session: Class initialized using 'CodeIgniter\Session\Handlers\FileHandler' driver.
CRITICAL - 2026-07-12 04:31:38 --> ErrorException: Undefined property: App\Controllers\Training::$datasetModel
[Method: POST, Route: tambahCalonTraining/simpanTraining]
in APPPATH\Controllers\Training.php on line 83.
 1 APPPATH\Controllers\Training.php(83): CodeIgniter\Debug\Exceptions->errorHandler(2, 'Undefined property: App\\Controllers\\Training::$datasetModel', 'C:\\laragon\\www\\program_bltd\\app\\Controllers\\Training.php', 83)
 2 SYSTEMPATH\CodeIgniter.php(951): App\Controllers\Training->simpanTraining()
 3 SYSTEMPATH\CodeIgniter.php(497): CodeIgniter\CodeIgniter->runController(Object(App\Controllers\Training))
 4 SYSTEMPATH\CodeIgniter.php(340): CodeIgniter\CodeIgniter->handleRequest(null, Object(Config\Cache), false)
 5 SYSTEMPATH\Boot.php(417): CodeIgniter\CodeIgniter->run()
 6 SYSTEMPATH\Boot.php(68): CodeIgniter\Boot::runCodeIgniter(Object(CodeIgniter\CodeIgniter))
 7 FCPATH\index.php(59): CodeIgniter\Boot::bootWeb(Object(Config\Paths))
DEBUG - 2026-07-12 04:31:57 --> Session: Class initialized using 'CodeIgniter\Session\Handlers\FileHandler' driver.
DEBUG - 2026-07-12 04:31:58 --> Session: Class initialized using 'CodeIgniter\Session\Handlers\FileHandler' driver.
DEBUG - 2026-07-12 04:32:03 --> Session: Class initialized using 'CodeIgniter\Session\Handlers\FileHandler' driver.
CRITICAL - 2026-07-12 04:32:03 --> ErrorException: Undefined property: App\Controllers\Training::$trainingModel
[Method: POST, Route: tambahCalonTraining/simpanTraining]
in APPPATH\Controllers\Training.php on line 89.
 1 APPPATH\Controllers\Training.php(89): CodeIgniter\Debug\Exceptions->errorHandler(2, 'Undefined property: App\\Controllers\\Training::$trainingModel', 'C:\\laragon\\www\\program_bltd\\app\\Controllers\\Training.php', 89)
 2 SYSTEMPATH\CodeIgniter.php(951): App\Controllers\Training->simpanTraining()
 3 SYSTEMPATH\CodeIgniter.php(497): CodeIgniter\CodeIgniter->runController(Object(App\Controllers\Training))
 4 SYSTEMPATH\CodeIgniter.php(340): CodeIgniter\CodeIgniter->handleRequest(null, Object(Config\Cache), false)
 5 SYSTEMPATH\Boot.php(417): CodeIgniter\CodeIgniter->run()
 6 SYSTEMPATH\Boot.php(68): CodeIgniter\Boot::runCodeIgniter(Object(CodeIgniter\CodeIgniter))
 7 FCPATH\index.php(59): CodeIgniter\Boot::bootWeb(Object(Config\Paths))
DEBUG - 2026-07-12 04:32:32 --> Session: Class initialized using 'CodeIgniter\Session\Handlers\FileHandler' driver.
DEBUG - 2026-07-12 04:32:32 --> Session: Class initialized using 'CodeIgniter\Session\Handlers\FileHandler' driver.
DEBUG - 2026-07-12 04:32:46 --> Session: Class initialized using 'CodeIgniter\Session\Handlers\FileHandler' driver.
DEBUG - 2026-07-12 04:32:47 --> Session: Class initialized using 'CodeIgniter\Session\Handlers\FileHandler' driver.
DEBUG - 2026-07-12 04:33:18 --> Session: Class initialized using 'CodeIgniter\Session\Handlers\FileHandler' driver.
DEBUG - 2026-07-12 04:33:23 --> Session: Class initialized using 'CodeIgniter\Session\Handlers\FileHandler' driver.
DEBUG - 2026-07-12 05:59:23 --> Session: Class initialized using 'CodeIgniter\Session\Handlers\FileHandler' driver.
DEBUG - 2026-07-12 06:03:07 --> Session: Class initialized using 'CodeIgniter\Session\Handlers\FileHandler' driver.
DEBUG - 2026-07-12 06:03:57 --> Session: Class initialized using 'CodeIgniter\Session\Handlers\FileHandler' driver.
DEBUG - 2026-07-12 06:04:03 --> Session: Class initialized using 'CodeIgniter\Session\Handlers\FileHandler' driver.
DEBUG - 2026-07-12 06:13:09 --> Session: Class initialized using 'CodeIgniter\Session\Handlers\FileHandler' driver.
DEBUG - 2026-07-12 06:13:11 --> Session: Class initialized using 'CodeIgniter\Session\Handlers\FileHandler' driver.
CRITICAL - 2026-07-12 06:13:11 --> ErrorException: Undefined property: App\Controllers\Training::$datasetModel
[Method: GET, Route: calonTraining/getDataTraining]
in APPPATH\Controllers\Training.php on line 105.
 1 APPPATH\Controllers\Training.php(105): CodeIgniter\Debug\Exceptions->errorHandler(2, 'Undefined property: App\\Controllers\\Training::$datasetModel', 'C:\\laragon\\www\\program_bltd\\app\\Controllers\\Training.php', 105)
 2 SYSTEMPATH\CodeIgniter.php(951): App\Controllers\Training->getDataTraining()
 3 SYSTEMPATH\CodeIgniter.php(497): CodeIgniter\CodeIgniter->runController(Object(App\Controllers\Training))
 4 SYSTEMPATH\CodeIgniter.php(340): CodeIgniter\CodeIgniter->handleRequest(null, Object(Config\Cache), false)
 5 SYSTEMPATH\Boot.php(417): CodeIgniter\CodeIgniter->run()
 6 SYSTEMPATH\Boot.php(68): CodeIgniter\Boot::runCodeIgniter(Object(CodeIgniter\CodeIgniter))
 7 FCPATH\index.php(59): CodeIgniter\Boot::bootWeb(Object(Config\Paths))
DEBUG - 2026-07-12 06:13:28 --> Session: Class initialized using 'CodeIgniter\Session\Handlers\FileHandler' driver.
DEBUG - 2026-07-12 06:13:31 --> Session: Class initialized using 'CodeIgniter\Session\Handlers\FileHandler' driver.
CRITICAL - 2026-07-12 06:13:31 --> ErrorException: Undefined property: App\Controllers\Training::$datasetModel
[Method: GET, Route: calonTraining/getDataTraining]
in APPPATH\Controllers\Training.php on line 105.
 1 APPPATH\Controllers\Training.php(105): CodeIgniter\Debug\Exceptions->errorHandler(2, 'Undefined property: App\\Controllers\\Training::$datasetModel', 'C:\\laragon\\www\\program_bltd\\app\\Controllers\\Training.php', 105)
 2 SYSTEMPATH\CodeIgniter.php(951): App\Controllers\Training->getDataTraining()
 3 SYSTEMPATH\CodeIgniter.php(497): CodeIgniter\CodeIgniter->runController(Object(App\Controllers\Training))
 4 SYSTEMPATH\CodeIgniter.php(340): CodeIgniter\CodeIgniter->handleRequest(null, Object(Config\Cache), false)
 5 SYSTEMPATH\Boot.php(417): CodeIgniter\CodeIgniter->run()
 6 SYSTEMPATH\Boot.php(68): CodeIgniter\Boot::runCodeIgniter(Object(CodeIgniter\CodeIgniter))
 7 FCPATH\index.php(59): CodeIgniter\Boot::bootWeb(Object(Config\Paths))
DEBUG - 2026-07-12 06:14:06 --> Session: Class initialized using 'CodeIgniter\Session\Handlers\FileHandler' driver.
DEBUG - 2026-07-12 06:14:09 --> Session: Class initialized using 'CodeIgniter\Session\Handlers\FileHandler' driver.
CRITICAL - 2026-07-12 06:14:10 --> CodeIgniter\Exceptions\BadMethodCallException: Call to undefined method App\Models\TrainingModel::getCalonTraining
[Method: GET, Route: calonTraining/getDataTraining]
in SYSTEMPATH\Model.php on line 761.
 1 APPPATH\Controllers\Training.php(105): CodeIgniter\Model->__call('getCalonTraining', [])
 2 SYSTEMPATH\CodeIgniter.php(951): App\Controllers\Training->getDataTraining()
 3 SYSTEMPATH\CodeIgniter.php(497): CodeIgniter\CodeIgniter->runController(Object(App\Controllers\Training))
 4 SYSTEMPATH\CodeIgniter.php(340): CodeIgniter\CodeIgniter->handleRequest(null, Object(Config\Cache), false)
 5 SYSTEMPATH\Boot.php(417): CodeIgniter\CodeIgniter->run()
 6 SYSTEMPATH\Boot.php(68): CodeIgniter\Boot::runCodeIgniter(Object(CodeIgniter\CodeIgniter))
 7 FCPATH\index.php(59): CodeIgniter\Boot::bootWeb(Object(Config\Paths))
DEBUG - 2026-07-12 06:14:44 --> Session: Class initialized using 'CodeIgniter\Session\Handlers\FileHandler' driver.
DEBUG - 2026-07-12 06:14:47 --> Session: Class initialized using 'CodeIgniter\Session\Handlers\FileHandler' driver.
DEBUG - 2026-07-12 06:15:13 --> Session: Class initialized using 'CodeIgniter\Session\Handlers\FileHandler' driver.
DEBUG - 2026-07-12 06:15:15 --> Session: Class initialized using 'CodeIgniter\Session\Handlers\FileHandler' driver.
DEBUG - 2026-07-12 06:27:06 --> Session: Class initialized using 'CodeIgniter\Session\Handlers\FileHandler' driver.
CRITICAL - 2026-07-12 06:27:06 --> ErrorException: Undefined property: App\Controllers\Training::$db
[Method: GET, Route: calonTraining]
in APPPATH\Controllers\Training.php on line 32.
 1 APPPATH\Controllers\Training.php(32): CodeIgniter\Debug\Exceptions->errorHandler(2, 'Undefined property: App\\Controllers\\Training::$db', 'C:\\laragon\\www\\program_bltd\\app\\Controllers\\Training.php', 32)
 2 SYSTEMPATH\CodeIgniter.php(951): App\Controllers\Training->calonTraining()
 3 SYSTEMPATH\CodeIgniter.php(497): CodeIgniter\CodeIgniter->runController(Object(App\Controllers\Training))
 4 SYSTEMPATH\CodeIgniter.php(340): CodeIgniter\CodeIgniter->handleRequest(null, Object(Config\Cache), false)
 5 SYSTEMPATH\Boot.php(417): CodeIgniter\CodeIgniter->run()
 6 SYSTEMPATH\Boot.php(68): CodeIgniter\Boot::runCodeIgniter(Object(CodeIgniter\CodeIgniter))
 7 FCPATH\index.php(59): CodeIgniter\Boot::bootWeb(Object(Config\Paths))
DEBUG - 2026-07-12 06:30:42 --> Session: Class initialized using 'CodeIgniter\Session\Handlers\FileHandler' driver.
DEBUG - 2026-07-12 06:30:44 --> Session: Class initialized using 'CodeIgniter\Session\Handlers\FileHandler' driver.
DEBUG - 2026-07-12 06:31:48 --> Session: Class initialized using 'CodeIgniter\Session\Handlers\FileHandler' driver.
DEBUG - 2026-07-12 06:31:50 --> Session: Class initialized using 'CodeIgniter\Session\Handlers\FileHandler' driver.
DEBUG - 2026-07-12 06:32:09 --> Session: Class initialized using 'CodeIgniter\Session\Handlers\FileHandler' driver.
CRITICAL - 2026-07-12 06:32:09 --> ErrorException: Undefined variable $data
[Method: GET, Route: calonTraining]
in APPPATH\Views\dataset\calonTraining_view.php on line 37.
 1 APPPATH\Views\dataset\calonTraining_view.php(37): CodeIgniter\Debug\Exceptions->errorHandler(2, 'Undefined variable $data', 'C:\\laragon\\www\\program_bltd\\app\\Views\\dataset\\calonTraining_view.php', 37)
 2 SYSTEMPATH\View\View.php(240): include('C:\\laragon\\www\\program_bltd\\app\\Views\\dataset\\calonTraining_view.php')
 3 SYSTEMPATH\View\View.php(243): CodeIgniter\View\View->CodeIgniter\View\{closure}()
 4 SYSTEMPATH\Common.php(1250): CodeIgniter\View\View->render('dataset/calonTraining_view', [], true)
 5 APPPATH\Controllers\Training.php(38): view('dataset/calonTraining_view', [...])
 6 SYSTEMPATH\CodeIgniter.php(951): App\Controllers\Training->calonTraining()
 7 SYSTEMPATH\CodeIgniter.php(497): CodeIgniter\CodeIgniter->runController(Object(App\Controllers\Training))
 8 SYSTEMPATH\CodeIgniter.php(340): CodeIgniter\CodeIgniter->handleRequest(null, Object(Config\Cache), false)
 9 SYSTEMPATH\Boot.php(417): CodeIgniter\CodeIgniter->run()
10 SYSTEMPATH\Boot.php(68): CodeIgniter\Boot::runCodeIgniter(Object(CodeIgniter\CodeIgniter))
11 FCPATH\index.php(59): CodeIgniter\Boot::bootWeb(Object(Config\Paths))
DEBUG - 2026-07-12 06:33:48 --> Session: Class initialized using 'CodeIgniter\Session\Handlers\FileHandler' driver.
DEBUG - 2026-07-12 06:33:50 --> Session: Class initialized using 'CodeIgniter\Session\Handlers\FileHandler' driver.
DEBUG - 2026-07-12 06:35:29 --> Session: Class initialized using 'CodeIgniter\Session\Handlers\FileHandler' driver.
DEBUG - 2026-07-12 06:35:31 --> Session: Class initialized using 'CodeIgniter\Session\Handlers\FileHandler' driver.
DEBUG - 2026-07-12 06:38:41 --> Session: Class initialized using 'CodeIgniter\Session\Handlers\FileHandler' driver.
DEBUG - 2026-07-12 06:38:43 --> Session: Class initialized using 'CodeIgniter\Session\Handlers\FileHandler' driver.
DEBUG - 2026-07-12 06:40:34 --> Session: Class initialized using 'CodeIgniter\Session\Handlers\FileHandler' driver.
DEBUG - 2026-07-12 06:40:36 --> Session: Class initialized using 'CodeIgniter\Session\Handlers\FileHandler' driver.
DEBUG - 2026-07-12 06:40:51 --> Session: Class initialized using 'CodeIgniter\Session\Handlers\FileHandler' driver.
DEBUG - 2026-07-12 06:40:53 --> Session: Class initialized using 'CodeIgniter\Session\Handlers\FileHandler' driver.
DEBUG - 2026-07-12 06:43:14 --> Session: Class initialized using 'CodeIgniter\Session\Handlers\FileHandler' driver.
DEBUG - 2026-07-12 06:43:16 --> Session: Class initialized using 'CodeIgniter\Session\Handlers\FileHandler' driver.
DEBUG - 2026-07-12 06:44:12 --> Session: Class initialized using 'CodeIgniter\Session\Handlers\FileHandler' driver.
DEBUG - 2026-07-12 06:44:23 --> Session: Class initialized using 'CodeIgniter\Session\Handlers\FileHandler' driver.
DEBUG - 2026-07-12 06:44:57 --> Session: Class initialized using 'CodeIgniter\Session\Handlers\FileHandler' driver.
DEBUG - 2026-07-12 06:45:21 --> Session: Class initialized using 'CodeIgniter\Session\Handlers\FileHandler' driver.
DEBUG - 2026-07-12 06:45:56 --> Session: Class initialized using 'CodeIgniter\Session\Handlers\FileHandler' driver.
DEBUG - 2026-07-12 06:46:00 --> Session: Class initialized using 'CodeIgniter\Session\Handlers\FileHandler' driver.
DEBUG - 2026-07-12 06:46:31 --> Session: Class initialized using 'CodeIgniter\Session\Handlers\FileHandler' driver.
DEBUG - 2026-07-12 06:46:33 --> Session: Class initialized using 'CodeIgniter\Session\Handlers\FileHandler' driver.
DEBUG - 2026-07-12 06:47:49 --> Session: Class initialized using 'CodeIgniter\Session\Handlers\FileHandler' driver.
DEBUG - 2026-07-12 06:47:51 --> Session: Class initialized using 'CodeIgniter\Session\Handlers\FileHandler' driver.
DEBUG - 2026-07-12 06:48:07 --> Session: Class initialized using 'CodeIgniter\Session\Handlers\FileHandler' driver.
DEBUG - 2026-07-12 06:48:08 --> Session: Class initialized using 'CodeIgniter\Session\Handlers\FileHandler' driver.
DEBUG - 2026-07-12 06:53:28 --> Session: Class initialized using 'CodeIgniter\Session\Handlers\FileHandler' driver.
DEBUG - 2026-07-12 06:53:30 --> Session: Class initialized using 'CodeIgniter\Session\Handlers\FileHandler' driver.
DEBUG - 2026-07-12 06:53:47 --> Session: Class initialized using 'CodeIgniter\Session\Handlers\FileHandler' driver.
DEBUG - 2026-07-12 06:53:49 --> Session: Class initialized using 'CodeIgniter\Session\Handlers\FileHandler' driver.
DEBUG - 2026-07-12 06:55:19 --> Session: Class initialized using 'CodeIgniter\Session\Handlers\FileHandler' driver.
DEBUG - 2026-07-12 06:55:21 --> Session: Class initialized using 'CodeIgniter\Session\Handlers\FileHandler' driver.
DEBUG - 2026-07-12 06:55:48 --> Session: Class initialized using 'CodeIgniter\Session\Handlers\FileHandler' driver.
DEBUG - 2026-07-12 06:55:50 --> Session: Class initialized using 'CodeIgniter\Session\Handlers\FileHandler' driver.
DEBUG - 2026-07-12 06:56:01 --> Session: Class initialized using 'CodeIgniter\Session\Handlers\FileHandler' driver.
DEBUG - 2026-07-12 06:56:03 --> Session: Class initialized using 'CodeIgniter\Session\Handlers\FileHandler' driver.
DEBUG - 2026-07-12 06:56:32 --> Session: Class initialized using 'CodeIgniter\Session\Handlers\FileHandler' driver.
DEBUG - 2026-07-12 06:56:34 --> Session: Class initialized using 'CodeIgniter\Session\Handlers\FileHandler' driver.
DEBUG - 2026-07-12 06:57:16 --> Session: Class initialized using 'CodeIgniter\Session\Handlers\FileHandler' driver.
DEBUG - 2026-07-12 06:57:18 --> Session: Class initialized using 'CodeIgniter\Session\Handlers\FileHandler' driver.
DEBUG - 2026-07-12 06:58:18 --> Session: Class initialized using 'CodeIgniter\Session\Handlers\FileHandler' driver.
DEBUG - 2026-07-12 06:58:21 --> Session: Class initialized using 'CodeIgniter\Session\Handlers\FileHandler' driver.
DEBUG - 2026-07-12 06:58:50 --> Session: Class initialized using 'CodeIgniter\Session\Handlers\FileHandler' driver.
DEBUG - 2026-07-12 06:58:51 --> Session: Class initialized using 'CodeIgniter\Session\Handlers\FileHandler' driver.
DEBUG - 2026-07-12 06:58:56 --> Session: Class initialized using 'CodeIgniter\Session\Handlers\FileHandler' driver.
DEBUG - 2026-07-12 06:58:58 --> Session: Class initialized using 'CodeIgniter\Session\Handlers\FileHandler' driver.
DEBUG - 2026-07-12 07:00:57 --> Session: Class initialized using 'CodeIgniter\Session\Handlers\FileHandler' driver.
DEBUG - 2026-07-12 07:01:32 --> Session: Class initialized using 'CodeIgniter\Session\Handlers\FileHandler' driver.
DEBUG - 2026-07-12 07:01:34 --> Session: Class initialized using 'CodeIgniter\Session\Handlers\FileHandler' driver.
CRITICAL - 2026-07-12 07:01:34 --> ErrorException: Undefined array key "label_aktual"
[Method: GET, Route: calonTraining/getDataTraining]
in APPPATH\Controllers\Training.php on line 157.
 1 APPPATH\Controllers\Training.php(157): CodeIgniter\Debug\Exceptions->errorHandler(2, 'Undefined array key "label_aktual"', 'C:\\laragon\\www\\program_bltd\\app\\Controllers\\Training.php', 157)
 2 SYSTEMPATH\CodeIgniter.php(951): App\Controllers\Training->getDataTraining()
 3 SYSTEMPATH\CodeIgniter.php(497): CodeIgniter\CodeIgniter->runController(Object(App\Controllers\Training))
 4 SYSTEMPATH\CodeIgniter.php(340): CodeIgniter\CodeIgniter->handleRequest(null, Object(Config\Cache), false)
 5 SYSTEMPATH\Boot.php(417): CodeIgniter\CodeIgniter->run()
 6 SYSTEMPATH\Boot.php(68): CodeIgniter\Boot::runCodeIgniter(Object(CodeIgniter\CodeIgniter))
 7 FCPATH\index.php(59): CodeIgniter\Boot::bootWeb(Object(Config\Paths))
DEBUG - 2026-07-12 07:02:01 --> Session: Class initialized using 'CodeIgniter\Session\Handlers\FileHandler' driver.
DEBUG - 2026-07-12 07:02:03 --> Session: Class initialized using 'CodeIgniter\Session\Handlers\FileHandler' driver.
CRITICAL - 2026-07-12 07:02:03 --> ErrorException: Undefined array key "label_aktual"
[Method: GET, Route: calonTraining/getDataTraining]
in APPPATH\Controllers\Training.php on line 157.
 1 APPPATH\Controllers\Training.php(157): CodeIgniter\Debug\Exceptions->errorHandler(2, 'Undefined array key "label_aktual"', 'C:\\laragon\\www\\program_bltd\\app\\Controllers\\Training.php', 157)
 2 SYSTEMPATH\CodeIgniter.php(951): App\Controllers\Training->getDataTraining()
 3 SYSTEMPATH\CodeIgniter.php(497): CodeIgniter\CodeIgniter->runController(Object(App\Controllers\Training))
 4 SYSTEMPATH\CodeIgniter.php(340): CodeIgniter\CodeIgniter->handleRequest(null, Object(Config\Cache), false)
 5 SYSTEMPATH\Boot.php(417): CodeIgniter\CodeIgniter->run()
 6 SYSTEMPATH\Boot.php(68): CodeIgniter\Boot::runCodeIgniter(Object(CodeIgniter\CodeIgniter))
 7 FCPATH\index.php(59): CodeIgniter\Boot::bootWeb(Object(Config\Paths))
DEBUG - 2026-07-12 07:02:16 --> Session: Class initialized using 'CodeIgniter\Session\Handlers\FileHandler' driver.
DEBUG - 2026-07-12 07:02:18 --> Session: Class initialized using 'CodeIgniter\Session\Handlers\FileHandler' driver.
CRITICAL - 2026-07-12 07:02:18 --> ErrorException: Undefined array key "label_aktual"
[Method: GET, Route: calonTraining/getDataTraining]
in APPPATH\Controllers\Training.php on line 157.
 1 APPPATH\Controllers\Training.php(157): CodeIgniter\Debug\Exceptions->errorHandler(2, 'Undefined array key "label_aktual"', 'C:\\laragon\\www\\program_bltd\\app\\Controllers\\Training.php', 157)
 2 SYSTEMPATH\CodeIgniter.php(951): App\Controllers\Training->getDataTraining()
 3 SYSTEMPATH\CodeIgniter.php(497): CodeIgniter\CodeIgniter->runController(Object(App\Controllers\Training))
 4 SYSTEMPATH\CodeIgniter.php(340): CodeIgniter\CodeIgniter->handleRequest(null, Object(Config\Cache), false)
 5 SYSTEMPATH\Boot.php(417): CodeIgniter\CodeIgniter->run()
 6 SYSTEMPATH\Boot.php(68): CodeIgniter\Boot::runCodeIgniter(Object(CodeIgniter\CodeIgniter))
 7 FCPATH\index.php(59): CodeIgniter\Boot::bootWeb(Object(Config\Paths))
DEBUG - 2026-07-12 07:04:25 --> Session: Class initialized using 'CodeIgniter\Session\Handlers\FileHandler' driver.
DEBUG - 2026-07-12 07:04:28 --> Session: Class initialized using 'CodeIgniter\Session\Handlers\FileHandler' driver.
DEBUG - 2026-07-12 07:04:55 --> Session: Class initialized using 'CodeIgniter\Session\Handlers\FileHandler' driver.
DEBUG - 2026-07-12 07:04:57 --> Session: Class initialized using 'CodeIgniter\Session\Handlers\FileHandler' driver.
DEBUG - 2026-07-12 07:05:02 --> Session: Class initialized using 'CodeIgniter\Session\Handlers\FileHandler' driver.
DEBUG - 2026-07-12 07:05:03 --> Session: Class initialized using 'CodeIgniter\Session\Handlers\FileHandler' driver.
DEBUG - 2026-07-12 07:08:21 --> Session: Class initialized using 'CodeIgniter\Session\Handlers\FileHandler' driver.
DEBUG - 2026-07-12 07:08:23 --> Session: Class initialized using 'CodeIgniter\Session\Handlers\FileHandler' driver.
DEBUG - 2026-07-12 07:09:30 --> Session: Class initialized using 'CodeIgniter\Session\Handlers\FileHandler' driver.
DEBUG - 2026-07-12 07:09:32 --> Session: Class initialized using 'CodeIgniter\Session\Handlers\FileHandler' driver.
DEBUG - 2026-07-12 07:09:37 --> Session: Class initialized using 'CodeIgniter\Session\Handlers\FileHandler' driver.
DEBUG - 2026-07-12 07:09:38 --> Session: Class initialized using 'CodeIgniter\Session\Handlers\FileHandler' driver.
DEBUG - 2026-07-12 07:09:42 --> Session: Class initialized using 'CodeIgniter\Session\Handlers\FileHandler' driver.
DEBUG - 2026-07-12 07:09:44 --> Session: Class initialized using 'CodeIgniter\Session\Handlers\FileHandler' driver.
DEBUG - 2026-07-12 07:11:07 --> Session: Class initialized using 'CodeIgniter\Session\Handlers\FileHandler' driver.
DEBUG - 2026-07-12 07:11:09 --> Session: Class initialized using 'CodeIgniter\Session\Handlers\FileHandler' driver.
DEBUG - 2026-07-12 07:11:41 --> Session: Class initialized using 'CodeIgniter\Session\Handlers\FileHandler' driver.
DEBUG - 2026-07-12 07:11:43 --> Session: Class initialized using 'CodeIgniter\Session\Handlers\FileHandler' driver.
DEBUG - 2026-07-12 07:11:47 --> Session: Class initialized using 'CodeIgniter\Session\Handlers\FileHandler' driver.
DEBUG - 2026-07-12 07:11:49 --> Session: Class initialized using 'CodeIgniter\Session\Handlers\FileHandler' driver.
DEBUG - 2026-07-12 07:19:56 --> Session: Class initialized using 'CodeIgniter\Session\Handlers\FileHandler' driver.
DEBUG - 2026-07-12 07:19:58 --> Session: Class initialized using 'CodeIgniter\Session\Handlers\FileHandler' driver.
DEBUG - 2026-07-12 07:22:12 --> Session: Class initialized using 'CodeIgniter\Session\Handlers\FileHandler' driver.
DEBUG - 2026-07-12 07:22:14 --> Session: Class initialized using 'CodeIgniter\Session\Handlers\FileHandler' driver.
DEBUG - 2026-07-12 07:22:35 --> Session: Class initialized using 'CodeIgniter\Session\Handlers\FileHandler' driver.
DEBUG - 2026-07-12 07:22:37 --> Session: Class initialized using 'CodeIgniter\Session\Handlers\FileHandler' driver.
DEBUG - 2026-07-12 07:22:44 --> Session: Class initialized using 'CodeIgniter\Session\Handlers\FileHandler' driver.
DEBUG - 2026-07-12 07:22:45 --> Session: Class initialized using 'CodeIgniter\Session\Handlers\FileHandler' driver.
DEBUG - 2026-07-12 07:25:07 --> Session: Class initialized using 'CodeIgniter\Session\Handlers\FileHandler' driver.
DEBUG - 2026-07-12 07:25:09 --> Session: Class initialized using 'CodeIgniter\Session\Handlers\FileHandler' driver.
DEBUG - 2026-07-12 07:25:51 --> Session: Class initialized using 'CodeIgniter\Session\Handlers\FileHandler' driver.
DEBUG - 2026-07-12 07:25:53 --> Session: Class initialized using 'CodeIgniter\Session\Handlers\FileHandler' driver.
DEBUG - 2026-07-12 07:25:54 --> Session: Class initialized using 'CodeIgniter\Session\Handlers\FileHandler' driver.
DEBUG - 2026-07-12 07:25:56 --> Session: Class initialized using 'CodeIgniter\Session\Handlers\FileHandler' driver.
DEBUG - 2026-07-12 07:26:03 --> Session: Class initialized using 'CodeIgniter\Session\Handlers\FileHandler' driver.
DEBUG - 2026-07-12 07:26:05 --> Session: Class initialized using 'CodeIgniter\Session\Handlers\FileHandler' driver.
DEBUG - 2026-07-12 07:26:40 --> Session: Class initialized using 'CodeIgniter\Session\Handlers\FileHandler' driver.
DEBUG - 2026-07-12 07:26:42 --> Session: Class initialized using 'CodeIgniter\Session\Handlers\FileHandler' driver.
DEBUG - 2026-07-12 07:27:04 --> Session: Class initialized using 'CodeIgniter\Session\Handlers\FileHandler' driver.
DEBUG - 2026-07-12 07:27:43 --> Session: Class initialized using 'CodeIgniter\Session\Handlers\FileHandler' driver.
DEBUG - 2026-07-12 07:27:45 --> Session: Class initialized using 'CodeIgniter\Session\Handlers\FileHandler' driver.
DEBUG - 2026-07-12 07:29:45 --> Session: Class initialized using 'CodeIgniter\Session\Handlers\FileHandler' driver.
CRITICAL - 2026-07-12 07:29:45 --> ErrorException: Trying to access array offset on null
[Method: GET, Route: tambahanggota]
in APPPATH\Views\penduduk\tambahAnggota.php on line 40.
 1 APPPATH\Views\penduduk\tambahAnggota.php(40): CodeIgniter\Debug\Exceptions->errorHandler(2, 'Trying to access array offset on null', 'C:\\laragon\\www\\program_bltd\\app\\Views\\penduduk\\tambahAnggota.php', 40)
 2 SYSTEMPATH\View\View.php(240): include('C:\\laragon\\www\\program_bltd\\app\\Views\\penduduk\\tambahAnggota.php')
 3 SYSTEMPATH\View\View.php(243): CodeIgniter\View\View->CodeIgniter\View\{closure}()
 4 SYSTEMPATH\Common.php(1250): CodeIgniter\View\View->render('penduduk/tambahanggota', [], true)
 5 APPPATH\Controllers\Keluarga.php(41): view('penduduk/tambahanggota', [...])
 6 SYSTEMPATH\CodeIgniter.php(951): App\Controllers\Keluarga->tambahanggota()
 7 SYSTEMPATH\CodeIgniter.php(497): CodeIgniter\CodeIgniter->runController(Object(App\Controllers\Keluarga))
 8 SYSTEMPATH\CodeIgniter.php(340): CodeIgniter\CodeIgniter->handleRequest(null, Object(Config\Cache), false)
 9 SYSTEMPATH\Boot.php(417): CodeIgniter\CodeIgniter->run()
10 SYSTEMPATH\Boot.php(68): CodeIgniter\Boot::runCodeIgniter(Object(CodeIgniter\CodeIgniter))
11 FCPATH\index.php(59): CodeIgniter\Boot::bootWeb(Object(Config\Paths))
DEBUG - 2026-07-12 07:29:47 --> Session: Class initialized using 'CodeIgniter\Session\Handlers\FileHandler' driver.
DEBUG - 2026-07-12 07:29:53 --> Session: Class initialized using 'CodeIgniter\Session\Handlers\FileHandler' driver.
DEBUG - 2026-07-12 07:29:58 --> Session: Class initialized using 'CodeIgniter\Session\Handlers\FileHandler' driver.
DEBUG - 2026-07-12 07:30:00 --> Session: Class initialized using 'CodeIgniter\Session\Handlers\FileHandler' driver.
DEBUG - 2026-07-12 07:32:53 --> Session: Class initialized using 'CodeIgniter\Session\Handlers\FileHandler' driver.
DEBUG - 2026-07-12 07:32:55 --> Session: Class initialized using 'CodeIgniter\Session\Handlers\FileHandler' driver.
DEBUG - 2026-07-12 07:33:22 --> Session: Class initialized using 'CodeIgniter\Session\Handlers\FileHandler' driver.
DEBUG - 2026-07-12 07:36:42 --> Session: Class initialized using 'CodeIgniter\Session\Handlers\FileHandler' driver.
DEBUG - 2026-07-12 07:41:57 --> Session: Class initialized using 'CodeIgniter\Session\Handlers\FileHandler' driver.
DEBUG - 2026-07-12 07:42:36 --> Session: Class initialized using 'CodeIgniter\Session\Handlers\FileHandler' driver.
DEBUG - 2026-07-12 07:42:37 --> Session: Class initialized using 'CodeIgniter\Session\Handlers\FileHandler' driver.
DEBUG - 2026-07-12 07:46:03 --> Session: Class initialized using 'CodeIgniter\Session\Handlers\FileHandler' driver.
DEBUG - 2026-07-12 07:46:05 --> Session: Class initialized using 'CodeIgniter\Session\Handlers\FileHandler' driver.
DEBUG - 2026-07-12 07:46:30 --> Session: Class initialized using 'CodeIgniter\Session\Handlers\FileHandler' driver.
DEBUG - 2026-07-12 07:46:39 --> Session: Class initialized using 'CodeIgniter\Session\Handlers\FileHandler' driver.
CRITICAL - 2026-07-12 07:57:39 --> ParseError: syntax error, unexpected variable "$anggotaKeluarga"
[Method: GET, Route: setKriteria]
in APPPATH\Controllers\Training.php on line 48.
 1 SYSTEMPATH\Autoloader\Autoloader.php(295): CodeIgniter\Autoloader\Autoloader->includeFile('C:\\laragon\\www\\program_bltd\\app\\Controllers\\Training.php')
 2 SYSTEMPATH\Autoloader\Autoloader.php(271): CodeIgniter\Autoloader\Autoloader->loadInNamespace('App\\Controllers\\Training')
 3 [internal function]: CodeIgniter\Autoloader\Autoloader->loadClass('App\\Controllers\\Training')
 4 SYSTEMPATH\Router\Router.php(792): class_exists('\\App\\Controllers\\Training')
 5 SYSTEMPATH\Router\Router.php(230): CodeIgniter\Router\Router->processRouteAttributes()
 6 SYSTEMPATH\CodeIgniter.php(829): CodeIgniter\Router\Router->handle('setKriteria')
 7 SYSTEMPATH\CodeIgniter.php(441): CodeIgniter\CodeIgniter->tryToRouteIt(Object(CodeIgniter\Router\RouteCollection))
 8 SYSTEMPATH\CodeIgniter.php(340): CodeIgniter\CodeIgniter->handleRequest(null, Object(Config\Cache), false)
 9 SYSTEMPATH\Boot.php(417): CodeIgniter\CodeIgniter->run()
10 SYSTEMPATH\Boot.php(68): CodeIgniter\Boot::runCodeIgniter(Object(CodeIgniter\CodeIgniter))
11 FCPATH\index.php(59): CodeIgniter\Boot::bootWeb(Object(Config\Paths))
DEBUG - 2026-07-12 07:57:59 --> Session: Class initialized using 'CodeIgniter\Session\Handlers\FileHandler' driver.
CRITICAL - 2026-07-12 07:57:59 --> Error: Class "App\Controllers\DetailAnggotaModel" not found
[Method: GET, Route: setKriteria]
in APPPATH\Controllers\Training.php on line 25.
 1 SYSTEMPATH\CodeIgniter.php(921): App\Controllers\Training->__construct()
 2 SYSTEMPATH\CodeIgniter.php(488): CodeIgniter\CodeIgniter->createController()
 3 SYSTEMPATH\CodeIgniter.php(340): CodeIgniter\CodeIgniter->handleRequest(null, Object(Config\Cache), false)
 4 SYSTEMPATH\Boot.php(417): CodeIgniter\CodeIgniter->run()
 5 SYSTEMPATH\Boot.php(68): CodeIgniter\Boot::runCodeIgniter(Object(CodeIgniter\CodeIgniter))
 6 FCPATH\index.php(59): CodeIgniter\Boot::bootWeb(Object(Config\Paths))
DEBUG - 2026-07-12 07:58:23 --> Session: Class initialized using 'CodeIgniter\Session\Handlers\FileHandler' driver.
CRITICAL - 2026-07-12 07:58:23 --> Error: Class "App\Controllers\DetailAnggotaModel" not found
[Method: GET, Route: setKriteria]
in APPPATH\Controllers\Training.php on line 25.
 1 SYSTEMPATH\CodeIgniter.php(921): App\Controllers\Training->__construct()
 2 SYSTEMPATH\CodeIgniter.php(488): CodeIgniter\CodeIgniter->createController()
 3 SYSTEMPATH\CodeIgniter.php(340): CodeIgniter\CodeIgniter->handleRequest(null, Object(Config\Cache), false)
 4 SYSTEMPATH\Boot.php(417): CodeIgniter\CodeIgniter->run()
 5 SYSTEMPATH\Boot.php(68): CodeIgniter\Boot::runCodeIgniter(Object(CodeIgniter\CodeIgniter))
 6 FCPATH\index.php(59): CodeIgniter\Boot::bootWeb(Object(Config\Paths))
DEBUG - 2026-07-12 07:58:44 --> Session: Class initialized using 'CodeIgniter\Session\Handlers\FileHandler' driver.
CRITICAL - 2026-07-12 07:58:44 --> ErrorException: Undefined property: App\Controllers\Training::$KeluargaModel
[Method: GET, Route: setKriteria]
in APPPATH\Controllers\Training.php on line 47.
 1 APPPATH\Controllers\Training.php(47): CodeIgniter\Debug\Exceptions->errorHandler(2, 'Undefined property: App\\Controllers\\Training::$KeluargaModel', 'C:\\laragon\\www\\program_bltd\\app\\Controllers\\Training.php', 47)
 2 SYSTEMPATH\CodeIgniter.php(951): App\Controllers\Training->tambahTraining()
 3 SYSTEMPATH\CodeIgniter.php(497): CodeIgniter\CodeIgniter->runController(Object(App\Controllers\Training))
 4 SYSTEMPATH\CodeIgniter.php(340): CodeIgniter\CodeIgniter->handleRequest(null, Object(Config\Cache), false)
 5 SYSTEMPATH\Boot.php(417): CodeIgniter\CodeIgniter->run()
 6 SYSTEMPATH\Boot.php(68): CodeIgniter\Boot::runCodeIgniter(Object(CodeIgniter\CodeIgniter))
 7 FCPATH\index.php(59): CodeIgniter\Boot::bootWeb(Object(Config\Paths))
DEBUG - 2026-07-12 07:59:24 --> Session: Class initialized using 'CodeIgniter\Session\Handlers\FileHandler' driver.
ERROR - 2026-07-12 07:59:24 --> You have an error in your SQL syntax; check the manual that corresponds to your MySQL server version for the right syntax to use near '`
JOIN `wilayah` `dusun` ON `dusun`.`id_wilayah` = `k`.`id_dusun`
JOIN `wilayah`' at line 3
in SYSTEMPATH\Database\MySQLi\Connection.php on line 300.
 1 SYSTEMPATH\Database\MySQLi\Connection.php(300): mysqli->query('SELECT `k`.`no_kk`, `k`.`alamat`, `k`.`jumlah_anggota`, `dusun`.`nama_wilayah` AS `nama_dusun`, `rw`.`nama_wilayah` AS `nama_rw`, `rt`.`nama_wilayah` AS `nama_rt`, `da`.`nama` AS `kepala_keluarga`
FROM `keluarga` `k`
LEFT JOIN `detail_anggota` `da` ON `da`.`id_kk` = `k`.`id_kk` AND `da`.`hubungan_keluarga` = "Kepala `Keluarga"`
JOIN `wilayah` `dusun` ON `dusun`.`id_wilayah` = `k`.`id_dusun`
JOIN `wilayah` `rw` ON `rw`.`id_wilayah` = `k`.`id_rw`
JOIN `wilayah` `rt` ON `rt`.`id_wilayah` = `k`.`id_rt`
WHERE `k`.`id_kk` = \'4\'', 0)
 2 SYSTEMPATH\Database\BaseConnection.php(910): CodeIgniter\Database\MySQLi\Connection->execute('SELECT `k`.`no_kk`, `k`.`alamat`, `k`.`jumlah_anggota`, `dusun`.`nama_wilayah` AS `nama_dusun`, `rw`.`nama_wilayah` AS `nama_rw`, `rt`.`nama_wilayah` AS `nama_rt`, `da`.`nama` AS `kepala_keluarga`
FROM `keluarga` `k`
LEFT JOIN `detail_anggota` `da` ON `da`.`id_kk` = `k`.`id_kk` AND `da`.`hubungan_keluarga` = "Kepala `Keluarga"`
JOIN `wilayah` `dusun` ON `dusun`.`id_wilayah` = `k`.`id_dusun`
JOIN `wilayah` `rw` ON `rw`.`id_wilayah` = `k`.`id_rw`
JOIN `wilayah` `rt` ON `rt`.`id_wilayah` = `k`.`id_rt`
WHERE `k`.`id_kk` = \'4\'')
 3 SYSTEMPATH\Database\BaseConnection.php(827): CodeIgniter\Database\BaseConnection->simpleQuery('SELECT `k`.`no_kk`, `k`.`alamat`, `k`.`jumlah_anggota`, `dusun`.`nama_wilayah` AS `nama_dusun`, `rw`.`nama_wilayah` AS `nama_rw`, `rt`.`nama_wilayah` AS `nama_rt`, `da`.`nama` AS `kepala_keluarga`
FROM `keluarga` `k`
LEFT JOIN `detail_anggota` `da` ON `da`.`id_kk` = `k`.`id_kk` AND `da`.`hubungan_keluarga` = "Kepala `Keluarga"`
JOIN `wilayah` `dusun` ON `dusun`.`id_wilayah` = `k`.`id_dusun`
JOIN `wilayah` `rw` ON `rw`.`id_wilayah` = `k`.`id_rw`
JOIN `wilayah` `rt` ON `rt`.`id_wilayah` = `k`.`id_rt`
WHERE `k`.`id_kk` = \'4\'')
 4 SYSTEMPATH\Database\BaseBuilder.php(1649): CodeIgniter\Database\BaseConnection->query('SELECT `k`.`no_kk`, `k`.`alamat`, `k`.`jumlah_anggota`, `dusun`.`nama_wilayah` AS `nama_dusun`, `rw`.`nama_wilayah` AS `nama_rw`, `rt`.`nama_wilayah` AS `nama_rt`, `da`.`nama` AS `kepala_keluarga`
FROM `keluarga` `k`
LEFT JOIN `detail_anggota` `da` ON `da`.`id_kk` = `k`.`id_kk` AND `da`.`hubungan_keluarga` = "Kepala `Keluarga"`
JOIN `wilayah` `dusun` ON `dusun`.`id_wilayah` = `k`.`id_dusun`
JOIN `wilayah` `rw` ON `rw`.`id_wilayah` = `k`.`id_rw`
JOIN `wilayah` `rt` ON `rt`.`id_wilayah` = `k`.`id_rt`
WHERE `k`.`id_kk` = :k.id_kk:', [...], false)
 5 APPPATH\Models\KeluargaModel.php(95): CodeIgniter\Database\BaseBuilder->get()
 6 APPPATH\Controllers\Training.php(47): App\Models\KeluargaModel->cekKeluargaByIDKK('4')
 7 SYSTEMPATH\CodeIgniter.php(951): App\Controllers\Training->tambahTraining()
 8 SYSTEMPATH\CodeIgniter.php(497): CodeIgniter\CodeIgniter->runController(Object(App\Controllers\Training))
 9 SYSTEMPATH\CodeIgniter.php(340): CodeIgniter\CodeIgniter->handleRequest(null, Object(Config\Cache), false)
10 SYSTEMPATH\Boot.php(417): CodeIgniter\CodeIgniter->run()
11 SYSTEMPATH\Boot.php(68): CodeIgniter\Boot::runCodeIgniter(Object(CodeIgniter\CodeIgniter))
12 FCPATH\index.php(59): CodeIgniter\Boot::bootWeb(Object(Config\Paths))
CRITICAL - 2026-07-12 07:59:24 --> CodeIgniter\Database\Exceptions\DatabaseException: You have an error in your SQL syntax; check the manual that corresponds to your MySQL server version for the right syntax to use near '`
JOIN `wilayah` `dusun` ON `dusun`.`id_wilayah` = `k`.`id_dusun`
JOIN `wilayah`' at line 3
[Method: GET, Route: setKriteria]
in SYSTEMPATH\Database\BaseConnection.php on line 865.
 1 SYSTEMPATH\Database\BaseBuilder.php(1649): CodeIgniter\Database\BaseConnection->query('SELECT `k`.`no_kk`, `k`.`alamat`, `k`.`jumlah_anggota`, `dusun`.`nama_wilayah` AS `nama_dusun`, `rw`.`nama_wilayah` AS `nama_rw`, `rt`.`nama_wilayah` AS `nama_rt`, `da`.`nama` AS `kepala_keluarga`
FROM `keluarga` `k`
LEFT JOIN `detail_anggota` `da` ON `da`.`id_kk` = `k`.`id_kk` AND `da`.`hubungan_keluarga` = "Kepala `Keluarga"`
JOIN `wilayah` `dusun` ON `dusun`.`id_wilayah` = `k`.`id_dusun`
JOIN `wilayah` `rw` ON `rw`.`id_wilayah` = `k`.`id_rw`
JOIN `wilayah` `rt` ON `rt`.`id_wilayah` = `k`.`id_rt`
WHERE `k`.`id_kk` = :k.id_kk:', [...], false)
 2 APPPATH\Models\KeluargaModel.php(95): CodeIgniter\Database\BaseBuilder->get()
 3 APPPATH\Controllers\Training.php(47): App\Models\KeluargaModel->cekKeluargaByIDKK('4')
 4 SYSTEMPATH\CodeIgniter.php(951): App\Controllers\Training->tambahTraining()
 5 SYSTEMPATH\CodeIgniter.php(497): CodeIgniter\CodeIgniter->runController(Object(App\Controllers\Training))
 6 SYSTEMPATH\CodeIgniter.php(340): CodeIgniter\CodeIgniter->handleRequest(null, Object(Config\Cache), false)
 7 SYSTEMPATH\Boot.php(417): CodeIgniter\CodeIgniter->run()
 8 SYSTEMPATH\Boot.php(68): CodeIgniter\Boot::runCodeIgniter(Object(CodeIgniter\CodeIgniter))
 9 FCPATH\index.php(59): CodeIgniter\Boot::bootWeb(Object(Config\Paths))
CRITICAL - 2026-07-12 07:59:24 --> [Caused by] CodeIgniter\Database\Exceptions\DatabaseException: You have an error in your SQL syntax; check the manual that corresponds to your MySQL server version for the right syntax to use near '`
JOIN `wilayah` `dusun` ON `dusun`.`id_wilayah` = `k`.`id_dusun`
JOIN `wilayah`' at line 3
in SYSTEMPATH\Database\MySQLi\Connection.php on line 310.
 1 SYSTEMPATH\Database\BaseConnection.php(910): CodeIgniter\Database\MySQLi\Connection->execute('SELECT `k`.`no_kk`, `k`.`alamat`, `k`.`jumlah_anggota`, `dusun`.`nama_wilayah` AS `nama_dusun`, `rw`.`nama_wilayah` AS `nama_rw`, `rt`.`nama_wilayah` AS `nama_rt`, `da`.`nama` AS `kepala_keluarga`
FROM `keluarga` `k`
LEFT JOIN `detail_anggota` `da` ON `da`.`id_kk` = `k`.`id_kk` AND `da`.`hubungan_keluarga` = "Kepala `Keluarga"`
JOIN `wilayah` `dusun` ON `dusun`.`id_wilayah` = `k`.`id_dusun`
JOIN `wilayah` `rw` ON `rw`.`id_wilayah` = `k`.`id_rw`
JOIN `wilayah` `rt` ON `rt`.`id_wilayah` = `k`.`id_rt`
WHERE `k`.`id_kk` = \'4\'')
 2 SYSTEMPATH\Database\BaseConnection.php(827): CodeIgniter\Database\BaseConnection->simpleQuery('SELECT `k`.`no_kk`, `k`.`alamat`, `k`.`jumlah_anggota`, `dusun`.`nama_wilayah` AS `nama_dusun`, `rw`.`nama_wilayah` AS `nama_rw`, `rt`.`nama_wilayah` AS `nama_rt`, `da`.`nama` AS `kepala_keluarga`
FROM `keluarga` `k`
LEFT JOIN `detail_anggota` `da` ON `da`.`id_kk` = `k`.`id_kk` AND `da`.`hubungan_keluarga` = "Kepala `Keluarga"`
JOIN `wilayah` `dusun` ON `dusun`.`id_wilayah` = `k`.`id_dusun`
JOIN `wilayah` `rw` ON `rw`.`id_wilayah` = `k`.`id_rw`
JOIN `wilayah` `rt` ON `rt`.`id_wilayah` = `k`.`id_rt`
WHERE `k`.`id_kk` = \'4\'')
 3 SYSTEMPATH\Database\BaseBuilder.php(1649): CodeIgniter\Database\BaseConnection->query('SELECT `k`.`no_kk`, `k`.`alamat`, `k`.`jumlah_anggota`, `dusun`.`nama_wilayah` AS `nama_dusun`, `rw`.`nama_wilayah` AS `nama_rw`, `rt`.`nama_wilayah` AS `nama_rt`, `da`.`nama` AS `kepala_keluarga`
FROM `keluarga` `k`
LEFT JOIN `detail_anggota` `da` ON `da`.`id_kk` = `k`.`id_kk` AND `da`.`hubungan_keluarga` = "Kepala `Keluarga"`
JOIN `wilayah` `dusun` ON `dusun`.`id_wilayah` = `k`.`id_dusun`
JOIN `wilayah` `rw` ON `rw`.`id_wilayah` = `k`.`id_rw`
JOIN `wilayah` `rt` ON `rt`.`id_wilayah` = `k`.`id_rt`
WHERE `k`.`id_kk` = :k.id_kk:', [...], false)
 4 APPPATH\Models\KeluargaModel.php(95): CodeIgniter\Database\BaseBuilder->get()
 5 APPPATH\Controllers\Training.php(47): App\Models\KeluargaModel->cekKeluargaByIDKK('4')
 6 SYSTEMPATH\CodeIgniter.php(951): App\Controllers\Training->tambahTraining()
 7 SYSTEMPATH\CodeIgniter.php(497): CodeIgniter\CodeIgniter->runController(Object(App\Controllers\Training))
 8 SYSTEMPATH\CodeIgniter.php(340): CodeIgniter\CodeIgniter->handleRequest(null, Object(Config\Cache), false)
 9 SYSTEMPATH\Boot.php(417): CodeIgniter\CodeIgniter->run()
10 SYSTEMPATH\Boot.php(68): CodeIgniter\Boot::runCodeIgniter(Object(CodeIgniter\CodeIgniter))
11 FCPATH\index.php(59): CodeIgniter\Boot::bootWeb(Object(Config\Paths))
CRITICAL - 2026-07-12 07:59:24 --> [Caused by] mysqli_sql_exception: You have an error in your SQL syntax; check the manual that corresponds to your MySQL server version for the right syntax to use near '`
JOIN `wilayah` `dusun` ON `dusun`.`id_wilayah` = `k`.`id_dusun`
JOIN `wilayah`' at line 3
in SYSTEMPATH\Database\MySQLi\Connection.php on line 300.
 1 SYSTEMPATH\Database\MySQLi\Connection.php(300): mysqli->query('SELECT `k`.`no_kk`, `k`.`alamat`, `k`.`jumlah_anggota`, `dusun`.`nama_wilayah` AS `nama_dusun`, `rw`.`nama_wilayah` AS `nama_rw`, `rt`.`nama_wilayah` AS `nama_rt`, `da`.`nama` AS `kepala_keluarga`
FROM `keluarga` `k`
LEFT JOIN `detail_anggota` `da` ON `da`.`id_kk` = `k`.`id_kk` AND `da`.`hubungan_keluarga` = "Kepala `Keluarga"`
JOIN `wilayah` `dusun` ON `dusun`.`id_wilayah` = `k`.`id_dusun`
JOIN `wilayah` `rw` ON `rw`.`id_wilayah` = `k`.`id_rw`
JOIN `wilayah` `rt` ON `rt`.`id_wilayah` = `k`.`id_rt`
WHERE `k`.`id_kk` = \'4\'', 0)
 2 SYSTEMPATH\Database\BaseConnection.php(910): CodeIgniter\Database\MySQLi\Connection->execute('SELECT `k`.`no_kk`, `k`.`alamat`, `k`.`jumlah_anggota`, `dusun`.`nama_wilayah` AS `nama_dusun`, `rw`.`nama_wilayah` AS `nama_rw`, `rt`.`nama_wilayah` AS `nama_rt`, `da`.`nama` AS `kepala_keluarga`
FROM `keluarga` `k`
LEFT JOIN `detail_anggota` `da` ON `da`.`id_kk` = `k`.`id_kk` AND `da`.`hubungan_keluarga` = "Kepala `Keluarga"`
JOIN `wilayah` `dusun` ON `dusun`.`id_wilayah` = `k`.`id_dusun`
JOIN `wilayah` `rw` ON `rw`.`id_wilayah` = `k`.`id_rw`
JOIN `wilayah` `rt` ON `rt`.`id_wilayah` = `k`.`id_rt`
WHERE `k`.`id_kk` = \'4\'')
 3 SYSTEMPATH\Database\BaseConnection.php(827): CodeIgniter\Database\BaseConnection->simpleQuery('SELECT `k`.`no_kk`, `k`.`alamat`, `k`.`jumlah_anggota`, `dusun`.`nama_wilayah` AS `nama_dusun`, `rw`.`nama_wilayah` AS `nama_rw`, `rt`.`nama_wilayah` AS `nama_rt`, `da`.`nama` AS `kepala_keluarga`
FROM `keluarga` `k`
LEFT JOIN `detail_anggota` `da` ON `da`.`id_kk` = `k`.`id_kk` AND `da`.`hubungan_keluarga` = "Kepala `Keluarga"`
JOIN `wilayah` `dusun` ON `dusun`.`id_wilayah` = `k`.`id_dusun`
JOIN `wilayah` `rw` ON `rw`.`id_wilayah` = `k`.`id_rw`
JOIN `wilayah` `rt` ON `rt`.`id_wilayah` = `k`.`id_rt`
WHERE `k`.`id_kk` = \'4\'')
 4 SYSTEMPATH\Database\BaseBuilder.php(1649): CodeIgniter\Database\BaseConnection->query('SELECT `k`.`no_kk`, `k`.`alamat`, `k`.`jumlah_anggota`, `dusun`.`nama_wilayah` AS `nama_dusun`, `rw`.`nama_wilayah` AS `nama_rw`, `rt`.`nama_wilayah` AS `nama_rt`, `da`.`nama` AS `kepala_keluarga`
FROM `keluarga` `k`
LEFT JOIN `detail_anggota` `da` ON `da`.`id_kk` = `k`.`id_kk` AND `da`.`hubungan_keluarga` = "Kepala `Keluarga"`
JOIN `wilayah` `dusun` ON `dusun`.`id_wilayah` = `k`.`id_dusun`
JOIN `wilayah` `rw` ON `rw`.`id_wilayah` = `k`.`id_rw`
JOIN `wilayah` `rt` ON `rt`.`id_wilayah` = `k`.`id_rt`
WHERE `k`.`id_kk` = :k.id_kk:', [...], false)
 5 APPPATH\Models\KeluargaModel.php(95): CodeIgniter\Database\BaseBuilder->get()
 6 APPPATH\Controllers\Training.php(47): App\Models\KeluargaModel->cekKeluargaByIDKK('4')
 7 SYSTEMPATH\CodeIgniter.php(951): App\Controllers\Training->tambahTraining()
 8 SYSTEMPATH\CodeIgniter.php(497): CodeIgniter\CodeIgniter->runController(Object(App\Controllers\Training))
 9 SYSTEMPATH\CodeIgniter.php(340): CodeIgniter\CodeIgniter->handleRequest(null, Object(Config\Cache), false)
10 SYSTEMPATH\Boot.php(417): CodeIgniter\CodeIgniter->run()
11 SYSTEMPATH\Boot.php(68): CodeIgniter\Boot::runCodeIgniter(Object(CodeIgniter\CodeIgniter))
12 FCPATH\index.php(59): CodeIgniter\Boot::bootWeb(Object(Config\Paths))
DEBUG - 2026-07-12 08:02:55 --> Session: Class initialized using 'CodeIgniter\Session\Handlers\FileHandler' driver.
CRITICAL - 2026-07-12 08:02:56 --> ErrorException: Undefined property: App\Controllers\Training::$DetailAnggotaaModel
[Method: GET, Route: setKriteria]
in APPPATH\Controllers\Training.php on line 48.
 1 APPPATH\Controllers\Training.php(48): CodeIgniter\Debug\Exceptions->errorHandler(2, 'Undefined property: App\\Controllers\\Training::$DetailAnggotaaModel', 'C:\\laragon\\www\\program_bltd\\app\\Controllers\\Training.php', 48)
 2 SYSTEMPATH\CodeIgniter.php(951): App\Controllers\Training->tambahTraining()
 3 SYSTEMPATH\CodeIgniter.php(497): CodeIgniter\CodeIgniter->runController(Object(App\Controllers\Training))
 4 SYSTEMPATH\CodeIgniter.php(340): CodeIgniter\CodeIgniter->handleRequest(null, Object(Config\Cache), false)
 5 SYSTEMPATH\Boot.php(417): CodeIgniter\CodeIgniter->run()
 6 SYSTEMPATH\Boot.php(68): CodeIgniter\Boot::runCodeIgniter(Object(CodeIgniter\CodeIgniter))
 7 FCPATH\index.php(59): CodeIgniter\Boot::bootWeb(Object(Config\Paths))
DEBUG - 2026-07-12 08:04:24 --> Session: Class initialized using 'CodeIgniter\Session\Handlers\FileHandler' driver.
CRITICAL - 2026-07-12 08:04:25 --> ErrorException: Undefined property: App\Controllers\Training::$DetailAnggotaaModel
[Method: GET, Route: setKriteria]
in APPPATH\Controllers\Training.php on line 48.
 1 APPPATH\Controllers\Training.php(48): CodeIgniter\Debug\Exceptions->errorHandler(2, 'Undefined property: App\\Controllers\\Training::$DetailAnggotaaModel', 'C:\\laragon\\www\\program_bltd\\app\\Controllers\\Training.php', 48)
 2 SYSTEMPATH\CodeIgniter.php(951): App\Controllers\Training->tambahTraining()
 3 SYSTEMPATH\CodeIgniter.php(497): CodeIgniter\CodeIgniter->runController(Object(App\Controllers\Training))
 4 SYSTEMPATH\CodeIgniter.php(340): CodeIgniter\CodeIgniter->handleRequest(null, Object(Config\Cache), false)
 5 SYSTEMPATH\Boot.php(417): CodeIgniter\CodeIgniter->run()
 6 SYSTEMPATH\Boot.php(68): CodeIgniter\Boot::runCodeIgniter(Object(CodeIgniter\CodeIgniter))
 7 FCPATH\index.php(59): CodeIgniter\Boot::bootWeb(Object(Config\Paths))
DEBUG - 2026-07-12 08:06:03 --> Session: Class initialized using 'CodeIgniter\Session\Handlers\FileHandler' driver.
CRITICAL - 2026-07-12 08:06:03 --> ErrorException: Undefined property: App\Controllers\Training::$DetailAnggotaaModel
[Method: GET, Route: setKriteria]
in APPPATH\Controllers\Training.php on line 48.
 1 APPPATH\Controllers\Training.php(48): CodeIgniter\Debug\Exceptions->errorHandler(2, 'Undefined property: App\\Controllers\\Training::$DetailAnggotaaModel', 'C:\\laragon\\www\\program_bltd\\app\\Controllers\\Training.php', 48)
 2 SYSTEMPATH\CodeIgniter.php(951): App\Controllers\Training->tambahTraining()
 3 SYSTEMPATH\CodeIgniter.php(497): CodeIgniter\CodeIgniter->runController(Object(App\Controllers\Training))
 4 SYSTEMPATH\CodeIgniter.php(340): CodeIgniter\CodeIgniter->handleRequest(null, Object(Config\Cache), false)
 5 SYSTEMPATH\Boot.php(417): CodeIgniter\CodeIgniter->run()
 6 SYSTEMPATH\Boot.php(68): CodeIgniter\Boot::runCodeIgniter(Object(CodeIgniter\CodeIgniter))
 7 FCPATH\index.php(59): CodeIgniter\Boot::bootWeb(Object(Config\Paths))
DEBUG - 2026-07-12 08:06:26 --> Session: Class initialized using 'CodeIgniter\Session\Handlers\FileHandler' driver.
DEBUG - 2026-07-12 08:11:08 --> Session: Class initialized using 'CodeIgniter\Session\Handlers\FileHandler' driver.
DEBUG - 2026-07-12 08:12:00 --> Session: Class initialized using 'CodeIgniter\Session\Handlers\FileHandler' driver.
DEBUG - 2026-07-12 08:14:24 --> Session: Class initialized using 'CodeIgniter\Session\Handlers\FileHandler' driver.
DEBUG - 2026-07-12 08:20:12 --> Session: Class initialized using 'CodeIgniter\Session\Handlers\FileHandler' driver.
DEBUG - 2026-07-12 08:20:54 --> Session: Class initialized using 'CodeIgniter\Session\Handlers\FileHandler' driver.
DEBUG - 2026-07-12 08:21:33 --> Session: Class initialized using 'CodeIgniter\Session\Handlers\FileHandler' driver.
DEBUG - 2026-07-12 08:21:47 --> Session: Class initialized using 'CodeIgniter\Session\Handlers\FileHandler' driver.
DEBUG - 2026-07-12 08:21:49 --> Session: Class initialized using 'CodeIgniter\Session\Handlers\FileHandler' driver.
DEBUG - 2026-07-12 08:21:52 --> Session: Class initialized using 'CodeIgniter\Session\Handlers\FileHandler' driver.
DEBUG - 2026-07-12 08:21:53 --> Session: Class initialized using 'CodeIgniter\Session\Handlers\FileHandler' driver.
DEBUG - 2026-07-12 08:22:00 --> Session: Class initialized using 'CodeIgniter\Session\Handlers\FileHandler' driver.
DEBUG - 2026-07-12 08:22:04 --> Session: Class initialized using 'CodeIgniter\Session\Handlers\FileHandler' driver.
DEBUG - 2026-07-12 08:22:06 --> Session: Class initialized using 'CodeIgniter\Session\Handlers\FileHandler' driver.
DEBUG - 2026-07-12 08:22:08 --> Session: Class initialized using 'CodeIgniter\Session\Handlers\FileHandler' driver.
DEBUG - 2026-07-12 08:22:15 --> Session: Class initialized using 'CodeIgniter\Session\Handlers\FileHandler' driver.
DEBUG - 2026-07-12 08:22:24 --> Session: Class initialized using 'CodeIgniter\Session\Handlers\FileHandler' driver.
DEBUG - 2026-07-12 08:22:27 --> Session: Class initialized using 'CodeIgniter\Session\Handlers\FileHandler' driver.
DEBUG - 2026-07-12 08:22:53 --> Session: Class initialized using 'CodeIgniter\Session\Handlers\FileHandler' driver.
CRITICAL - 2026-07-12 08:22:53 --> ErrorException: Undefined property: App\Controllers\Training::$DetailAnggotaaModel
[Method: GET, Route: setKriteria]
in APPPATH\Controllers\Training.php on line 48.
 1 APPPATH\Controllers\Training.php(48): CodeIgniter\Debug\Exceptions->errorHandler(2, 'Undefined property: App\\Controllers\\Training::$DetailAnggotaaModel', 'C:\\laragon\\www\\program_bltd\\app\\Controllers\\Training.php', 48)
 2 SYSTEMPATH\CodeIgniter.php(951): App\Controllers\Training->tambahTraining()
 3 SYSTEMPATH\CodeIgniter.php(497): CodeIgniter\CodeIgniter->runController(Object(App\Controllers\Training))
 4 SYSTEMPATH\CodeIgniter.php(340): CodeIgniter\CodeIgniter->handleRequest(null, Object(Config\Cache), false)
 5 SYSTEMPATH\Boot.php(417): CodeIgniter\CodeIgniter->run()
 6 SYSTEMPATH\Boot.php(68): CodeIgniter\Boot::runCodeIgniter(Object(CodeIgniter\CodeIgniter))
 7 FCPATH\index.php(59): CodeIgniter\Boot::bootWeb(Object(Config\Paths))
DEBUG - 2026-07-12 08:23:50 --> Session: Class initialized using 'CodeIgniter\Session\Handlers\FileHandler' driver.
CRITICAL - 2026-07-12 08:23:50 --> ErrorException: Undefined property: App\Controllers\Training::$DetailAnggotaaModel
[Method: GET, Route: setKriteria]
in APPPATH\Controllers\Training.php on line 48.
 1 APPPATH\Controllers\Training.php(48): CodeIgniter\Debug\Exceptions->errorHandler(2, 'Undefined property: App\\Controllers\\Training::$DetailAnggotaaModel', 'C:\\laragon\\www\\program_bltd\\app\\Controllers\\Training.php', 48)
 2 SYSTEMPATH\CodeIgniter.php(951): App\Controllers\Training->tambahTraining()
 3 SYSTEMPATH\CodeIgniter.php(497): CodeIgniter\CodeIgniter->runController(Object(App\Controllers\Training))
 4 SYSTEMPATH\CodeIgniter.php(340): CodeIgniter\CodeIgniter->handleRequest(null, Object(Config\Cache), false)
 5 SYSTEMPATH\Boot.php(417): CodeIgniter\CodeIgniter->run()
 6 SYSTEMPATH\Boot.php(68): CodeIgniter\Boot::runCodeIgniter(Object(CodeIgniter\CodeIgniter))
 7 FCPATH\index.php(59): CodeIgniter\Boot::bootWeb(Object(Config\Paths))
DEBUG - 2026-07-12 08:24:40 --> Session: Class initialized using 'CodeIgniter\Session\Handlers\FileHandler' driver.
ERROR - 2026-07-12 08:24:41 --> Unknown column 'k.id_pekerjaan' in 'on clause'
in SYSTEMPATH\Database\MySQLi\Connection.php on line 300.
 1 SYSTEMPATH\Database\MySQLi\Connection.php(300): mysqli->query('SELECT `da`.*, `pa`.`nama_pekerjaan`
FROM `detail_anggota` `da`
JOIN `keluarga` `k` ON `k`.`id_kk` = `da`.`id_kk`
JOIN `pekerjaan` `pa` ON `pa`.`id_pekerjaan` = `k`.`id_pekerjaan`
WHERE `da`.`id_kk` = \'5\'', 0)
 2 SYSTEMPATH\Database\BaseConnection.php(910): CodeIgniter\Database\MySQLi\Connection->execute('SELECT `da`.*, `pa`.`nama_pekerjaan`
FROM `detail_anggota` `da`
JOIN `keluarga` `k` ON `k`.`id_kk` = `da`.`id_kk`
JOIN `pekerjaan` `pa` ON `pa`.`id_pekerjaan` = `k`.`id_pekerjaan`
WHERE `da`.`id_kk` = \'5\'')
 3 SYSTEMPATH\Database\BaseConnection.php(827): CodeIgniter\Database\BaseConnection->simpleQuery('SELECT `da`.*, `pa`.`nama_pekerjaan`
FROM `detail_anggota` `da`
JOIN `keluarga` `k` ON `k`.`id_kk` = `da`.`id_kk`
JOIN `pekerjaan` `pa` ON `pa`.`id_pekerjaan` = `k`.`id_pekerjaan`
WHERE `da`.`id_kk` = \'5\'')
 4 SYSTEMPATH\Database\BaseBuilder.php(1649): CodeIgniter\Database\BaseConnection->query('SELECT `da`.*, `pa`.`nama_pekerjaan`
FROM `detail_anggota` `da`
JOIN `keluarga` `k` ON `k`.`id_kk` = `da`.`id_kk`
JOIN `pekerjaan` `pa` ON `pa`.`id_pekerjaan` = `k`.`id_pekerjaan`
WHERE `da`.`id_kk` = :da.id_kk:', [...], false)
 5 APPPATH\Models\DetailAnggotaModel.php(100): CodeIgniter\Database\BaseBuilder->get()
 6 APPPATH\Controllers\Training.php(48): App\Models\DetailAnggotaModel->getAnggotaKeluargaByIdKK('5')
 7 SYSTEMPATH\CodeIgniter.php(951): App\Controllers\Training->tambahTraining()
 8 SYSTEMPATH\CodeIgniter.php(497): CodeIgniter\CodeIgniter->runController(Object(App\Controllers\Training))
 9 SYSTEMPATH\CodeIgniter.php(340): CodeIgniter\CodeIgniter->handleRequest(null, Object(Config\Cache), false)
10 SYSTEMPATH\Boot.php(417): CodeIgniter\CodeIgniter->run()
11 SYSTEMPATH\Boot.php(68): CodeIgniter\Boot::runCodeIgniter(Object(CodeIgniter\CodeIgniter))
12 FCPATH\index.php(59): CodeIgniter\Boot::bootWeb(Object(Config\Paths))
CRITICAL - 2026-07-12 08:24:41 --> CodeIgniter\Database\Exceptions\DatabaseException: Unknown column 'k.id_pekerjaan' in 'on clause'
[Method: GET, Route: setKriteria]
in SYSTEMPATH\Database\BaseConnection.php on line 865.
 1 SYSTEMPATH\Database\BaseBuilder.php(1649): CodeIgniter\Database\BaseConnection->query('SELECT `da`.*, `pa`.`nama_pekerjaan`
FROM `detail_anggota` `da`
JOIN `keluarga` `k` ON `k`.`id_kk` = `da`.`id_kk`
JOIN `pekerjaan` `pa` ON `pa`.`id_pekerjaan` = `k`.`id_pekerjaan`
WHERE `da`.`id_kk` = :da.id_kk:', [...], false)
 2 APPPATH\Models\DetailAnggotaModel.php(100): CodeIgniter\Database\BaseBuilder->get()
 3 APPPATH\Controllers\Training.php(48): App\Models\DetailAnggotaModel->getAnggotaKeluargaByIdKK('5')
 4 SYSTEMPATH\CodeIgniter.php(951): App\Controllers\Training->tambahTraining()
 5 SYSTEMPATH\CodeIgniter.php(497): CodeIgniter\CodeIgniter->runController(Object(App\Controllers\Training))
 6 SYSTEMPATH\CodeIgniter.php(340): CodeIgniter\CodeIgniter->handleRequest(null, Object(Config\Cache), false)
 7 SYSTEMPATH\Boot.php(417): CodeIgniter\CodeIgniter->run()
 8 SYSTEMPATH\Boot.php(68): CodeIgniter\Boot::runCodeIgniter(Object(CodeIgniter\CodeIgniter))
 9 FCPATH\index.php(59): CodeIgniter\Boot::bootWeb(Object(Config\Paths))
CRITICAL - 2026-07-12 08:24:41 --> [Caused by] CodeIgniter\Database\Exceptions\DatabaseException: Unknown column 'k.id_pekerjaan' in 'on clause'
in SYSTEMPATH\Database\MySQLi\Connection.php on line 310.
 1 SYSTEMPATH\Database\BaseConnection.php(910): CodeIgniter\Database\MySQLi\Connection->execute('SELECT `da`.*, `pa`.`nama_pekerjaan`
FROM `detail_anggota` `da`
JOIN `keluarga` `k` ON `k`.`id_kk` = `da`.`id_kk`
JOIN `pekerjaan` `pa` ON `pa`.`id_pekerjaan` = `k`.`id_pekerjaan`
WHERE `da`.`id_kk` = \'5\'')
 2 SYSTEMPATH\Database\BaseConnection.php(827): CodeIgniter\Database\BaseConnection->simpleQuery('SELECT `da`.*, `pa`.`nama_pekerjaan`
FROM `detail_anggota` `da`
JOIN `keluarga` `k` ON `k`.`id_kk` = `da`.`id_kk`
JOIN `pekerjaan` `pa` ON `pa`.`id_pekerjaan` = `k`.`id_pekerjaan`
WHERE `da`.`id_kk` = \'5\'')
 3 SYSTEMPATH\Database\BaseBuilder.php(1649): CodeIgniter\Database\BaseConnection->query('SELECT `da`.*, `pa`.`nama_pekerjaan`
FROM `detail_anggota` `da`
JOIN `keluarga` `k` ON `k`.`id_kk` = `da`.`id_kk`
JOIN `pekerjaan` `pa` ON `pa`.`id_pekerjaan` = `k`.`id_pekerjaan`
WHERE `da`.`id_kk` = :da.id_kk:', [...], false)
 4 APPPATH\Models\DetailAnggotaModel.php(100): CodeIgniter\Database\BaseBuilder->get()
 5 APPPATH\Controllers\Training.php(48): App\Models\DetailAnggotaModel->getAnggotaKeluargaByIdKK('5')
 6 SYSTEMPATH\CodeIgniter.php(951): App\Controllers\Training->tambahTraining()
 7 SYSTEMPATH\CodeIgniter.php(497): CodeIgniter\CodeIgniter->runController(Object(App\Controllers\Training))
 8 SYSTEMPATH\CodeIgniter.php(340): CodeIgniter\CodeIgniter->handleRequest(null, Object(Config\Cache), false)
 9 SYSTEMPATH\Boot.php(417): CodeIgniter\CodeIgniter->run()
10 SYSTEMPATH\Boot.php(68): CodeIgniter\Boot::runCodeIgniter(Object(CodeIgniter\CodeIgniter))
11 FCPATH\index.php(59): CodeIgniter\Boot::bootWeb(Object(Config\Paths))
CRITICAL - 2026-07-12 08:24:41 --> [Caused by] mysqli_sql_exception: Unknown column 'k.id_pekerjaan' in 'on clause'
in SYSTEMPATH\Database\MySQLi\Connection.php on line 300.
 1 SYSTEMPATH\Database\MySQLi\Connection.php(300): mysqli->query('SELECT `da`.*, `pa`.`nama_pekerjaan`
FROM `detail_anggota` `da`
JOIN `keluarga` `k` ON `k`.`id_kk` = `da`.`id_kk`
JOIN `pekerjaan` `pa` ON `pa`.`id_pekerjaan` = `k`.`id_pekerjaan`
WHERE `da`.`id_kk` = \'5\'', 0)
 2 SYSTEMPATH\Database\BaseConnection.php(910): CodeIgniter\Database\MySQLi\Connection->execute('SELECT `da`.*, `pa`.`nama_pekerjaan`
FROM `detail_anggota` `da`
JOIN `keluarga` `k` ON `k`.`id_kk` = `da`.`id_kk`
JOIN `pekerjaan` `pa` ON `pa`.`id_pekerjaan` = `k`.`id_pekerjaan`
WHERE `da`.`id_kk` = \'5\'')
 3 SYSTEMPATH\Database\BaseConnection.php(827): CodeIgniter\Database\BaseConnection->simpleQuery('SELECT `da`.*, `pa`.`nama_pekerjaan`
FROM `detail_anggota` `da`
JOIN `keluarga` `k` ON `k`.`id_kk` = `da`.`id_kk`
JOIN `pekerjaan` `pa` ON `pa`.`id_pekerjaan` = `k`.`id_pekerjaan`
WHERE `da`.`id_kk` = \'5\'')
 4 SYSTEMPATH\Database\BaseBuilder.php(1649): CodeIgniter\Database\BaseConnection->query('SELECT `da`.*, `pa`.`nama_pekerjaan`
FROM `detail_anggota` `da`
JOIN `keluarga` `k` ON `k`.`id_kk` = `da`.`id_kk`
JOIN `pekerjaan` `pa` ON `pa`.`id_pekerjaan` = `k`.`id_pekerjaan`
WHERE `da`.`id_kk` = :da.id_kk:', [...], false)
 5 APPPATH\Models\DetailAnggotaModel.php(100): CodeIgniter\Database\BaseBuilder->get()
 6 APPPATH\Controllers\Training.php(48): App\Models\DetailAnggotaModel->getAnggotaKeluargaByIdKK('5')
 7 SYSTEMPATH\CodeIgniter.php(951): App\Controllers\Training->tambahTraining()
 8 SYSTEMPATH\CodeIgniter.php(497): CodeIgniter\CodeIgniter->runController(Object(App\Controllers\Training))
 9 SYSTEMPATH\CodeIgniter.php(340): CodeIgniter\CodeIgniter->handleRequest(null, Object(Config\Cache), false)
10 SYSTEMPATH\Boot.php(417): CodeIgniter\CodeIgniter->run()
11 SYSTEMPATH\Boot.php(68): CodeIgniter\Boot::runCodeIgniter(Object(CodeIgniter\CodeIgniter))
12 FCPATH\index.php(59): CodeIgniter\Boot::bootWeb(Object(Config\Paths))
DEBUG - 2026-07-12 08:24:59 --> Session: Class initialized using 'CodeIgniter\Session\Handlers\FileHandler' driver.
DEBUG - 2026-07-12 08:25:34 --> Session: Class initialized using 'CodeIgniter\Session\Handlers\FileHandler' driver.
DEBUG - 2026-07-12 08:25:35 --> Session: Class initialized using 'CodeIgniter\Session\Handlers\FileHandler' driver.
DEBUG - 2026-07-12 08:25:37 --> Session: Class initialized using 'CodeIgniter\Session\Handlers\FileHandler' driver.
DEBUG - 2026-07-12 08:25:41 --> Session: Class initialized using 'CodeIgniter\Session\Handlers\FileHandler' driver.
DEBUG - 2026-07-12 08:28:19 --> Session: Class initialized using 'CodeIgniter\Session\Handlers\FileHandler' driver.
CRITICAL - 2026-07-12 08:28:20 --> ErrorException: Undefined variable $anggotaKeluarga
[Method: GET, Route: setKriteria]
in APPPATH\Views\dataset\tambah_training_view.php on line 107.
 1 APPPATH\Views\dataset\tambah_training_view.php(107): CodeIgniter\Debug\Exceptions->errorHandler(2, 'Undefined variable $anggotaKeluarga', 'C:\\laragon\\www\\program_bltd\\app\\Views\\dataset\\tambah_training_view.php', 107)
 2 SYSTEMPATH\View\View.php(240): include('C:\\laragon\\www\\program_bltd\\app\\Views\\dataset\\tambah_training_view.php')
 3 SYSTEMPATH\View\View.php(243): CodeIgniter\View\View->CodeIgniter\View\{closure}()
 4 SYSTEMPATH\Common.php(1250): CodeIgniter\View\View->render('dataset/tambah_training_view', [], true)
 5 APPPATH\Controllers\Training.php(64): view('dataset/tambah_training_view', [...])
 6 SYSTEMPATH\CodeIgniter.php(951): App\Controllers\Training->tambahTraining()
 7 SYSTEMPATH\CodeIgniter.php(497): CodeIgniter\CodeIgniter->runController(Object(App\Controllers\Training))
 8 SYSTEMPATH\CodeIgniter.php(340): CodeIgniter\CodeIgniter->handleRequest(null, Object(Config\Cache), false)
 9 SYSTEMPATH\Boot.php(417): CodeIgniter\CodeIgniter->run()
10 SYSTEMPATH\Boot.php(68): CodeIgniter\Boot::runCodeIgniter(Object(CodeIgniter\CodeIgniter))
11 FCPATH\index.php(59): CodeIgniter\Boot::bootWeb(Object(Config\Paths))
DEBUG - 2026-07-12 08:28:53 --> Session: Class initialized using 'CodeIgniter\Session\Handlers\FileHandler' driver.
DEBUG - 2026-07-12 08:30:46 --> Session: Class initialized using 'CodeIgniter\Session\Handlers\FileHandler' driver.
DEBUG - 2026-07-12 08:32:27 --> Session: Class initialized using 'CodeIgniter\Session\Handlers\FileHandler' driver.
DEBUG - 2026-07-12 08:32:42 --> Session: Class initialized using 'CodeIgniter\Session\Handlers\FileHandler' driver.
DEBUG - 2026-07-12 08:33:54 --> Session: Class initialized using 'CodeIgniter\Session\Handlers\FileHandler' driver.
DEBUG - 2026-07-12 08:34:42 --> Session: Class initialized using 'CodeIgniter\Session\Handlers\FileHandler' driver.
DEBUG - 2026-07-12 08:35:28 --> Session: Class initialized using 'CodeIgniter\Session\Handlers\FileHandler' driver.
DEBUG - 2026-07-12 08:35:54 --> Session: Class initialized using 'CodeIgniter\Session\Handlers\FileHandler' driver.
DEBUG - 2026-07-12 08:37:36 --> Session: Class initialized using 'CodeIgniter\Session\Handlers\FileHandler' driver.
CRITICAL - 2026-07-12 08:37:36 --> ErrorException: Undefined array key "nama"
[Method: GET, Route: setKriteria]
in APPPATH\Views\dataset\tambah_training_view.php on line 60.
 1 APPPATH\Views\dataset\tambah_training_view.php(60): CodeIgniter\Debug\Exceptions->errorHandler(2, 'Undefined array key "nama"', 'C:\\laragon\\www\\program_bltd\\app\\Views\\dataset\\tambah_training_view.php', 60)
 2 SYSTEMPATH\View\View.php(240): include('C:\\laragon\\www\\program_bltd\\app\\Views\\dataset\\tambah_training_view.php')
 3 SYSTEMPATH\View\View.php(243): CodeIgniter\View\View->CodeIgniter\View\{closure}()
 4 SYSTEMPATH\Common.php(1250): CodeIgniter\View\View->render('dataset/tambah_training_view', [], true)
 5 APPPATH\Controllers\Training.php(64): view('dataset/tambah_training_view', [...])
 6 SYSTEMPATH\CodeIgniter.php(951): App\Controllers\Training->tambahTraining()
 7 SYSTEMPATH\CodeIgniter.php(497): CodeIgniter\CodeIgniter->runController(Object(App\Controllers\Training))
 8 SYSTEMPATH\CodeIgniter.php(340): CodeIgniter\CodeIgniter->handleRequest(null, Object(Config\Cache), false)
 9 SYSTEMPATH\Boot.php(417): CodeIgniter\CodeIgniter->run()
10 SYSTEMPATH\Boot.php(68): CodeIgniter\Boot::runCodeIgniter(Object(CodeIgniter\CodeIgniter))
11 FCPATH\index.php(59): CodeIgniter\Boot::bootWeb(Object(Config\Paths))
DEBUG - 2026-07-12 08:38:33 --> Session: Class initialized using 'CodeIgniter\Session\Handlers\FileHandler' driver.
ERROR - 2026-07-12 08:38:33 --> You have an error in your SQL syntax; check the manual that corresponds to your MySQL server version for the right syntax to use near '.`nama_pekerjaan`
FROM `detail_anggota` `da`
JOIN `keluarga` `k` ON `k`.`id_kk` ' at line 1
in SYSTEMPATH\Database\MySQLi\Connection.php on line 300.
 1 SYSTEMPATH\Database\MySQLi\Connection.php(300): mysqli->query('SELECT `da`.*, `da`.`nama` as `nama_anggota pa`.`nama_pekerjaan`
FROM `detail_anggota` `da`
JOIN `keluarga` `k` ON `k`.`id_kk` = `da`.`id_kk`
JOIN `pekerjaan` `pa` ON `pa`.`id_pekerjaan` = `da`.`id_pekerjaan`
WHERE `da`.`id_kk` = \'5\'', 0)
 2 SYSTEMPATH\Database\BaseConnection.php(910): CodeIgniter\Database\MySQLi\Connection->execute('SELECT `da`.*, `da`.`nama` as `nama_anggota pa`.`nama_pekerjaan`
FROM `detail_anggota` `da`
JOIN `keluarga` `k` ON `k`.`id_kk` = `da`.`id_kk`
JOIN `pekerjaan` `pa` ON `pa`.`id_pekerjaan` = `da`.`id_pekerjaan`
WHERE `da`.`id_kk` = \'5\'')
 3 SYSTEMPATH\Database\BaseConnection.php(827): CodeIgniter\Database\BaseConnection->simpleQuery('SELECT `da`.*, `da`.`nama` as `nama_anggota pa`.`nama_pekerjaan`
FROM `detail_anggota` `da`
JOIN `keluarga` `k` ON `k`.`id_kk` = `da`.`id_kk`
JOIN `pekerjaan` `pa` ON `pa`.`id_pekerjaan` = `da`.`id_pekerjaan`
WHERE `da`.`id_kk` = \'5\'')
 4 SYSTEMPATH\Database\BaseBuilder.php(1649): CodeIgniter\Database\BaseConnection->query('SELECT `da`.*, `da`.`nama` as `nama_anggota pa`.`nama_pekerjaan`
FROM `detail_anggota` `da`
JOIN `keluarga` `k` ON `k`.`id_kk` = `da`.`id_kk`
JOIN `pekerjaan` `pa` ON `pa`.`id_pekerjaan` = `da`.`id_pekerjaan`
WHERE `da`.`id_kk` = :da.id_kk:', [...], false)
 5 APPPATH\Models\DetailAnggotaModel.php(101): CodeIgniter\Database\BaseBuilder->get()
 6 APPPATH\Controllers\Training.php(48): App\Models\DetailAnggotaModel->getAnggotaKeluargaByIdKK('5')
 7 SYSTEMPATH\CodeIgniter.php(951): App\Controllers\Training->tambahTraining()
 8 SYSTEMPATH\CodeIgniter.php(497): CodeIgniter\CodeIgniter->runController(Object(App\Controllers\Training))
 9 SYSTEMPATH\CodeIgniter.php(340): CodeIgniter\CodeIgniter->handleRequest(null, Object(Config\Cache), false)
10 SYSTEMPATH\Boot.php(417): CodeIgniter\CodeIgniter->run()
11 SYSTEMPATH\Boot.php(68): CodeIgniter\Boot::runCodeIgniter(Object(CodeIgniter\CodeIgniter))
12 FCPATH\index.php(59): CodeIgniter\Boot::bootWeb(Object(Config\Paths))
CRITICAL - 2026-07-12 08:38:33 --> CodeIgniter\Database\Exceptions\DatabaseException: You have an error in your SQL syntax; check the manual that corresponds to your MySQL server version for the right syntax to use near '.`nama_pekerjaan`
FROM `detail_anggota` `da`
JOIN `keluarga` `k` ON `k`.`id_kk` ' at line 1
[Method: GET, Route: setKriteria]
in SYSTEMPATH\Database\BaseConnection.php on line 865.
 1 SYSTEMPATH\Database\BaseBuilder.php(1649): CodeIgniter\Database\BaseConnection->query('SELECT `da`.*, `da`.`nama` as `nama_anggota pa`.`nama_pekerjaan`
FROM `detail_anggota` `da`
JOIN `keluarga` `k` ON `k`.`id_kk` = `da`.`id_kk`
JOIN `pekerjaan` `pa` ON `pa`.`id_pekerjaan` = `da`.`id_pekerjaan`
WHERE `da`.`id_kk` = :da.id_kk:', [...], false)
 2 APPPATH\Models\DetailAnggotaModel.php(101): CodeIgniter\Database\BaseBuilder->get()
 3 APPPATH\Controllers\Training.php(48): App\Models\DetailAnggotaModel->getAnggotaKeluargaByIdKK('5')
 4 SYSTEMPATH\CodeIgniter.php(951): App\Controllers\Training->tambahTraining()
 5 SYSTEMPATH\CodeIgniter.php(497): CodeIgniter\CodeIgniter->runController(Object(App\Controllers\Training))
 6 SYSTEMPATH\CodeIgniter.php(340): CodeIgniter\CodeIgniter->handleRequest(null, Object(Config\Cache), false)
 7 SYSTEMPATH\Boot.php(417): CodeIgniter\CodeIgniter->run()
 8 SYSTEMPATH\Boot.php(68): CodeIgniter\Boot::runCodeIgniter(Object(CodeIgniter\CodeIgniter))
 9 FCPATH\index.php(59): CodeIgniter\Boot::bootWeb(Object(Config\Paths))
CRITICAL - 2026-07-12 08:38:33 --> [Caused by] CodeIgniter\Database\Exceptions\DatabaseException: You have an error in your SQL syntax; check the manual that corresponds to your MySQL server version for the right syntax to use near '.`nama_pekerjaan`
FROM `detail_anggota` `da`
JOIN `keluarga` `k` ON `k`.`id_kk` ' at line 1
in SYSTEMPATH\Database\MySQLi\Connection.php on line 310.
 1 SYSTEMPATH\Database\BaseConnection.php(910): CodeIgniter\Database\MySQLi\Connection->execute('SELECT `da`.*, `da`.`nama` as `nama_anggota pa`.`nama_pekerjaan`
FROM `detail_anggota` `da`
JOIN `keluarga` `k` ON `k`.`id_kk` = `da`.`id_kk`
JOIN `pekerjaan` `pa` ON `pa`.`id_pekerjaan` = `da`.`id_pekerjaan`
WHERE `da`.`id_kk` = \'5\'')
 2 SYSTEMPATH\Database\BaseConnection.php(827): CodeIgniter\Database\BaseConnection->simpleQuery('SELECT `da`.*, `da`.`nama` as `nama_anggota pa`.`nama_pekerjaan`
FROM `detail_anggota` `da`
JOIN `keluarga` `k` ON `k`.`id_kk` = `da`.`id_kk`
JOIN `pekerjaan` `pa` ON `pa`.`id_pekerjaan` = `da`.`id_pekerjaan`
WHERE `da`.`id_kk` = \'5\'')
 3 SYSTEMPATH\Database\BaseBuilder.php(1649): CodeIgniter\Database\BaseConnection->query('SELECT `da`.*, `da`.`nama` as `nama_anggota pa`.`nama_pekerjaan`
FROM `detail_anggota` `da`
JOIN `keluarga` `k` ON `k`.`id_kk` = `da`.`id_kk`
JOIN `pekerjaan` `pa` ON `pa`.`id_pekerjaan` = `da`.`id_pekerjaan`
WHERE `da`.`id_kk` = :da.id_kk:', [...], false)
 4 APPPATH\Models\DetailAnggotaModel.php(101): CodeIgniter\Database\BaseBuilder->get()
 5 APPPATH\Controllers\Training.php(48): App\Models\DetailAnggotaModel->getAnggotaKeluargaByIdKK('5')
 6 SYSTEMPATH\CodeIgniter.php(951): App\Controllers\Training->tambahTraining()
 7 SYSTEMPATH\CodeIgniter.php(497): CodeIgniter\CodeIgniter->runController(Object(App\Controllers\Training))
 8 SYSTEMPATH\CodeIgniter.php(340): CodeIgniter\CodeIgniter->handleRequest(null, Object(Config\Cache), false)
 9 SYSTEMPATH\Boot.php(417): CodeIgniter\CodeIgniter->run()
10 SYSTEMPATH\Boot.php(68): CodeIgniter\Boot::runCodeIgniter(Object(CodeIgniter\CodeIgniter))
11 FCPATH\index.php(59): CodeIgniter\Boot::bootWeb(Object(Config\Paths))
CRITICAL - 2026-07-12 08:38:33 --> [Caused by] mysqli_sql_exception: You have an error in your SQL syntax; check the manual that corresponds to your MySQL server version for the right syntax to use near '.`nama_pekerjaan`
FROM `detail_anggota` `da`
JOIN `keluarga` `k` ON `k`.`id_kk` ' at line 1
in SYSTEMPATH\Database\MySQLi\Connection.php on line 300.
 1 SYSTEMPATH\Database\MySQLi\Connection.php(300): mysqli->query('SELECT `da`.*, `da`.`nama` as `nama_anggota pa`.`nama_pekerjaan`
FROM `detail_anggota` `da`
JOIN `keluarga` `k` ON `k`.`id_kk` = `da`.`id_kk`
JOIN `pekerjaan` `pa` ON `pa`.`id_pekerjaan` = `da`.`id_pekerjaan`
WHERE `da`.`id_kk` = \'5\'', 0)
 2 SYSTEMPATH\Database\BaseConnection.php(910): CodeIgniter\Database\MySQLi\Connection->execute('SELECT `da`.*, `da`.`nama` as `nama_anggota pa`.`nama_pekerjaan`
FROM `detail_anggota` `da`
JOIN `keluarga` `k` ON `k`.`id_kk` = `da`.`id_kk`
JOIN `pekerjaan` `pa` ON `pa`.`id_pekerjaan` = `da`.`id_pekerjaan`
WHERE `da`.`id_kk` = \'5\'')
 3 SYSTEMPATH\Database\BaseConnection.php(827): CodeIgniter\Database\BaseConnection->simpleQuery('SELECT `da`.*, `da`.`nama` as `nama_anggota pa`.`nama_pekerjaan`
FROM `detail_anggota` `da`
JOIN `keluarga` `k` ON `k`.`id_kk` = `da`.`id_kk`
JOIN `pekerjaan` `pa` ON `pa`.`id_pekerjaan` = `da`.`id_pekerjaan`
WHERE `da`.`id_kk` = \'5\'')
 4 SYSTEMPATH\Database\BaseBuilder.php(1649): CodeIgniter\Database\BaseConnection->query('SELECT `da`.*, `da`.`nama` as `nama_anggota pa`.`nama_pekerjaan`
FROM `detail_anggota` `da`
JOIN `keluarga` `k` ON `k`.`id_kk` = `da`.`id_kk`
JOIN `pekerjaan` `pa` ON `pa`.`id_pekerjaan` = `da`.`id_pekerjaan`
WHERE `da`.`id_kk` = :da.id_kk:', [...], false)
 5 APPPATH\Models\DetailAnggotaModel.php(101): CodeIgniter\Database\BaseBuilder->get()
 6 APPPATH\Controllers\Training.php(48): App\Models\DetailAnggotaModel->getAnggotaKeluargaByIdKK('5')
 7 SYSTEMPATH\CodeIgniter.php(951): App\Controllers\Training->tambahTraining()
 8 SYSTEMPATH\CodeIgniter.php(497): CodeIgniter\CodeIgniter->runController(Object(App\Controllers\Training))
 9 SYSTEMPATH\CodeIgniter.php(340): CodeIgniter\CodeIgniter->handleRequest(null, Object(Config\Cache), false)
10 SYSTEMPATH\Boot.php(417): CodeIgniter\CodeIgniter->run()
11 SYSTEMPATH\Boot.php(68): CodeIgniter\Boot::runCodeIgniter(Object(CodeIgniter\CodeIgniter))
12 FCPATH\index.php(59): CodeIgniter\Boot::bootWeb(Object(Config\Paths))
DEBUG - 2026-07-12 08:39:04 --> Session: Class initialized using 'CodeIgniter\Session\Handlers\FileHandler' driver.
CRITICAL - 2026-07-12 08:39:04 --> ErrorException: Undefined array key "nama_anggota"
[Method: GET, Route: setKriteria]
in APPPATH\Views\dataset\tambah_training_view.php on line 60.
 1 APPPATH\Views\dataset\tambah_training_view.php(60): CodeIgniter\Debug\Exceptions->errorHandler(2, 'Undefined array key "nama_anggota"', 'C:\\laragon\\www\\program_bltd\\app\\Views\\dataset\\tambah_training_view.php', 60)
 2 SYSTEMPATH\View\View.php(240): include('C:\\laragon\\www\\program_bltd\\app\\Views\\dataset\\tambah_training_view.php')
 3 SYSTEMPATH\View\View.php(243): CodeIgniter\View\View->CodeIgniter\View\{closure}()
 4 SYSTEMPATH\Common.php(1250): CodeIgniter\View\View->render('dataset/tambah_training_view', [], true)
 5 APPPATH\Controllers\Training.php(64): view('dataset/tambah_training_view', [...])
 6 SYSTEMPATH\CodeIgniter.php(951): App\Controllers\Training->tambahTraining()
 7 SYSTEMPATH\CodeIgniter.php(497): CodeIgniter\CodeIgniter->runController(Object(App\Controllers\Training))
 8 SYSTEMPATH\CodeIgniter.php(340): CodeIgniter\CodeIgniter->handleRequest(null, Object(Config\Cache), false)
 9 SYSTEMPATH\Boot.php(417): CodeIgniter\CodeIgniter->run()
10 SYSTEMPATH\Boot.php(68): CodeIgniter\Boot::runCodeIgniter(Object(CodeIgniter\CodeIgniter))
11 FCPATH\index.php(59): CodeIgniter\Boot::bootWeb(Object(Config\Paths))
DEBUG - 2026-07-12 08:40:06 --> Session: Class initialized using 'CodeIgniter\Session\Handlers\FileHandler' driver.
CRITICAL - 2026-07-12 08:40:06 --> ErrorException: Undefined array key "nik"
[Method: GET, Route: setKriteria]
in APPPATH\Views\dataset\tambah_training_view.php on line 60.
 1 APPPATH\Views\dataset\tambah_training_view.php(60): CodeIgniter\Debug\Exceptions->errorHandler(2, 'Undefined array key "nik"', 'C:\\laragon\\www\\program_bltd\\app\\Views\\dataset\\tambah_training_view.php', 60)
 2 SYSTEMPATH\View\View.php(240): include('C:\\laragon\\www\\program_bltd\\app\\Views\\dataset\\tambah_training_view.php')
 3 SYSTEMPATH\View\View.php(243): CodeIgniter\View\View->CodeIgniter\View\{closure}()
 4 SYSTEMPATH\Common.php(1250): CodeIgniter\View\View->render('dataset/tambah_training_view', [], true)
 5 APPPATH\Controllers\Training.php(64): view('dataset/tambah_training_view', [...])
 6 SYSTEMPATH\CodeIgniter.php(951): App\Controllers\Training->tambahTraining()
 7 SYSTEMPATH\CodeIgniter.php(497): CodeIgniter\CodeIgniter->runController(Object(App\Controllers\Training))
 8 SYSTEMPATH\CodeIgniter.php(340): CodeIgniter\CodeIgniter->handleRequest(null, Object(Config\Cache), false)
 9 SYSTEMPATH\Boot.php(417): CodeIgniter\CodeIgniter->run()
10 SYSTEMPATH\Boot.php(68): CodeIgniter\Boot::runCodeIgniter(Object(CodeIgniter\CodeIgniter))
11 FCPATH\index.php(59): CodeIgniter\Boot::bootWeb(Object(Config\Paths))
DEBUG - 2026-07-12 08:40:22 --> Session: Class initialized using 'CodeIgniter\Session\Handlers\FileHandler' driver.
CRITICAL - 2026-07-12 08:40:22 --> ErrorException: Undefined array key "nik"
[Method: GET, Route: setKriteria]
in APPPATH\Views\dataset\tambah_training_view.php on line 60.
 1 APPPATH\Views\dataset\tambah_training_view.php(60): CodeIgniter\Debug\Exceptions->errorHandler(2, 'Undefined array key "nik"', 'C:\\laragon\\www\\program_bltd\\app\\Views\\dataset\\tambah_training_view.php', 60)
 2 SYSTEMPATH\View\View.php(240): include('C:\\laragon\\www\\program_bltd\\app\\Views\\dataset\\tambah_training_view.php')
 3 SYSTEMPATH\View\View.php(243): CodeIgniter\View\View->CodeIgniter\View\{closure}()
 4 SYSTEMPATH\Common.php(1250): CodeIgniter\View\View->render('dataset/tambah_training_view', [], true)
 5 APPPATH\Controllers\Training.php(64): view('dataset/tambah_training_view', [...])
 6 SYSTEMPATH\CodeIgniter.php(951): App\Controllers\Training->tambahTraining()
 7 SYSTEMPATH\CodeIgniter.php(497): CodeIgniter\CodeIgniter->runController(Object(App\Controllers\Training))
 8 SYSTEMPATH\CodeIgniter.php(340): CodeIgniter\CodeIgniter->handleRequest(null, Object(Config\Cache), false)
 9 SYSTEMPATH\Boot.php(417): CodeIgniter\CodeIgniter->run()
10 SYSTEMPATH\Boot.php(68): CodeIgniter\Boot::runCodeIgniter(Object(CodeIgniter\CodeIgniter))
11 FCPATH\index.php(59): CodeIgniter\Boot::bootWeb(Object(Config\Paths))
DEBUG - 2026-07-12 08:40:57 --> Session: Class initialized using 'CodeIgniter\Session\Handlers\FileHandler' driver.
CRITICAL - 2026-07-12 08:40:57 --> ErrorException: Undefined variable $anggotaKeluarga
[Method: GET, Route: setKriteria]
in APPPATH\Views\dataset\tambah_training_view.php on line 60.
 1 APPPATH\Views\dataset\tambah_training_view.php(60): CodeIgniter\Debug\Exceptions->errorHandler(2, 'Undefined variable $anggotaKeluarga', 'C:\\laragon\\www\\program_bltd\\app\\Views\\dataset\\tambah_training_view.php', 60)
 2 SYSTEMPATH\View\View.php(240): include('C:\\laragon\\www\\program_bltd\\app\\Views\\dataset\\tambah_training_view.php')
 3 SYSTEMPATH\View\View.php(243): CodeIgniter\View\View->CodeIgniter\View\{closure}()
 4 SYSTEMPATH\Common.php(1250): CodeIgniter\View\View->render('dataset/tambah_training_view', [], true)
 5 APPPATH\Controllers\Training.php(64): view('dataset/tambah_training_view', [...])
 6 SYSTEMPATH\CodeIgniter.php(951): App\Controllers\Training->tambahTraining()
 7 SYSTEMPATH\CodeIgniter.php(497): CodeIgniter\CodeIgniter->runController(Object(App\Controllers\Training))
 8 SYSTEMPATH\CodeIgniter.php(340): CodeIgniter\CodeIgniter->handleRequest(null, Object(Config\Cache), false)
 9 SYSTEMPATH\Boot.php(417): CodeIgniter\CodeIgniter->run()
10 SYSTEMPATH\Boot.php(68): CodeIgniter\Boot::runCodeIgniter(Object(CodeIgniter\CodeIgniter))
11 FCPATH\index.php(59): CodeIgniter\Boot::bootWeb(Object(Config\Paths))
DEBUG - 2026-07-12 08:41:18 --> Session: Class initialized using 'CodeIgniter\Session\Handlers\FileHandler' driver.
CRITICAL - 2026-07-12 08:41:18 --> ErrorException: Undefined variable $anggotaKeluarga
[Method: GET, Route: setKriteria]
in APPPATH\Views\dataset\tambah_training_view.php on line 60.
 1 APPPATH\Views\dataset\tambah_training_view.php(60): CodeIgniter\Debug\Exceptions->errorHandler(2, 'Undefined variable $anggotaKeluarga', 'C:\\laragon\\www\\program_bltd\\app\\Views\\dataset\\tambah_training_view.php', 60)
 2 SYSTEMPATH\View\View.php(240): include('C:\\laragon\\www\\program_bltd\\app\\Views\\dataset\\tambah_training_view.php')
 3 SYSTEMPATH\View\View.php(243): CodeIgniter\View\View->CodeIgniter\View\{closure}()
 4 SYSTEMPATH\Common.php(1250): CodeIgniter\View\View->render('dataset/tambah_training_view', [], true)
 5 APPPATH\Controllers\Training.php(64): view('dataset/tambah_training_view', [...])
 6 SYSTEMPATH\CodeIgniter.php(951): App\Controllers\Training->tambahTraining()
 7 SYSTEMPATH\CodeIgniter.php(497): CodeIgniter\CodeIgniter->runController(Object(App\Controllers\Training))
 8 SYSTEMPATH\CodeIgniter.php(340): CodeIgniter\CodeIgniter->handleRequest(null, Object(Config\Cache), false)
 9 SYSTEMPATH\Boot.php(417): CodeIgniter\CodeIgniter->run()
10 SYSTEMPATH\Boot.php(68): CodeIgniter\Boot::runCodeIgniter(Object(CodeIgniter\CodeIgniter))
11 FCPATH\index.php(59): CodeIgniter\Boot::bootWeb(Object(Config\Paths))
DEBUG - 2026-07-12 08:42:08 --> Session: Class initialized using 'CodeIgniter\Session\Handlers\FileHandler' driver.
CRITICAL - 2026-07-12 08:42:08 --> ErrorException: Undefined array key "nik"
[Method: GET, Route: setKriteria]
in APPPATH\Views\dataset\tambah_training_view.php on line 60.
 1 APPPATH\Views\dataset\tambah_training_view.php(60): CodeIgniter\Debug\Exceptions->errorHandler(2, 'Undefined array key "nik"', 'C:\\laragon\\www\\program_bltd\\app\\Views\\dataset\\tambah_training_view.php', 60)
 2 SYSTEMPATH\View\View.php(240): include('C:\\laragon\\www\\program_bltd\\app\\Views\\dataset\\tambah_training_view.php')
 3 SYSTEMPATH\View\View.php(243): CodeIgniter\View\View->CodeIgniter\View\{closure}()
 4 SYSTEMPATH\Common.php(1250): CodeIgniter\View\View->render('dataset/tambah_training_view', [], true)
 5 APPPATH\Controllers\Training.php(64): view('dataset/tambah_training_view', [...])
 6 SYSTEMPATH\CodeIgniter.php(951): App\Controllers\Training->tambahTraining()
 7 SYSTEMPATH\CodeIgniter.php(497): CodeIgniter\CodeIgniter->runController(Object(App\Controllers\Training))
 8 SYSTEMPATH\CodeIgniter.php(340): CodeIgniter\CodeIgniter->handleRequest(null, Object(Config\Cache), false)
 9 SYSTEMPATH\Boot.php(417): CodeIgniter\CodeIgniter->run()
10 SYSTEMPATH\Boot.php(68): CodeIgniter\Boot::runCodeIgniter(Object(CodeIgniter\CodeIgniter))
11 FCPATH\index.php(59): CodeIgniter\Boot::bootWeb(Object(Config\Paths))
DEBUG - 2026-07-12 08:42:17 --> Session: Class initialized using 'CodeIgniter\Session\Handlers\FileHandler' driver.
CRITICAL - 2026-07-12 08:42:17 --> ErrorException: Undefined array key "nik"
[Method: GET, Route: setKriteria]
in APPPATH\Views\dataset\tambah_training_view.php on line 60.
 1 APPPATH\Views\dataset\tambah_training_view.php(60): CodeIgniter\Debug\Exceptions->errorHandler(2, 'Undefined array key "nik"', 'C:\\laragon\\www\\program_bltd\\app\\Views\\dataset\\tambah_training_view.php', 60)
 2 SYSTEMPATH\View\View.php(240): include('C:\\laragon\\www\\program_bltd\\app\\Views\\dataset\\tambah_training_view.php')
 3 SYSTEMPATH\View\View.php(243): CodeIgniter\View\View->CodeIgniter\View\{closure}()
 4 SYSTEMPATH\Common.php(1250): CodeIgniter\View\View->render('dataset/tambah_training_view', [], true)
 5 APPPATH\Controllers\Training.php(64): view('dataset/tambah_training_view', [...])
 6 SYSTEMPATH\CodeIgniter.php(951): App\Controllers\Training->tambahTraining()
 7 SYSTEMPATH\CodeIgniter.php(497): CodeIgniter\CodeIgniter->runController(Object(App\Controllers\Training))
 8 SYSTEMPATH\CodeIgniter.php(340): CodeIgniter\CodeIgniter->handleRequest(null, Object(Config\Cache), false)
 9 SYSTEMPATH\Boot.php(417): CodeIgniter\CodeIgniter->run()
10 SYSTEMPATH\Boot.php(68): CodeIgniter\Boot::runCodeIgniter(Object(CodeIgniter\CodeIgniter))
11 FCPATH\index.php(59): CodeIgniter\Boot::bootWeb(Object(Config\Paths))
DEBUG - 2026-07-12 08:42:28 --> Session: Class initialized using 'CodeIgniter\Session\Handlers\FileHandler' driver.
CRITICAL - 2026-07-12 08:42:28 --> ErrorException: Undefined array key "nik"
[Method: GET, Route: setKriteria]
in APPPATH\Views\dataset\tambah_training_view.php on line 60.
 1 APPPATH\Views\dataset\tambah_training_view.php(60): CodeIgniter\Debug\Exceptions->errorHandler(2, 'Undefined array key "nik"', 'C:\\laragon\\www\\program_bltd\\app\\Views\\dataset\\tambah_training_view.php', 60)
 2 SYSTEMPATH\View\View.php(240): include('C:\\laragon\\www\\program_bltd\\app\\Views\\dataset\\tambah_training_view.php')
 3 SYSTEMPATH\View\View.php(243): CodeIgniter\View\View->CodeIgniter\View\{closure}()
 4 SYSTEMPATH\Common.php(1250): CodeIgniter\View\View->render('dataset/tambah_training_view', [], true)
 5 APPPATH\Controllers\Training.php(64): view('dataset/tambah_training_view', [...])
 6 SYSTEMPATH\CodeIgniter.php(951): App\Controllers\Training->tambahTraining()
 7 SYSTEMPATH\CodeIgniter.php(497): CodeIgniter\CodeIgniter->runController(Object(App\Controllers\Training))
 8 SYSTEMPATH\CodeIgniter.php(340): CodeIgniter\CodeIgniter->handleRequest(null, Object(Config\Cache), false)
 9 SYSTEMPATH\Boot.php(417): CodeIgniter\CodeIgniter->run()
10 SYSTEMPATH\Boot.php(68): CodeIgniter\Boot::runCodeIgniter(Object(CodeIgniter\CodeIgniter))
11 FCPATH\index.php(59): CodeIgniter\Boot::bootWeb(Object(Config\Paths))
DEBUG - 2026-07-12 08:43:06 --> Session: Class initialized using 'CodeIgniter\Session\Handlers\FileHandler' driver.
DEBUG - 2026-07-12 08:44:44 --> Session: Class initialized using 'CodeIgniter\Session\Handlers\FileHandler' driver.
DEBUG - 2026-07-12 08:45:25 --> Session: Class initialized using 'CodeIgniter\Session\Handlers\FileHandler' driver.
DEBUG - 2026-07-12 08:46:11 --> Session: Class initialized using 'CodeIgniter\Session\Handlers\FileHandler' driver.
DEBUG - 2026-07-12 09:39:10 --> Session: Class initialized using 'CodeIgniter\Session\Handlers\FileHandler' driver.
DEBUG - 2026-07-12 09:41:29 --> Session: Class initialized using 'CodeIgniter\Session\Handlers\FileHandler' driver.
DEBUG - 2026-07-12 09:43:09 --> Session: Class initialized using 'CodeIgniter\Session\Handlers\FileHandler' driver.
DEBUG - 2026-07-12 09:43:41 --> Session: Class initialized using 'CodeIgniter\Session\Handlers\FileHandler' driver.
DEBUG - 2026-07-12 09:44:21 --> Session: Class initialized using 'CodeIgniter\Session\Handlers\FileHandler' driver.
DEBUG - 2026-07-12 09:46:50 --> Session: Class initialized using 'CodeIgniter\Session\Handlers\FileHandler' driver.
DEBUG - 2026-07-12 09:47:21 --> Session: Class initialized using 'CodeIgniter\Session\Handlers\FileHandler' driver.
DEBUG - 2026-07-12 09:48:28 --> Session: Class initialized using 'CodeIgniter\Session\Handlers\FileHandler' driver.
DEBUG - 2026-07-12 09:48:41 --> Session: Class initialized using 'CodeIgniter\Session\Handlers\FileHandler' driver.
DEBUG - 2026-07-12 09:52:10 --> Session: Class initialized using 'CodeIgniter\Session\Handlers\FileHandler' driver.
DEBUG - 2026-07-12 09:54:04 --> Session: Class initialized using 'CodeIgniter\Session\Handlers\FileHandler' driver.
DEBUG - 2026-07-12 09:54:31 --> Session: Class initialized using 'CodeIgniter\Session\Handlers\FileHandler' driver.
DEBUG - 2026-07-12 09:56:37 --> Session: Class initialized using 'CodeIgniter\Session\Handlers\FileHandler' driver.
DEBUG - 2026-07-12 09:58:16 --> Session: Class initialized using 'CodeIgniter\Session\Handlers\FileHandler' driver.
DEBUG - 2026-07-12 09:58:31 --> Session: Class initialized using 'CodeIgniter\Session\Handlers\FileHandler' driver.
DEBUG - 2026-07-12 09:58:38 --> Session: Class initialized using 'CodeIgniter\Session\Handlers\FileHandler' driver.
DEBUG - 2026-07-12 09:58:56 --> Session: Class initialized using 'CodeIgniter\Session\Handlers\FileHandler' driver.
DEBUG - 2026-07-12 09:59:27 --> Session: Class initialized using 'CodeIgniter\Session\Handlers\FileHandler' driver.
DEBUG - 2026-07-12 09:59:30 --> Session: Class initialized using 'CodeIgniter\Session\Handlers\FileHandler' driver.
DEBUG - 2026-07-12 09:59:35 --> Session: Class initialized using 'CodeIgniter\Session\Handlers\FileHandler' driver.
DEBUG - 2026-07-12 09:59:37 --> Session: Class initialized using 'CodeIgniter\Session\Handlers\FileHandler' driver.
DEBUG - 2026-07-12 09:59:41 --> Session: Class initialized using 'CodeIgniter\Session\Handlers\FileHandler' driver.
DEBUG - 2026-07-12 09:59:43 --> Session: Class initialized using 'CodeIgniter\Session\Handlers\FileHandler' driver.
DEBUG - 2026-07-12 09:59:46 --> Session: Class initialized using 'CodeIgniter\Session\Handlers\FileHandler' driver.
DEBUG - 2026-07-12 09:59:51 --> Session: Class initialized using 'CodeIgniter\Session\Handlers\FileHandler' driver.
DEBUG - 2026-07-12 09:59:54 --> Session: Class initialized using 'CodeIgniter\Session\Handlers\FileHandler' driver.
DEBUG - 2026-07-12 09:59:56 --> Session: Class initialized using 'CodeIgniter\Session\Handlers\FileHandler' driver.
DEBUG - 2026-07-12 10:00:33 --> Session: Class initialized using 'CodeIgniter\Session\Handlers\FileHandler' driver.
DEBUG - 2026-07-12 10:02:03 --> Session: Class initialized using 'CodeIgniter\Session\Handlers\FileHandler' driver.
DEBUG - 2026-07-12 10:02:29 --> Session: Class initialized using 'CodeIgniter\Session\Handlers\FileHandler' driver.
DEBUG - 2026-07-12 10:02:41 --> Session: Class initialized using 'CodeIgniter\Session\Handlers\FileHandler' driver.
DEBUG - 2026-07-12 10:02:53 --> Session: Class initialized using 'CodeIgniter\Session\Handlers\FileHandler' driver.
DEBUG - 2026-07-12 10:04:46 --> Session: Class initialized using 'CodeIgniter\Session\Handlers\FileHandler' driver.
DEBUG - 2026-07-12 10:05:23 --> Session: Class initialized using 'CodeIgniter\Session\Handlers\FileHandler' driver.
DEBUG - 2026-07-12 10:05:26 --> Session: Class initialized using 'CodeIgniter\Session\Handlers\FileHandler' driver.
DEBUG - 2026-07-12 10:11:50 --> Session: Class initialized using 'CodeIgniter\Session\Handlers\FileHandler' driver.
DEBUG - 2026-07-12 10:11:55 --> Session: Class initialized using 'CodeIgniter\Session\Handlers\FileHandler' driver.
DEBUG - 2026-07-12 10:12:22 --> Session: Class initialized using 'CodeIgniter\Session\Handlers\FileHandler' driver.
DEBUG - 2026-07-12 10:12:25 --> Session: Class initialized using 'CodeIgniter\Session\Handlers\FileHandler' driver.
DEBUG - 2026-07-12 10:12:37 --> Session: Class initialized using 'CodeIgniter\Session\Handlers\FileHandler' driver.
DEBUG - 2026-07-12 10:12:42 --> Session: Class initialized using 'CodeIgniter\Session\Handlers\FileHandler' driver.
DEBUG - 2026-07-12 10:12:42 --> Session: Class initialized using 'CodeIgniter\Session\Handlers\FileHandler' driver.
DEBUG - 2026-07-12 10:12:45 --> Session: Class initialized using 'CodeIgniter\Session\Handlers\FileHandler' driver.
DEBUG - 2026-07-12 10:12:52 --> Session: Class initialized using 'CodeIgniter\Session\Handlers\FileHandler' driver.
DEBUG - 2026-07-12 10:12:52 --> Session: Class initialized using 'CodeIgniter\Session\Handlers\FileHandler' driver.
DEBUG - 2026-07-12 10:12:55 --> Session: Class initialized using 'CodeIgniter\Session\Handlers\FileHandler' driver.
DEBUG - 2026-07-12 10:13:27 --> Session: Class initialized using 'CodeIgniter\Session\Handlers\FileHandler' driver.
DEBUG - 2026-07-12 10:16:51 --> Session: Class initialized using 'CodeIgniter\Session\Handlers\FileHandler' driver.
DEBUG - 2026-07-12 10:18:23 --> Session: Class initialized using 'CodeIgniter\Session\Handlers\FileHandler' driver.
DEBUG - 2026-07-12 10:21:22 --> Session: Class initialized using 'CodeIgniter\Session\Handlers\FileHandler' driver.
DEBUG - 2026-07-12 10:21:49 --> Session: Class initialized using 'CodeIgniter\Session\Handlers\FileHandler' driver.
DEBUG - 2026-07-12 10:21:52 --> Session: Class initialized using 'CodeIgniter\Session\Handlers\FileHandler' driver.
DEBUG - 2026-07-12 10:23:50 --> Session: Class initialized using 'CodeIgniter\Session\Handlers\FileHandler' driver.
DEBUG - 2026-07-12 10:28:11 --> Session: Class initialized using 'CodeIgniter\Session\Handlers\FileHandler' driver.
CRITICAL - 2026-07-12 10:28:11 --> CodeIgniter\View\Exceptions\ViewException: Invalid file: "dataset/kriteria/c1.php"
[Method: GET, Route: setKriteria]
in SYSTEMPATH\Exceptions\FrameworkException.php on line 39.
 1 SYSTEMPATH\View\View.php(228): CodeIgniter\Exceptions\FrameworkException::forInvalidFile('dataset/kriteria/c1.php')
 2 SYSTEMPATH\Common.php(1250): CodeIgniter\View\View->render('dataset/kriteria/c1', [], true)
 3 APPPATH\Views\dataset\tambah_training_view.php(158): view('dataset/kriteria/c1')
 4 SYSTEMPATH\View\View.php(240): include('C:\\laragon\\www\\program_bltd\\app\\Views\\dataset\\tambah_training_view.php')
 5 SYSTEMPATH\View\View.php(243): CodeIgniter\View\View->CodeIgniter\View\{closure}()
 6 SYSTEMPATH\Common.php(1250): CodeIgniter\View\View->render('dataset/tambah_training_view', [], true)
 7 APPPATH\Controllers\Training.php(64): view('dataset/tambah_training_view', [...])
 8 SYSTEMPATH\CodeIgniter.php(951): App\Controllers\Training->tambahTraining()
 9 SYSTEMPATH\CodeIgniter.php(497): CodeIgniter\CodeIgniter->runController(Object(App\Controllers\Training))
10 SYSTEMPATH\CodeIgniter.php(340): CodeIgniter\CodeIgniter->handleRequest(null, Object(Config\Cache), false)
11 SYSTEMPATH\Boot.php(417): CodeIgniter\CodeIgniter->run()
12 SYSTEMPATH\Boot.php(68): CodeIgniter\Boot::runCodeIgniter(Object(CodeIgniter\CodeIgniter))
13 FCPATH\index.php(59): CodeIgniter\Boot::bootWeb(Object(Config\Paths))
DEBUG - 2026-07-12 10:28:49 --> Session: Class initialized using 'CodeIgniter\Session\Handlers\FileHandler' driver.
CRITICAL - 2026-07-12 10:28:49 --> ParseError: syntax error, unexpected token ";"
[Method: GET, Route: setKriteria]
in APPPATH\Views\dataset\tambah_training_view.php on line 158.
 1 SYSTEMPATH\View\View.php(243): CodeIgniter\View\View->CodeIgniter\View\{closure}()
 2 SYSTEMPATH\Common.php(1250): CodeIgniter\View\View->render('dataset/tambah_training_view', [], true)
 3 APPPATH\Controllers\Training.php(64): view('dataset/tambah_training_view', [...])
 4 SYSTEMPATH\CodeIgniter.php(951): App\Controllers\Training->tambahTraining()
 5 SYSTEMPATH\CodeIgniter.php(497): CodeIgniter\CodeIgniter->runController(Object(App\Controllers\Training))
 6 SYSTEMPATH\CodeIgniter.php(340): CodeIgniter\CodeIgniter->handleRequest(null, Object(Config\Cache), false)
 7 SYSTEMPATH\Boot.php(417): CodeIgniter\CodeIgniter->run()
 8 SYSTEMPATH\Boot.php(68): CodeIgniter\Boot::runCodeIgniter(Object(CodeIgniter\CodeIgniter))
 9 FCPATH\index.php(59): CodeIgniter\Boot::bootWeb(Object(Config\Paths))
DEBUG - 2026-07-12 10:28:51 --> Session: Class initialized using 'CodeIgniter\Session\Handlers\FileHandler' driver.
CRITICAL - 2026-07-12 10:28:51 --> ParseError: syntax error, unexpected token ";"
[Method: GET, Route: setKriteria]
in APPPATH\Views\dataset\tambah_training_view.php on line 158.
 1 SYSTEMPATH\View\View.php(243): CodeIgniter\View\View->CodeIgniter\View\{closure}()
 2 SYSTEMPATH\Common.php(1250): CodeIgniter\View\View->render('dataset/tambah_training_view', [], true)
 3 APPPATH\Controllers\Training.php(64): view('dataset/tambah_training_view', [...])
 4 SYSTEMPATH\CodeIgniter.php(951): App\Controllers\Training->tambahTraining()
 5 SYSTEMPATH\CodeIgniter.php(497): CodeIgniter\CodeIgniter->runController(Object(App\Controllers\Training))
 6 SYSTEMPATH\CodeIgniter.php(340): CodeIgniter\CodeIgniter->handleRequest(null, Object(Config\Cache), false)
 7 SYSTEMPATH\Boot.php(417): CodeIgniter\CodeIgniter->run()
 8 SYSTEMPATH\Boot.php(68): CodeIgniter\Boot::runCodeIgniter(Object(CodeIgniter\CodeIgniter))
 9 FCPATH\index.php(59): CodeIgniter\Boot::bootWeb(Object(Config\Paths))
DEBUG - 2026-07-12 10:29:06 --> Session: Class initialized using 'CodeIgniter\Session\Handlers\FileHandler' driver.
DEBUG - 2026-07-12 10:30:02 --> Session: Class initialized using 'CodeIgniter\Session\Handlers\FileHandler' driver.
DEBUG - 2026-07-12 10:31:30 --> Session: Class initialized using 'CodeIgniter\Session\Handlers\FileHandler' driver.
DEBUG - 2026-07-12 10:33:01 --> Session: Class initialized using 'CodeIgniter\Session\Handlers\FileHandler' driver.
DEBUG - 2026-07-12 10:33:56 --> Session: Class initialized using 'CodeIgniter\Session\Handlers\FileHandler' driver.
DEBUG - 2026-07-12 10:33:59 --> Session: Class initialized using 'CodeIgniter\Session\Handlers\FileHandler' driver.
DEBUG - 2026-07-12 10:33:59 --> Session: Class initialized using 'CodeIgniter\Session\Handlers\FileHandler' driver.
DEBUG - 2026-07-12 10:34:12 --> Session: Class initialized using 'CodeIgniter\Session\Handlers\FileHandler' driver.
DEBUG - 2026-07-12 10:36:46 --> Session: Class initialized using 'CodeIgniter\Session\Handlers\FileHandler' driver.
DEBUG - 2026-07-12 10:38:04 --> Session: Class initialized using 'CodeIgniter\Session\Handlers\FileHandler' driver.
DEBUG - 2026-07-12 10:41:55 --> Session: Class initialized using 'CodeIgniter\Session\Handlers\FileHandler' driver.
CRITICAL - 2026-07-12 10:41:55 --> ErrorException: Undefined variable $k
[Method: GET, Route: setKriteria]
in APPPATH\Views\dataset\kriteria1.php on line 40.
 1 APPPATH\Views\dataset\kriteria1.php(40): CodeIgniter\Debug\Exceptions->errorHandler(2, 'Undefined variable $k', 'C:\\laragon\\www\\program_bltd\\app\\Views\\dataset\\kriteria1.php', 40)
 2 SYSTEMPATH\View\View.php(240): include('C:\\laragon\\www\\program_bltd\\app\\Views\\dataset\\kriteria1.php')
 3 SYSTEMPATH\View\View.php(243): CodeIgniter\View\View->CodeIgniter\View\{closure}()
 4 SYSTEMPATH\Common.php(1250): CodeIgniter\View\View->render('dataset/kriteria1', [], true)
 5 APPPATH\Views\dataset\tambah_training_view.php(162): view('dataset/kriteria1')
 6 SYSTEMPATH\View\View.php(240): include('C:\\laragon\\www\\program_bltd\\app\\Views\\dataset\\tambah_training_view.php')
 7 SYSTEMPATH\View\View.php(243): CodeIgniter\View\View->CodeIgniter\View\{closure}()
 8 SYSTEMPATH\Common.php(1250): CodeIgniter\View\View->render('dataset/tambah_training_view', [], true)
 9 APPPATH\Controllers\Training.php(64): view('dataset/tambah_training_view', [...])
10 SYSTEMPATH\CodeIgniter.php(951): App\Controllers\Training->tambahTraining()
11 SYSTEMPATH\CodeIgniter.php(497): CodeIgniter\CodeIgniter->runController(Object(App\Controllers\Training))
12 SYSTEMPATH\CodeIgniter.php(340): CodeIgniter\CodeIgniter->handleRequest(null, Object(Config\Cache), false)
13 SYSTEMPATH\Boot.php(417): CodeIgniter\CodeIgniter->run()
14 SYSTEMPATH\Boot.php(68): CodeIgniter\Boot::runCodeIgniter(Object(CodeIgniter\CodeIgniter))
15 FCPATH\index.php(59): CodeIgniter\Boot::bootWeb(Object(Config\Paths))
DEBUG - 2026-07-12 10:42:22 --> Session: Class initialized using 'CodeIgniter\Session\Handlers\FileHandler' driver.
DEBUG - 2026-07-12 10:43:52 --> Session: Class initialized using 'CodeIgniter\Session\Handlers\FileHandler' driver.
DEBUG - 2026-07-12 12:33:49 --> Session: Class initialized using 'CodeIgniter\Session\Handlers\FileHandler' driver.
DEBUG - 2026-07-12 12:38:52 --> Session: Class initialized using 'CodeIgniter\Session\Handlers\FileHandler' driver.
CRITICAL - 2026-07-12 12:38:52 --> ErrorException: Undefined variable $k
[Method: GET, Route: setKriteria]
in APPPATH\Views\dataset\kriteria1.php on line 18.
 1 APPPATH\Views\dataset\kriteria1.php(18): CodeIgniter\Debug\Exceptions->errorHandler(2, 'Undefined variable $k', 'C:\\laragon\\www\\program_bltd\\app\\Views\\dataset\\kriteria1.php', 18)
 2 SYSTEMPATH\View\View.php(240): include('C:\\laragon\\www\\program_bltd\\app\\Views\\dataset\\kriteria1.php')
 3 SYSTEMPATH\View\View.php(243): CodeIgniter\View\View->CodeIgniter\View\{closure}()
 4 SYSTEMPATH\Common.php(1250): CodeIgniter\View\View->render('dataset/kriteria1', [], true)
 5 APPPATH\Views\dataset\tambah_training_view.php(162): view('dataset/kriteria1')
 6 SYSTEMPATH\View\View.php(240): include('C:\\laragon\\www\\program_bltd\\app\\Views\\dataset\\tambah_training_view.php')
 7 SYSTEMPATH\View\View.php(243): CodeIgniter\View\View->CodeIgniter\View\{closure}()
 8 SYSTEMPATH\Common.php(1250): CodeIgniter\View\View->render('dataset/tambah_training_view', [], true)
 9 APPPATH\Controllers\Training.php(64): view('dataset/tambah_training_view', [...])
10 SYSTEMPATH\CodeIgniter.php(951): App\Controllers\Training->tambahTraining()
11 SYSTEMPATH\CodeIgniter.php(497): CodeIgniter\CodeIgniter->runController(Object(App\Controllers\Training))
12 SYSTEMPATH\CodeIgniter.php(340): CodeIgniter\CodeIgniter->handleRequest(null, Object(Config\Cache), false)
13 SYSTEMPATH\Boot.php(417): CodeIgniter\CodeIgniter->run()
14 SYSTEMPATH\Boot.php(68): CodeIgniter\Boot::runCodeIgniter(Object(CodeIgniter\CodeIgniter))
15 FCPATH\index.php(59): CodeIgniter\Boot::bootWeb(Object(Config\Paths))
DEBUG - 2026-07-12 12:40:12 --> Session: Class initialized using 'CodeIgniter\Session\Handlers\FileHandler' driver.
DEBUG - 2026-07-12 12:45:23 --> Session: Class initialized using 'CodeIgniter\Session\Handlers\FileHandler' driver.
DEBUG - 2026-07-12 12:46:10 --> Session: Class initialized using 'CodeIgniter\Session\Handlers\FileHandler' driver.
DEBUG - 2026-07-12 12:48:08 --> Session: Class initialized using 'CodeIgniter\Session\Handlers\FileHandler' driver.
DEBUG - 2026-07-12 12:48:56 --> Session: Class initialized using 'CodeIgniter\Session\Handlers\FileHandler' driver.
CRITICAL - 2026-07-12 12:48:56 --> CodeIgniter\Exceptions\BadMethodCallException: Call to undefined method App\Models\KriteriaModel::getMilikKendaraan
[Method: GET, Route: setKriteria]
in SYSTEMPATH\Model.php on line 761.
 1 APPPATH\Controllers\Training.php(56): CodeIgniter\Model->__call('getMilikKendaraan', [])
 2 SYSTEMPATH\CodeIgniter.php(951): App\Controllers\Training->tambahTraining()
 3 SYSTEMPATH\CodeIgniter.php(497): CodeIgniter\CodeIgniter->runController(Object(App\Controllers\Training))
 4 SYSTEMPATH\CodeIgniter.php(340): CodeIgniter\CodeIgniter->handleRequest(null, Object(Config\Cache), false)
 5 SYSTEMPATH\Boot.php(417): CodeIgniter\CodeIgniter->run()
 6 SYSTEMPATH\Boot.php(68): CodeIgniter\Boot::runCodeIgniter(Object(CodeIgniter\CodeIgniter))
 7 FCPATH\index.php(59): CodeIgniter\Boot::bootWeb(Object(Config\Paths))
DEBUG - 2026-07-12 12:49:10 --> Session: Class initialized using 'CodeIgniter\Session\Handlers\FileHandler' driver.
CRITICAL - 2026-07-12 12:49:11 --> CodeIgniter\Exceptions\BadMethodCallException: Call to undefined method App\Models\KriteriaModel::getMilikKendaraan
[Method: GET, Route: setKriteria]
in SYSTEMPATH\Model.php on line 761.
 1 APPPATH\Controllers\Training.php(56): CodeIgniter\Model->__call('getMilikKendaraan', [])
 2 SYSTEMPATH\CodeIgniter.php(951): App\Controllers\Training->tambahTraining()
 3 SYSTEMPATH\CodeIgniter.php(497): CodeIgniter\CodeIgniter->runController(Object(App\Controllers\Training))
 4 SYSTEMPATH\CodeIgniter.php(340): CodeIgniter\CodeIgniter->handleRequest(null, Object(Config\Cache), false)
 5 SYSTEMPATH\Boot.php(417): CodeIgniter\CodeIgniter->run()
 6 SYSTEMPATH\Boot.php(68): CodeIgniter\Boot::runCodeIgniter(Object(CodeIgniter\CodeIgniter))
 7 FCPATH\index.php(59): CodeIgniter\Boot::bootWeb(Object(Config\Paths))
DEBUG - 2026-07-12 12:50:04 --> Session: Class initialized using 'CodeIgniter\Session\Handlers\FileHandler' driver.
DEBUG - 2026-07-12 12:50:44 --> Session: Class initialized using 'CodeIgniter\Session\Handlers\FileHandler' driver.
DEBUG - 2026-07-12 12:54:04 --> Session: Class initialized using 'CodeIgniter\Session\Handlers\FileHandler' driver.
DEBUG - 2026-07-12 12:55:44 --> Session: Class initialized using 'CodeIgniter\Session\Handlers\FileHandler' driver.
DEBUG - 2026-07-12 12:57:04 --> Session: Class initialized using 'CodeIgniter\Session\Handlers\FileHandler' driver.
DEBUG - 2026-07-12 12:57:52 --> Session: Class initialized using 'CodeIgniter\Session\Handlers\FileHandler' driver.
DEBUG - 2026-07-12 12:58:39 --> Session: Class initialized using 'CodeIgniter\Session\Handlers\FileHandler' driver.
DEBUG - 2026-07-12 12:59:29 --> Session: Class initialized using 'CodeIgniter\Session\Handlers\FileHandler' driver.
DEBUG - 2026-07-12 13:00:24 --> Session: Class initialized using 'CodeIgniter\Session\Handlers\FileHandler' driver.
DEBUG - 2026-07-12 13:00:58 --> Session: Class initialized using 'CodeIgniter\Session\Handlers\FileHandler' driver.
DEBUG - 2026-07-12 13:01:30 --> Session: Class initialized using 'CodeIgniter\Session\Handlers\FileHandler' driver.
DEBUG - 2026-07-12 13:03:54 --> Session: Class initialized using 'CodeIgniter\Session\Handlers\FileHandler' driver.
DEBUG - 2026-07-12 13:05:50 --> Session: Class initialized using 'CodeIgniter\Session\Handlers\FileHandler' driver.
DEBUG - 2026-07-12 13:08:33 --> Session: Class initialized using 'CodeIgniter\Session\Handlers\FileHandler' driver.
CRITICAL - 2026-07-12 13:08:33 --> ErrorException: Undefined array key "id_kk"
[Method: GET, Route: setKriteria]
in APPPATH\Views\dataset\tambah_training_view.php on line 146.
 1 APPPATH\Views\dataset\tambah_training_view.php(146): CodeIgniter\Debug\Exceptions->errorHandler(2, 'Undefined array key "id_kk"', 'C:\\laragon\\www\\program_bltd\\app\\Views\\dataset\\tambah_training_view.php', 146)
 2 SYSTEMPATH\View\View.php(240): include('C:\\laragon\\www\\program_bltd\\app\\Views\\dataset\\tambah_training_view.php')
 3 SYSTEMPATH\View\View.php(243): CodeIgniter\View\View->CodeIgniter\View\{closure}()
 4 SYSTEMPATH\Common.php(1250): CodeIgniter\View\View->render('dataset/tambah_training_view', [], true)
 5 APPPATH\Controllers\Training.php(66): view('dataset/tambah_training_view', [...])
 6 SYSTEMPATH\CodeIgniter.php(951): App\Controllers\Training->tambahTraining()
 7 SYSTEMPATH\CodeIgniter.php(497): CodeIgniter\CodeIgniter->runController(Object(App\Controllers\Training))
 8 SYSTEMPATH\CodeIgniter.php(340): CodeIgniter\CodeIgniter->handleRequest(null, Object(Config\Cache), false)
 9 SYSTEMPATH\Boot.php(417): CodeIgniter\CodeIgniter->run()
10 SYSTEMPATH\Boot.php(68): CodeIgniter\Boot::runCodeIgniter(Object(CodeIgniter\CodeIgniter))
11 FCPATH\index.php(59): CodeIgniter\Boot::bootWeb(Object(Config\Paths))
DEBUG - 2026-07-12 13:09:38 --> Session: Class initialized using 'CodeIgniter\Session\Handlers\FileHandler' driver.
DEBUG - 2026-07-12 13:26:05 --> Session: Class initialized using 'CodeIgniter\Session\Handlers\FileHandler' driver.
DEBUG - 2026-07-12 13:26:44 --> Session: Class initialized using 'CodeIgniter\Session\Handlers\FileHandler' driver.
CRITICAL - 2026-07-12 13:26:44 --> Error: Class "App\Controllers\DatasetModel" not found
[Method: POST, Route: training/simpanSetKriteria]
in APPPATH\Controllers\Training.php on line 190.
 1 SYSTEMPATH\CodeIgniter.php(951): App\Controllers\Training->simpanSetKriteria()
 2 SYSTEMPATH\CodeIgniter.php(497): CodeIgniter\CodeIgniter->runController(Object(App\Controllers\Training))
 3 SYSTEMPATH\CodeIgniter.php(340): CodeIgniter\CodeIgniter->handleRequest(null, Object(Config\Cache), false)
 4 SYSTEMPATH\Boot.php(417): CodeIgniter\CodeIgniter->run()
 5 SYSTEMPATH\Boot.php(68): CodeIgniter\Boot::runCodeIgniter(Object(CodeIgniter\CodeIgniter))
 6 FCPATH\index.php(59): CodeIgniter\Boot::bootWeb(Object(Config\Paths))
DEBUG - 2026-07-12 13:27:18 --> Session: Class initialized using 'CodeIgniter\Session\Handlers\FileHandler' driver.
CRITICAL - 2026-07-12 13:27:18 --> ErrorException: Undefined variable $TrainingModel
[Method: POST, Route: training/simpanSetKriteria]
in APPPATH\Controllers\Training.php on line 211.
 1 APPPATH\Controllers\Training.php(211): CodeIgniter\Debug\Exceptions->errorHandler(2, 'Undefined variable $TrainingModel', 'C:\\laragon\\www\\program_bltd\\app\\Controllers\\Training.php', 211)
 2 SYSTEMPATH\CodeIgniter.php(951): App\Controllers\Training->simpanSetKriteria()
 3 SYSTEMPATH\CodeIgniter.php(497): CodeIgniter\CodeIgniter->runController(Object(App\Controllers\Training))
 4 SYSTEMPATH\CodeIgniter.php(340): CodeIgniter\CodeIgniter->handleRequest(null, Object(Config\Cache), false)
 5 SYSTEMPATH\Boot.php(417): CodeIgniter\CodeIgniter->run()
 6 SYSTEMPATH\Boot.php(68): CodeIgniter\Boot::runCodeIgniter(Object(CodeIgniter\CodeIgniter))
 7 FCPATH\index.php(59): CodeIgniter\Boot::bootWeb(Object(Config\Paths))
DEBUG - 2026-07-12 13:27:47 --> Session: Class initialized using 'CodeIgniter\Session\Handlers\FileHandler' driver.
DEBUG - 2026-07-12 13:27:48 --> Session: Class initialized using 'CodeIgniter\Session\Handlers\FileHandler' driver.
DEBUG - 2026-07-12 13:27:55 --> Session: Class initialized using 'CodeIgniter\Session\Handlers\FileHandler' driver.
DEBUG - 2026-07-12 13:27:57 --> Session: Class initialized using 'CodeIgniter\Session\Handlers\FileHandler' driver.
DEBUG - 2026-07-12 13:29:42 --> Session: Class initialized using 'CodeIgniter\Session\Handlers\FileHandler' driver.
DEBUG - 2026-07-12 13:29:44 --> Session: Class initialized using 'CodeIgniter\Session\Handlers\FileHandler' driver.
DEBUG - 2026-07-12 13:29:48 --> Session: Class initialized using 'CodeIgniter\Session\Handlers\FileHandler' driver.
DEBUG - 2026-07-12 13:29:50 --> Session: Class initialized using 'CodeIgniter\Session\Handlers\FileHandler' driver.
DEBUG - 2026-07-12 13:29:54 --> Session: Class initialized using 'CodeIgniter\Session\Handlers\FileHandler' driver.
DEBUG - 2026-07-12 13:29:55 --> Session: Class initialized using 'CodeIgniter\Session\Handlers\FileHandler' driver.
DEBUG - 2026-07-12 13:30:05 --> Session: Class initialized using 'CodeIgniter\Session\Handlers\FileHandler' driver.
DEBUG - 2026-07-12 13:33:19 --> Session: Class initialized using 'CodeIgniter\Session\Handlers\FileHandler' driver.
CRITICAL - 2026-07-12 13:33:19 --> ErrorException: Undefined variable $index
[Method: GET, Route: setKriteria]
in APPPATH\Views\dataset\tambah_training_view.php on line 178.
 1 APPPATH\Views\dataset\tambah_training_view.php(178): CodeIgniter\Debug\Exceptions->errorHandler(2, 'Undefined variable $index', 'C:\\laragon\\www\\program_bltd\\app\\Views\\dataset\\tambah_training_view.php', 178)
 2 SYSTEMPATH\View\View.php(240): include('C:\\laragon\\www\\program_bltd\\app\\Views\\dataset\\tambah_training_view.php')
 3 SYSTEMPATH\View\View.php(243): CodeIgniter\View\View->CodeIgniter\View\{closure}()
 4 SYSTEMPATH\Common.php(1250): CodeIgniter\View\View->render('dataset/tambah_training_view', [], true)
 5 APPPATH\Controllers\Training.php(66): view('dataset/tambah_training_view', [...])
 6 SYSTEMPATH\CodeIgniter.php(951): App\Controllers\Training->tambahTraining()
 7 SYSTEMPATH\CodeIgniter.php(497): CodeIgniter\CodeIgniter->runController(Object(App\Controllers\Training))
 8 SYSTEMPATH\CodeIgniter.php(340): CodeIgniter\CodeIgniter->handleRequest(null, Object(Config\Cache), false)
 9 SYSTEMPATH\Boot.php(417): CodeIgniter\CodeIgniter->run()
10 SYSTEMPATH\Boot.php(68): CodeIgniter\Boot::runCodeIgniter(Object(CodeIgniter\CodeIgniter))
11 FCPATH\index.php(59): CodeIgniter\Boot::bootWeb(Object(Config\Paths))
DEBUG - 2026-07-12 13:35:51 --> Session: Class initialized using 'CodeIgniter\Session\Handlers\FileHandler' driver.
CRITICAL - 2026-07-12 13:35:51 --> ParseError: syntax error, unexpected variable "$n", expecting "->" or "?->" or "{" or "["
[Method: GET, Route: setKriteria]
in APPPATH\Views\dataset\tambah_training_view.php on line 168.
 1 SYSTEMPATH\View\View.php(243): CodeIgniter\View\View->CodeIgniter\View\{closure}()
 2 SYSTEMPATH\Common.php(1250): CodeIgniter\View\View->render('dataset/tambah_training_view', [], true)
 3 APPPATH\Controllers\Training.php(66): view('dataset/tambah_training_view', [...])
 4 SYSTEMPATH\CodeIgniter.php(951): App\Controllers\Training->tambahTraining()
 5 SYSTEMPATH\CodeIgniter.php(497): CodeIgniter\CodeIgniter->runController(Object(App\Controllers\Training))
 6 SYSTEMPATH\CodeIgniter.php(340): CodeIgniter\CodeIgniter->handleRequest(null, Object(Config\Cache), false)
 7 SYSTEMPATH\Boot.php(417): CodeIgniter\CodeIgniter->run()
 8 SYSTEMPATH\Boot.php(68): CodeIgniter\Boot::runCodeIgniter(Object(CodeIgniter\CodeIgniter))
 9 FCPATH\index.php(59): CodeIgniter\Boot::bootWeb(Object(Config\Paths))
DEBUG - 2026-07-12 13:36:12 --> Session: Class initialized using 'CodeIgniter\Session\Handlers\FileHandler' driver.
DEBUG - 2026-07-12 13:37:08 --> Session: Class initialized using 'CodeIgniter\Session\Handlers\FileHandler' driver.
DEBUG - 2026-07-12 13:37:09 --> Session: Class initialized using 'CodeIgniter\Session\Handlers\FileHandler' driver.
DEBUG - 2026-07-12 13:37:16 --> Session: Class initialized using 'CodeIgniter\Session\Handlers\FileHandler' driver.
DEBUG - 2026-07-12 13:37:18 --> Session: Class initialized using 'CodeIgniter\Session\Handlers\FileHandler' driver.
DEBUG - 2026-07-12 13:37:20 --> Session: Class initialized using 'CodeIgniter\Session\Handlers\FileHandler' driver.
DEBUG - 2026-07-12 13:38:04 --> Session: Class initialized using 'CodeIgniter\Session\Handlers\FileHandler' driver.
DEBUG - 2026-07-12 13:39:31 --> Session: Class initialized using 'CodeIgniter\Session\Handlers\FileHandler' driver.
DEBUG - 2026-07-12 13:39:46 --> Session: Class initialized using 'CodeIgniter\Session\Handlers\FileHandler' driver.
DEBUG - 2026-07-12 13:40:32 --> Session: Class initialized using 'CodeIgniter\Session\Handlers\FileHandler' driver.
CRITICAL - 2026-07-12 13:40:32 --> ErrorException: Undefined array key "C1"
[Method: POST, Route: training/simpanSetKriteria]
in APPPATH\Controllers\Training.php on line 217.
 1 APPPATH\Controllers\Training.php(217): CodeIgniter\Debug\Exceptions->errorHandler(2, 'Undefined array key "C1"', 'C:\\laragon\\www\\program_bltd\\app\\Controllers\\Training.php', 217)
 2 SYSTEMPATH\CodeIgniter.php(951): App\Controllers\Training->simpanSetKriteria()
 3 SYSTEMPATH\CodeIgniter.php(497): CodeIgniter\CodeIgniter->runController(Object(App\Controllers\Training))
 4 SYSTEMPATH\CodeIgniter.php(340): CodeIgniter\CodeIgniter->handleRequest(null, Object(Config\Cache), false)
 5 SYSTEMPATH\Boot.php(417): CodeIgniter\CodeIgniter->run()
 6 SYSTEMPATH\Boot.php(68): CodeIgniter\Boot::runCodeIgniter(Object(CodeIgniter\CodeIgniter))
 7 FCPATH\index.php(59): CodeIgniter\Boot::bootWeb(Object(Config\Paths))
DEBUG - 2026-07-12 13:41:17 --> Session: Class initialized using 'CodeIgniter\Session\Handlers\FileHandler' driver.
CRITICAL - 2026-07-12 13:41:17 --> ArgumentCountError: Too few arguments to function CodeIgniter\HTTP\RedirectResponse::with(), 1 passed in C:\laragon\www\program_bltd\app\Controllers\Training.php on line 217 and exactly 2 expected
[Method: POST, Route: training/simpanSetKriteria]
in SYSTEMPATH\HTTP\RedirectResponse.php on line 132.
 1 APPPATH\Controllers\Training.php(217): CodeIgniter\HTTP\RedirectResponse->with('Tidak Memiliki Kendaraan')
 2 SYSTEMPATH\CodeIgniter.php(951): App\Controllers\Training->simpanSetKriteria()
 3 SYSTEMPATH\CodeIgniter.php(497): CodeIgniter\CodeIgniter->runController(Object(App\Controllers\Training))
 4 SYSTEMPATH\CodeIgniter.php(340): CodeIgniter\CodeIgniter->handleRequest(null, Object(Config\Cache), false)
 5 SYSTEMPATH\Boot.php(417): CodeIgniter\CodeIgniter->run()
 6 SYSTEMPATH\Boot.php(68): CodeIgniter\Boot::runCodeIgniter(Object(CodeIgniter\CodeIgniter))
 7 FCPATH\index.php(59): CodeIgniter\Boot::bootWeb(Object(Config\Paths))
DEBUG - 2026-07-12 13:41:29 --> Session: Class initialized using 'CodeIgniter\Session\Handlers\FileHandler' driver.
CRITICAL - 2026-07-12 13:41:29 --> ArgumentCountError: Too few arguments to function CodeIgniter\HTTP\RedirectResponse::with(), 1 passed in C:\laragon\www\program_bltd\app\Controllers\Training.php on line 217 and exactly 2 expected
[Method: POST, Route: training/simpanSetKriteria]
in SYSTEMPATH\HTTP\RedirectResponse.php on line 132.
 1 APPPATH\Controllers\Training.php(217): CodeIgniter\HTTP\RedirectResponse->with('Tidak Memiliki Kendaraan')
 2 SYSTEMPATH\CodeIgniter.php(951): App\Controllers\Training->simpanSetKriteria()
 3 SYSTEMPATH\CodeIgniter.php(497): CodeIgniter\CodeIgniter->runController(Object(App\Controllers\Training))
 4 SYSTEMPATH\CodeIgniter.php(340): CodeIgniter\CodeIgniter->handleRequest(null, Object(Config\Cache), false)
 5 SYSTEMPATH\Boot.php(417): CodeIgniter\CodeIgniter->run()
 6 SYSTEMPATH\Boot.php(68): CodeIgniter\Boot::runCodeIgniter(Object(CodeIgniter\CodeIgniter))
 7 FCPATH\index.php(59): CodeIgniter\Boot::bootWeb(Object(Config\Paths))
DEBUG - 2026-07-12 13:41:40 --> Session: Class initialized using 'CodeIgniter\Session\Handlers\FileHandler' driver.
CRITICAL - 2026-07-12 13:41:40 --> ArgumentCountError: Too few arguments to function CodeIgniter\HTTP\RedirectResponse::with(), 1 passed in C:\laragon\www\program_bltd\app\Controllers\Training.php on line 217 and exactly 2 expected
[Method: POST, Route: training/simpanSetKriteria]
in SYSTEMPATH\HTTP\RedirectResponse.php on line 132.
 1 APPPATH\Controllers\Training.php(217): CodeIgniter\HTTP\RedirectResponse->with('Tidak Memiliki Kendaraan')
 2 SYSTEMPATH\CodeIgniter.php(951): App\Controllers\Training->simpanSetKriteria()
 3 SYSTEMPATH\CodeIgniter.php(497): CodeIgniter\CodeIgniter->runController(Object(App\Controllers\Training))
 4 SYSTEMPATH\CodeIgniter.php(340): CodeIgniter\CodeIgniter->handleRequest(null, Object(Config\Cache), false)
 5 SYSTEMPATH\Boot.php(417): CodeIgniter\CodeIgniter->run()
 6 SYSTEMPATH\Boot.php(68): CodeIgniter\Boot::runCodeIgniter(Object(CodeIgniter\CodeIgniter))
 7 FCPATH\index.php(59): CodeIgniter\Boot::bootWeb(Object(Config\Paths))
DEBUG - 2026-07-12 13:42:09 --> Session: Class initialized using 'CodeIgniter\Session\Handlers\FileHandler' driver.
CRITICAL - 2026-07-12 13:42:09 --> ArgumentCountError: Too few arguments to function CodeIgniter\HTTP\RedirectResponse::with(), 1 passed in C:\laragon\www\program_bltd\app\Controllers\Training.php on line 217 and exactly 2 expected
[Method: POST, Route: training/simpanSetKriteria]
in SYSTEMPATH\HTTP\RedirectResponse.php on line 132.
 1 APPPATH\Controllers\Training.php(217): CodeIgniter\HTTP\RedirectResponse->with('Tidak Memiliki Kendaraan')
 2 SYSTEMPATH\CodeIgniter.php(951): App\Controllers\Training->simpanSetKriteria()
 3 SYSTEMPATH\CodeIgniter.php(497): CodeIgniter\CodeIgniter->runController(Object(App\Controllers\Training))
 4 SYSTEMPATH\CodeIgniter.php(340): CodeIgniter\CodeIgniter->handleRequest(null, Object(Config\Cache), false)
 5 SYSTEMPATH\Boot.php(417): CodeIgniter\CodeIgniter->run()
 6 SYSTEMPATH\Boot.php(68): CodeIgniter\Boot::runCodeIgniter(Object(CodeIgniter\CodeIgniter))
 7 FCPATH\index.php(59): CodeIgniter\Boot::bootWeb(Object(Config\Paths))
DEBUG - 2026-07-12 13:42:40 --> Session: Class initialized using 'CodeIgniter\Session\Handlers\FileHandler' driver.
DEBUG - 2026-07-12 13:43:15 --> Session: Class initialized using 'CodeIgniter\Session\Handlers\FileHandler' driver.
CRITICAL - 2026-07-12 13:43:15 --> ArgumentCountError: Too few arguments to function CodeIgniter\HTTP\RedirectResponse::with(), 1 passed in C:\laragon\www\program_bltd\app\Controllers\Training.php on line 217 and exactly 2 expected
[Method: POST, Route: training/simpanSetKriteria]
in SYSTEMPATH\HTTP\RedirectResponse.php on line 132.
 1 APPPATH\Controllers\Training.php(217): CodeIgniter\HTTP\RedirectResponse->with('Layak')
 2 SYSTEMPATH\CodeIgniter.php(951): App\Controllers\Training->simpanSetKriteria()
 3 SYSTEMPATH\CodeIgniter.php(497): CodeIgniter\CodeIgniter->runController(Object(App\Controllers\Training))
 4 SYSTEMPATH\CodeIgniter.php(340): CodeIgniter\CodeIgniter->handleRequest(null, Object(Config\Cache), false)
 5 SYSTEMPATH\Boot.php(417): CodeIgniter\CodeIgniter->run()
 6 SYSTEMPATH\Boot.php(68): CodeIgniter\Boot::runCodeIgniter(Object(CodeIgniter\CodeIgniter))
 7 FCPATH\index.php(59): CodeIgniter\Boot::bootWeb(Object(Config\Paths))
DEBUG - 2026-07-12 13:44:43 --> Session: Class initialized using 'CodeIgniter\Session\Handlers\FileHandler' driver.
CRITICAL - 2026-07-12 13:44:43 --> ArgumentCountError: Too few arguments to function CodeIgniter\HTTP\RedirectResponse::with(), 1 passed in C:\laragon\www\program_bltd\app\Controllers\Training.php on line 218 and exactly 2 expected
[Method: POST, Route: training/simpanSetKriteria]
in SYSTEMPATH\HTTP\RedirectResponse.php on line 132.
 1 APPPATH\Controllers\Training.php(218): CodeIgniter\HTTP\RedirectResponse->with('Layak')
 2 SYSTEMPATH\CodeIgniter.php(951): App\Controllers\Training->simpanSetKriteria()
 3 SYSTEMPATH\CodeIgniter.php(497): CodeIgniter\CodeIgniter->runController(Object(App\Controllers\Training))
 4 SYSTEMPATH\CodeIgniter.php(340): CodeIgniter\CodeIgniter->handleRequest(null, Object(Config\Cache), false)
 5 SYSTEMPATH\Boot.php(417): CodeIgniter\CodeIgniter->run()
 6 SYSTEMPATH\Boot.php(68): CodeIgniter\Boot::runCodeIgniter(Object(CodeIgniter\CodeIgniter))
 7 FCPATH\index.php(59): CodeIgniter\Boot::bootWeb(Object(Config\Paths))
DEBUG - 2026-07-12 13:44:45 --> Session: Class initialized using 'CodeIgniter\Session\Handlers\FileHandler' driver.
DEBUG - 2026-07-12 13:45:15 --> Session: Class initialized using 'CodeIgniter\Session\Handlers\FileHandler' driver.
DEBUG - 2026-07-12 13:45:47 --> Session: Class initialized using 'CodeIgniter\Session\Handlers\FileHandler' driver.
DEBUG - 2026-07-12 13:45:48 --> Session: Class initialized using 'CodeIgniter\Session\Handlers\FileHandler' driver.
DEBUG - 2026-07-12 13:45:50 --> Session: Class initialized using 'CodeIgniter\Session\Handlers\FileHandler' driver.
DEBUG - 2026-07-12 13:45:53 --> Session: Class initialized using 'CodeIgniter\Session\Handlers\FileHandler' driver.
DEBUG - 2026-07-12 13:46:11 --> Session: Class initialized using 'CodeIgniter\Session\Handlers\FileHandler' driver.
DEBUG - 2026-07-12 13:46:37 --> Session: Class initialized using 'CodeIgniter\Session\Handlers\FileHandler' driver.
DEBUG - 2026-07-12 13:46:38 --> Session: Class initialized using 'CodeIgniter\Session\Handlers\FileHandler' driver.
DEBUG - 2026-07-12 13:46:40 --> Session: Class initialized using 'CodeIgniter\Session\Handlers\FileHandler' driver.
DEBUG - 2026-07-12 13:47:22 --> Session: Class initialized using 'CodeIgniter\Session\Handlers\FileHandler' driver.
DEBUG - 2026-07-12 13:47:24 --> Session: Class initialized using 'CodeIgniter\Session\Handlers\FileHandler' driver.
DEBUG - 2026-07-12 13:47:25 --> Session: Class initialized using 'CodeIgniter\Session\Handlers\FileHandler' driver.
DEBUG - 2026-07-12 13:47:54 --> Session: Class initialized using 'CodeIgniter\Session\Handlers\FileHandler' driver.
DEBUG - 2026-07-12 13:47:55 --> Session: Class initialized using 'CodeIgniter\Session\Handlers\FileHandler' driver.
DEBUG - 2026-07-12 13:47:57 --> Session: Class initialized using 'CodeIgniter\Session\Handlers\FileHandler' driver.
DEBUG - 2026-07-12 13:48:14 --> Session: Class initialized using 'CodeIgniter\Session\Handlers\FileHandler' driver.
DEBUG - 2026-07-12 13:48:16 --> Session: Class initialized using 'CodeIgniter\Session\Handlers\FileHandler' driver.
DEBUG - 2026-07-12 13:48:18 --> Session: Class initialized using 'CodeIgniter\Session\Handlers\FileHandler' driver.
DEBUG - 2026-07-12 13:48:45 --> Session: Class initialized using 'CodeIgniter\Session\Handlers\FileHandler' driver.
DEBUG - 2026-07-12 13:48:46 --> Session: Class initialized using 'CodeIgniter\Session\Handlers\FileHandler' driver.
DEBUG - 2026-07-12 13:48:47 --> Session: Class initialized using 'CodeIgniter\Session\Handlers\FileHandler' driver.
DEBUG - 2026-07-12 13:49:35 --> Session: Class initialized using 'CodeIgniter\Session\Handlers\FileHandler' driver.
DEBUG - 2026-07-12 13:49:37 --> Session: Class initialized using 'CodeIgniter\Session\Handlers\FileHandler' driver.
DEBUG - 2026-07-12 13:49:42 --> Session: Class initialized using 'CodeIgniter\Session\Handlers\FileHandler' driver.
DEBUG - 2026-07-12 13:51:53 --> Session: Class initialized using 'CodeIgniter\Session\Handlers\FileHandler' driver.
DEBUG - 2026-07-12 13:52:08 --> Session: Class initialized using 'CodeIgniter\Session\Handlers\FileHandler' driver.
DEBUG - 2026-07-12 13:52:38 --> Session: Class initialized using 'CodeIgniter\Session\Handlers\FileHandler' driver.
DEBUG - 2026-07-12 13:54:16 --> Session: Class initialized using 'CodeIgniter\Session\Handlers\FileHandler' driver.
DEBUG - 2026-07-12 13:56:20 --> Session: Class initialized using 'CodeIgniter\Session\Handlers\FileHandler' driver.
DEBUG - 2026-07-12 13:56:43 --> Session: Class initialized using 'CodeIgniter\Session\Handlers\FileHandler' driver.
DEBUG - 2026-07-12 13:56:45 --> Session: Class initialized using 'CodeIgniter\Session\Handlers\FileHandler' driver.
